Consumption_kWh,Voltage,Frequency,Peak_Hours_Usage,Theft_Label
0.3746386134092265,0.3937983519813537,0.37361481063685176,0.4995814659438518,0
0.9509822237862708,0.47364221655126126,0.3328717223705482,0.7467389703615702,0
0.7321975449221149,0.8549627757108089,0.17605824614061305,0.5625986490432054,0
0.5988228802953739,0.3401378312652126,0.6073230679069823,0.08307734705783268,0
0.15605287922072453,0.8700733424296088,0.47663447745907206,0.18538852069973635,0
0.15602875202202388,0.0881298672402222,0.8658485463280385,0.21914752833168624,0
0.058089053356304446,0.7771712181646491,0.03196310610942277,0.25769622756563726,1
0.8664192048820101,0.847959180133727,0.6439372355323911,0.5653361572207678,0
0.601280130178332,0.18186442163200844,0.7630601892952384,0.5038784098378537,0
0.7082691468797103,0.4305294794087642,0.7595966587295706,0.20297408379723134,0
0.020578908946745522,0.16553760228430558,0.8862287071533217,0.06732444631575617,0
0.9701834139484204,0.706938447870896,0.7291330909032112,0.17123585158507124,0
0.8326757806409296,0.5355882491912363,0.9279795230617296,0.9844513916312915,0
0.21238991037301408,0.635618608185994,0.3326161358401052,0.4684479718125222,0
0.18186679428178676,0.19654177361517444,0.5032291109815858,0.8673772269804958,0
0.18344680138933062,0.2118090296290811,0.013926829311046163,0.8487780953573035,1
0.3043200665780607,0.04146720756403788,0.00680224119850692,0.5114346631128931,0
0.5248990969866223,0.32219115213151195,0.24005351885085702,0.7066667775508626,1
0.4320603929946729,0.5599985104309511,0.10068495412058809,0.19256264477035628,0
0.2913031373409214,0.8583521526549376,0.2601453507239384,0.6883697794145909,0
0.612021170609529,0.6672400260018181,0.1769479418732658,0.27222131200346955,0
0.13952324035340252,0.43558203740514756,0.02837228434066219,0.8320822554236853,0
0.292218914881409,0.9535895085729402,0.9094670803245464,0.08349903521164817,0
0.36645793305073815,0.7195864459670727,0.008068231672908155,0.7731395202845786,0
0.45619245246525064,0.9306220191892303,0.736183978556916,0.09971712216519363,0
0.785395202565324,0.5278242025207813,0.1520437530363381,0.8812254962487115,0
0.19972085763974234,0.25899328222289686,0.912393587805937,0.30405167938388233,0
0.5143740097979023,0.05280277619818907,0.8929530506541923,0.6543552952324876,0
0.5925771289501379,0.7264298445749091,0.653973993311773,0.4874095129666385,0
0.04645243319014172,0.12131660856394966,0.6723134632483649,0.3661706584067941,0
0.6077118610176088,0.3028881741784941,0.005183224999072422,0.6454008298548944,0
0.17056262777258208,0.5327098126744927,0.9850611545362469,0.94758097979727,0
0.06505908309356669,0.5646729967997599,0.8779844367001814,0.04103073568787398,0
0.9491529168839437,0.6008594230411548,0.8952641516896449,0.9189014589248982,0
0.965904336977232,0.16629357196748895,0.6593192687398854,0.6090287351882417,0
0.8086234174889584,0.37989262122977685,0.3447507433417414,0.8073263487188665,0
0.3046917020383996,0.6174795549738965,0.893806060926579,0.3837482254758541,0
0.09768919611063485,0.9702974086806195,0.2914619531873157,0.471745077081539,0
0.6844225856256394,0.7279769780586305,0.5627522254488468,0.8688829674017537,1
0.4402702814830406,0.923056430222502,0.0996083497141953,0.41473139279392635,0
0.12206248175588817,0.762576846849206,0.9221230265435096,0.5345822561907986,0
0.495310877669232,0.5919883368093837,0.140662310786432,0.01994900443936244,0
0.0343869948113696,0.19207573002359357,0.22481833219616476,0.15839744673188882,0
0.9095761476641648,0.6669980979468422,0.5581732256774998,0.6416442738945686,0
0.25884443713569466,0.623668282994668,0.7642047145567759,0.716959342283068,0
0.6627054594691518,0.6027464299064871,0.6194119662927378,0.5825393382926771,1
0.3117910959026909,0.49000138405355464,0.23205799197317134,0.14310446676625663,0
0.5202093079149094,0.5288934187805143,0.0007855749435137227,0.4452988663116789,0
0.5468594001806559,0.3345729247734832,0.7572598458874609,0.3549586061292227,0
0.18489717341491546,0.5195443875560377,0.9853970327645527,0.49557125239301536,1
0.969858093919431,0.19761129804883293,0.8100409965432789,0.8703617346397303,0
0.7753491113696971,0.8055627265632355,0.4602111442324741,0.7758631784036819,0
0.9397635610859738,0.18582589294252916,0.903928242320859,0.08376449046237913,0
0.8950788343615133,0.08495999021034084,0.40983443634462446,0.8903484460596416,0
0.5980641518725006,0.43643220594649357,0.5249614413028354,0.4716692285436702,0
0.9221336720368142,0.6586152948253616,0.4771402626862198,0.7438533973414456,1
0.0885068849104791,0.43790381042827065,0.4476239604947949,0.1398325897976116,0
0.19602885259329994,0.27685291998350614,0.7753063980962551,0.6706868067638255,0
0.04522894972368467,0.5584241708207429,0.5267969115164703,0.2361509326957644,1
0.32541435528988955,0.3471396150549557,0.3166710357950677,0.43827203268973725,0
0.38877994125685705,0.9333259872468744,0.258091426231978,0.016615859406635153,0
0.2714171832124827,0.9230978354071357,0.03760283116435659,0.15140778881907466,0
0.8289695595062272,0.5025942323498906,0.5832430690702566,0.09185813389827857,0
0.3568465910864306,0.3280107980087523,0.22988472828031092,0.2395702082738125,0
0.28100547971569506,0.7374834604191909,0.14802837230818255,0.09979833222755888,1
0.5428440236296342,0.03668020399585359,0.6539027856623534,0.6918842525458434,0
0.14095402527176004,0.47497629381025863,0.6812917370126286,0.028796882373769386,0
0.8024212269214852,0.33645482252297043,0.7522623957345402,0.6176904185992711,0
0.07456092696404264,0.9209874251669126,0.5035967201878009,0.1405014084823326,0
0.9871654904631062,0.01195674830083071,0.8942121602307864,0.9452186824699893,0
0.7724602080789843,0.553064927727644,0.9365152245043831,0.933147343497438,0
0.19876247528807084,0.7410165623873306,0.8074979193395251,0.22532447055884133,0
0.005512102714048658,0.48523089108983264,0.6356598713831758,0.6143701283783958,0
0.8156895750053765,0.08539696978987976,0.3036702832899323,0.027761960568001648,0
0.7070535555942817,0.9729413820129515,0.9831338304675512,0.9318413855708216,0
0.7292098928971182,0.5182414127323165,0.2740750616023675,0.5229061722253863,0
0.7714854989413424,0.6144699239899856,0.20257060389730697,0.04298477992996859,0
0.07405478623248905,0.23668657415358663,0.4421522722961697,0.3423597050257161,0
0.3585594964652958,0.48371015586137656,0.05670281957370804,0.07662211089336804,0
0.1158914924031423,0.429331783091798,0.9786818037325133,0.3928206838032049,0
0.8633455814558102,0.07488402434888641,0.5884833113153789,0.6698933632640653,0
0.6234697681612645,0.10616566688624474,0.556990742269285,0.46979137019695505,0
0.33098368654807375,0.8378785461673663,0.6558697953028627,0.3835953966900939,0
0.06356540130941894,0.23989850262425882,0.4970411601330298,0.11894356024990849,0
0.3110621272402432,0.19501224052833965,0.031917026474204135,0.24476678357100143,0
0.32526730332576087,0.5051352551866257,0.6123694660081114,0.0999235709732646,0
0.7298090793319199,0.7691155007077901,0.7162686890363332,0.807510840050938,0
0.6377333056193473,0.06192760550864751,0.41673825814095977,0.13503161358539242,0
0.8874619874506822,0.5770711183311255,0.7574048887934026,0.5953159540297545,0
0.47234214079627346,0.1192229068099726,0.226923568111296,0.3426002044006714,0
0.11961777419958593,0.03642817331702286,0.2211968405923983,0.22579990845966794,0
0.7134428771840214,0.05271999666253002,0.16131612324624456,0.6394254784731265,0
0.7609971176923321,0.834568321955035,0.3719681713535721,0.45689954781488973,0
0.5614306017787029,0.11798426927343986,0.8471529973342413,0.4000240717435203,0
0.7711822430644144,0.04512324865061501,0.8280462870596921,0.5927937660345381,0
0.49392915774993507,0.4380869729442525,0.38280143934301947,0.491176096873421,0
0.5228748997003703,0.8444030715635904,0.5891687325590311,0.30333113372975473,0
0.42765509772403654,0.2624993039470622,0.72091276605844,0.5589919745057943,0
0.025414963008595623,0.4218908337185354,0.24113405402454902,0.6694654574596606,1
0.10791151406516035,0.03989155173009529,0.16804259320971227,0.02644936964130709,0
0.031426789196493665,0.4492717251228475,0.972281075373381,0.4657718741651221,1
0.6365859082372942,0.5778767205077431,0.6176173407802992,0.05744965218794561,0
0.31443677861838487,0.5711670191405256,0.9816040912942796,0.18621396842379614,0
0.5087085971359635,0.33255598527859664,0.33771732183188874,0.5604398951973799,0
0.9078217037725719,0.3156532171823745,0.7031218764820863,0.8662202584890875,0
0.2493538948307929,0.10662918611576089,0.22252435414931426,0.882842468307655,0
0.41049195709908187,0.36694644724761805,0.2611345028375709,0.06971439601232073,1
0.7557616685981755,0.09949632983451373,0.5119248816322539,0.41898990447701656,0
0.22885380493699575,0.7669631353419355,0.3195730625338413,0.5829450174244325,0
0.07699090743369384,0.9667508995946301,0.16752288790722503,0.14686556728154038,0
0.28982501554579293,0.9705531407619477,0.2628156263178667,0.7654305384684196,1
0.1612570558597034,0.8654922482151131,0.03560320359321878,0.7442266331750679,0
0.9299593898157665,0.6010684898864245,0.7045142889506977,0.9033845329744895,0
0.8083463674948909,0.7011968718197901,0.4921324386242958,0.00823625601814576,0
0.6335783693833972,0.28530922169820716,0.09411850805422262,0.21650272177799426,0
0.871705203174617,0.6310631869320451,0.17159675364200666,0.8272052750812116,0
0.8038967568154954,0.45584636094315734,0.10241290437016914,0.6705472861729084,0
0.18661328124500332,0.482228599175917,0.612651084742474,0.8944304393574698,0
0.8928098154197004,0.7581389185354475,0.09408579372711046,0.05694585707745653,0
0.5394891961970354,0.28201997330018447,0.7543905869132459,0.5969070744923736,0
0.8076659430759746,0.3181610215807966,0.02036035381215129,0.5689805341626178,0
0.8963431555190626,0.9250955809720347,0.2493059488061462,0.03543357088779306,1
0.3180853450518715,0.05620224636084359,0.8908230359120637,0.5134378388582798,1
0.11007264688931286,0.4858475396788533,0.718626961730152,0.6094675352401855,0
0.22799054822310305,0.9132481021308374,0.0728362704489598,0.19110333044801842,0
0.4272217406014468,0.610644592595265,0.8212579358201424,0.27316662557571414,0
0.8182436632765765,0.5466536151480055,0.49305122704384274,0.6403046733273102,0
0.8609720411071519,0.24982816750113024,0.8469239083370965,0.46820188899747206,0
0.006942536614087863,0.34341072662909866,0.600793870057835,0.8580423214734868,0
0.5108858485768589,0.8524624290304068,0.6819157312445796,0.3422414392796378,0
0.41752210380448557,0.5594716923605487,0.9936941928314909,0.2664945148712524,0
0.2221614826312059,0.5149713843237205,0.232259696218037,0.9849361781870144,0
0.11988897531764618,0.09958142110072465,0.6240078556304454,0.9111818440125274,0
0.3377028082619435,0.015984083001666427,0.4603259566161526,0.028749709708460053,0
0.9431753263618372,0.964160371864077,0.03930806838701528,0.7707286728455681,0
0.32328633099023074,0.3771398761893181,0.014317945438740765,0.11011839716713978,0
0.5189315328638332,0.6034907291546983,0.1191128324774553,0.027241665461847392,0
0.703214041972777,0.07970589617068491,0.6491628910842877,0.2735326783464118,0
0.3637248887266154,0.6834357336385519,0.5672053401902701,0.269181615912775,0
0.9720561950328659,0.9330248409072563,0.5534669692849192,0.8193347445793837,0
0.9627186623791986,0.5759278255806217,0.03171019898045557,0.7106476192670002,0
0.25184469370617907,0.12613156978582207,0.4693107309541844,0.9816785979007882,0
0.49738308259875297,0.5819874185153298,0.9247911550365728,0.7114935507865455,0
0.3009551442777894,0.766714267445213,0.397574309610782,0.4181400930246225,0
0.28491261295240866,0.4065863714734226,0.6249850952326312,0.6989041867961118,0
0.03688615570769295,0.8802669879786533,0.7799359368028931,0.9995340877074727,0
0.6097319369205477,0.6489855350617617,0.7840439888226101,0.7101220837067086,1
0.5028151967674911,0.8996887944305536,0.5193054451478787,0.7616784484154917,0
0.05148225029255876,0.6237940971826319,0.8580967661252288,0.9384200130502169,0
0.27871676146994756,0.13130705370288087,0.3913583419109159,0.11343597158275417,1
0.9085213214737798,0.3098085468654004,0.888848878716253,0.704762738722265,0
0.23962069516321566,0.20185266335233099,0.24015410025992878,0.8508322596569463,0
0.1449258399486985,0.9092716217711727,0.2801574460524563,0.95443884629366,0
0.4895850446612413,0.7607638629650522,0.05298156094288231,0.21078589450996546,0
0.9859286443881004,0.6767161369242203,0.7957046577800568,0.5038416256851987,0
0.24211480918116485,0.3010783744244341,0.417044541745355,0.6805253520808134,0
0.6723215492809378,0.1840927611665597,0.22903962880821638,0.24729629611695234,0
0.7618319298067482,0.7568127198734471,0.23171423558093807,0.6004171220148519,0
0.23769578263852903,0.47436489882303245,0.901560087138435,0.2574106628598961,0
0.7284188409291917,0.22586041478884855,0.8340529433213248,0.333313768850348,0
0.3678796404034819,0.6169069924656618,0.5535683292179385,0.44141086042644906,0
0.6324801206237342,0.040303096682133166,0.6161703177654445,0.5291109956520073,1
0.6337043606704522,0.3262961190967495,0.47433507673101616,0.44926060733492534,0
0.5359205893232234,0.46876087856499193,0.3916468931692805,0.49310462000886657,0
0.09030468139586416,0.1479865501205735,0.9156419924135761,0.29843407705528013,0
0.8355364763640637,0.9851411506233019,0.12549921001946274,0.15876465522413524,0
0.3208627515022242,0.20915908095574043,0.4184365860643098,0.04711295834445224,0
0.18656171760109724,0.13037169950654715,0.34452564330470636,0.1957904143558996,0
0.040775493223294504,0.2035935423569155,0.4981686301534012,0.5818818275952713,0
0.5910550558454911,0.7694296745582951,0.4576354924450641,0.786120548146182,0
0.6777519600488696,0.4256859538134945,0.5189147566467582,0.1690505285809912,1
0.01658106836770888,0.5656728963547684,0.13981052990389742,0.10833839793760758,0
0.5122320000152288,0.020967812808858177,0.5131646990360821,0.749283392021134,0
0.22655073763026207,0.034397318893241824,0.24234652080006214,0.3050058043839069,0
0.6453508639422206,0.4460169783945256,0.18423856701071628,0.9515587416981981,0
0.17440606291212252,0.8170498631880925,0.06469928720554918,0.7142995404049055,0
0.6911292687223652,0.8856710782257302,0.7627637650204875,0.3266105994180334,1
0.38683742684352146,0.08670122147957304,0.4274348900106162,0.28938510386680505,0
0.9369937940537332,0.5386052354445781,0.6267069158706633,0.5236174833501831,0
0.13754974371538264,0.9136772230048109,0.727692183313799,0.0789180695298928,0
0.3411550027207292,0.3881324832611819,0.6793984769402925,0.11746254213224624,1
0.11349524971558057,0.8299675256076222,0.47050887615039017,0.17566297887588886,0
0.9249538843260083,0.13371605535647024,0.387877550170181,0.7747249601378062,1
0.8775856950058989,0.9358541713157438,0.37593471981182347,0.5137732310986927,1
0.25800583673462735,0.751782194512896,0.6401167578051812,0.01031804876202553,0
0.660166474785681,0.941797329129292,0.4948110809707913,0.6734847252043507,0
0.817450864503007,0.6769351214908221,0.8492739577852575,0.4235764995462049,0
0.5553524290600863,0.36355019868864424,0.8748527132039854,0.510767251951462,0
0.5297946828239964,0.9386423811001334,0.17046273866585437,0.21393387957817508,0
0.2419117688840921,0.2756649137449374,0.1361239043168112,0.551710529531887,0
0.09311850630345904,0.3323016758966819,0.6304654838676456,0.979221605341546,0
0.8974679441934276,0.7011395611922167,0.30117419764011544,0.07321622417520848,0
0.9006711850328147,0.765682788989948,0.01841946889996393,0.283757912113879,0
0.6332759812557833,0.9298598828015798,0.8887983154657775,0.24282469445606772,0
0.3391178438729634,0.20486177205602019,0.2268230005565144,0.24837823183886046,0
0.3493006207809844,0.7983824322256261,0.9294506318134381,0.3785779356770189,0
0.7261575064423634,0.7388978744452839,0.7175297075938616,0.8181253707522729,0
0.8973624151712115,0.06377665579202141,0.7627646965042771,0.9129053285080192,0
0.8873356319958378,0.38738245933248106,0.20137475604355615,0.20202882319848012,0
0.7800932284538346,0.28286753892151495,0.23411923158382564,0.5428753444349003,1
0.6422087960401616,0.3046044101352505,0.5212938176777087,0.6368551690420454,0
0.08415306799919244,0.9834326169305143,0.1720027563201043,0.5217459582793442,0
0.16166460250332287,0.6430767593187818,0.30538162580189976,0.43396611900931326,0
0.8988067683298901,0.7180165434476846,0.321418065522451,0.19178588572913682,0
0.606595740679386,0.9770999066629527,0.15952843847298936,0.48812682855802403,1
0.009188117813875588,0.3773556095037094,0.205097406253671,0.4010937826371641,0
0.10148974218439082,0.8022266707072978,0.788672183592503,0.7955715592579498,0
0.6636852322386685,0.4347162031468228,0.16709702845569296,0.7636020818336791,0
0.005051434017818171,0.8699572658645671,0.028309629253726598,0.1337900600390607,0
0.16084369851206437,0.18070367443760205,0.6294191315162792,0.08829552612888872,0
0.5488835052128516,0.9481525937861646,0.9761695726393711,0.9081990398608103,0
0.6920870098515818,0.21883872571078733,0.33117284173619055,0.5354313565949876,0
0.6521413291705067,0.3263463994848399,0.11853975578875975,0.8578295314718609,0
0.22432361720529154,0.7565537241556219,0.5704307149129733,0.05791764149704402,0
0.712376997981146,0.39391803881428356,0.9065161044987562,0.5264356369055518,0
0.23730721191810955,0.6084917825846565,0.7841805376563755,0.5393507663137508,0
0.32548374308323064,0.44476424359273103,0.6225776449888727,0.860731577521969,0
0.7466992711774902,0.7427238533865896,0.31500982463366256,0.09738945121690168,0
0.6498122840655998,0.22840350769917173,0.5419135076417092,0.24027182888177953,0
0.8494614846849088,0.0584371626701099,0.0911192254055635,0.4064190135057629,1
0.6577946238190504,0.3000408840975579,0.6790271049614844,0.8658727047752398,0
0.5684640751148339,0.4745157003969389,0.7251939780384262,0.9389384827955524,1
0.09369067452106224,0.16805926076737876,0.9652142132922705,0.9927974330002981,0
0.3678122909455166,0.3549388404452847,0.26033140713683167,0.9592553105381859,0
0.26526871170659483,0.40014932802837055,0.018305128861541675,0.005691165937156094,0
0.24404974984674893,0.0573704349416948,0.5456431138534441,0.04747143991996362,0
0.9732850282939818,0.5835740081015741,0.7068820067283639,0.14740265785451181,0
0.3932016760537929,0.8847751368385977,0.7905284719953514,0.34872389387213476,0
0.8922972214239517,0.1517732026761145,0.19364946933567495,0.8299374869710294,0
0.6313125728133478,0.5980827188289481,0.2616873955509078,0.8926962128138797,1
0.7950333779661606,0.6650505844342822,0.5126139285881948,0.1866431012460494,0
0.5027732543143565,0.4195115936514817,0.33055962086111634,0.619614700041803,0
0.5770618838302035,0.7014288890014244,0.8606572101240317,0.9174100994964743,0
0.4926508794398381,0.41090374274363395,0.473769460482913,0.4636311798381,0
0.19528876041361476,0.5048609416896399,0.7997028751129847,0.1033249695799548,0
0.7226529126180798,0.007304217683623548,0.5806667592615824,0.4577111544273471,0
0.2808432847901115,0.6920462775045317,0.773205029475946,0.3756655262138091,0
0.02431147831397215,0.6616521973849094,0.3326325283295333,0.5775947775993479,1
0.6456504575089036,0.038369062721036684,0.8315520829861356,0.43854991099652807,0
0.1771511202552698,0.36839902948458647,0.27451136380179975,0.017099074492875392,0
0.9407234860556535,0.9795154329717333,0.5461336303859383,0.9940709640643403,0
0.9541974395284858,0.4209142439443232,0.21392479857483693,0.5434658376792768,0
0.9151217660039463,0.5021675838610422,0.47553645141216805,0.4735334436468832,1
0.3702559064703374,0.9103758869507486,0.3181296375821887,0.9546776958305352,0
0.015449523338080737,0.7176020345194223,0.26663970333701315,0.15565891126096262,0
0.9285798945424617,0.5823362131790182,0.967168297421324,0.18904708510831575,0
0.42829841679382014,0.7981889724016735,0.15997276737752486,0.8080270265740421,0
0.9669274236944168,0.864787029091449,0.787445746599424,0.2606640262787411,0
0.9638916893510723,0.4570855618731038,0.9843542986681726,0.7992365037843969,0
0.8532486429366949,0.47531583864583293,0.019750703268776704,0.2713699367145911,0
0.2945238359737673,0.38620961147896615,0.699116178139036,0.03294596974532735,0
0.385199327606851,0.9671829784873891,0.252843213607683,0.5169316304952816,0
0.8513753082979889,0.6974954018034962,0.04034430517017995,0.19649835793298898,0
0.3170035572323484,0.08321581135167833,0.4028738878904292,0.7578421284831319,0
0.16953094749713354,0.863379615196255,0.9353898844816442,0.6411572395860075,0
0.5569533505282009,0.480770401672018,0.01161144398925984,0.9236528276995326,0
0.9364184103371367,0.06873872337382636,0.5879352535833391,0.7829924327516671,0
0.6962228246040428,0.5499656098707781,0.5014155333570898,0.1805826642254094,1
0.5702171572073148,0.41734000296400087,0.8735344284205198,0.8001679393217095,0
0.0971934301389261,0.8781775006187535,0.08387354379138401,0.6416948272964849,0
0.6151764301110381,0.20405352398246634,0.6816086208110974,0.6689183434198999,0
0.990333335191143,0.8268646043962793,0.6801917897824765,0.8322831104453434,1
0.14011356847160567,0.5579414137400089,0.6691582177690876,0.5737595942101318,0
0.5184704279371222,0.054587370357127796,0.9425090794771194,0.4659037028011669,1
0.8776194234677416,0.9723249557325566,0.8232200521849364,0.6365971477003652,0
0.7409748010400186,0.512843269235101,0.04182973084714092,0.2978025428172637,0
0.6972090588392025,0.29098338063001883,0.4710912130974805,0.18240443733503806,0
0.7026790097858608,0.4696111916261989,0.39793562390104853,0.6165373782776201,0
0.35958522066417087,0.8582749799124318,0.31009881749356083,0.23367247215956474,0
0.2936665361555608,0.3050173363000228,0.4513381225985853,0.07968876309881864,0
0.8095875082565492,0.1927291151919901,0.384171899530358,0.00030182898221418203,0
0.8103399686515798,0.12908911400259715,0.4323285945551092,0.6082662317500801,0
0.8673156412049171,0.29796975078500587,0.9794494753507195,0.36201493509479854,0
0.9134974508539013,0.7804226486004016,0.08850643758074028,0.7523049921050968,1
0.5114811198470481,0.47183193099174314,0.9223983633333575,0.375046819533434,0
0.5016521263279339,0.227553393469905,0.48024830465855217,0.4859101913653615,0
0.7985182778175677,0.166223202690702,0.6238044546493242,0.40696585159341636,0
0.6501434131353381,0.33285893552144064,0.8303179925326702,0.6505354700308765,0
0.7021616509728981,0.9403865366256099,0.3604323731861143,0.35600334406604395,0
0.7960150324292014,0.3431618138407684,0.430415928357462,0.9638309731355911,0
0.8902554078498867,0.988612650109439,0.4095051273905028,0.936201257532815,0
0.3380829054437774,0.48544347575042135,0.37470539924795077,0.8480532938807317,1
0.3756817538449031,0.17920923300469305,0.9256979785873298,0.9203493479830422,0
0.0939979368571265,0.8915755248064077,0.8290644751171996,0.44903435004101855,0
0.5784385448853248,0.4605547631344109,0.10888063664577174,0.5363536665942464,0
0.03594120437061883,0.710007343022423,0.10800369004812893,0.7420832650694023,1
0.4657232880791149,0.9841977395946158,0.42786263483006337,0.6961215391170956,1
0.5427925600506531,0.05014998738754173,0.09853437541930532,0.8907179649551583,0
0.28661387080748413,0.09669468646491985,0.6191536645502467,0.716313256800413,0
0.5909953556767107,0.7207986507024344,0.14358449063887235,0.9979592127769471,0
0.030497580297195584,0.28192656984719644,0.5223997177613029,0.3483674801624639,0
0.03734753272944176,0.18434952668079863,0.007064693439716052,0.8330182075527559,0
0.8228308064570905,0.039330591783526714,0.31655021958264484,0.6976109249752184,0
0.36028491653930605,0.02180582673632081,0.6772717854270169,0.6913604995453314,1
0.12708623635327665,0.7748571167877571,0.4840518725550993,0.32568984535550494,0
0.5223851864163441,0.13445423257990896,0.9784567457041433,0.7856067244232097,0
0.7702083299155241,0.467924041661969,0.8742543139476382,0.9004185698837546,0
0.21587285104193737,0.6061759527630795,0.35903963199884714,0.2183675502789478,0
0.6230619972837805,0.42853365461745874,0.04534478548573162,0.625449297114169,1
0.08536092306076011,0.027068649203838113,0.8457667732769565,0.3920108081949719,0
0.051685279894057065,0.7838779564034395,0.9113979250498758,0.9896198916511189,0
0.5314992371094202,0.010466129251323508,0.8207590488462273,0.47873720889137183,0
0.5407824560600606,0.7622545063868786,0.12783727182054605,0.2281424650877675,0
0.6376056982506912,0.8937411127575947,0.998109323625151,0.3817302361142818,0
0.7262932011838111,0.4330242343143862,0.2585176304060539,0.6538001383337848,0
0.9761273885484671,0.5357830609135288,0.724302557633905,0.07586177127342163,0
0.5164405271619665,0.4771918937292492,0.9081973625511708,0.6035472044874034,0
0.3230397994399447,0.38936902466283385,0.23561244680607274,0.93127741692682,0
0.7954083794291968,0.8878579324913236,0.9084211197894163,0.8503889441049122,0
0.2709002507424326,0.8943704743012706,0.30943294080921646,0.067443178417973,0
0.4390888611570206,0.33594751507372855,0.9765998273389727,0.993462910174466,0
0.07846781310052657,0.6153539177935823,0.2812014275506982,0.6987033837661478,0
0.025346559571983215,0.927362593489705,0.9536143250144207,0.16208147219650296,0
0.96291984125385,0.9625327907944019,0.05340573720129527,0.012167621128067525,1
0.8362143005412226,0.5091850621835956,0.7093643892905561,0.17108623438377138,0
0.6961672176764736,0.4530200690049382,0.5321410224198644,0.8381980830695576,0
0.4090615579954999,0.2787941670598828,0.4778878360079517,0.021393879681284006,0
0.1733336387265877,0.9593444189723686,0.22341534602804813,0.23297117692845995,0
0.15647140447967411,0.14283970187835227,0.7056868707025572,0.7573012536799918,0
0.2503048433887485,0.580094430418832,0.19071899447043705,0.5860500876248922,1
0.5493765254813484,0.28265223146968044,0.5528789967866032,0.7827397030448813,0
0.7147944099596493,0.27910831351744836,0.25317688874564226,0.7461425062576268,0
0.6603798681986747,0.40513762889022686,0.9558006509374408,0.05036543374031219,0
0.28000457274617385,0.9992873558366666,0.028483492549725042,0.8925513891243045,1
0.9551344186248445,0.054943569051144614,0.199640929013448,0.22685370333910085,0
0.738102255563894,0.5788059669640919,0.24223827513282714,0.5533212690903754,0
0.5545054209842861,0.08256454652202017,0.41405607754665397,0.6442467750989207,0
0.6118889832635154,0.1545526418379266,0.23265453138312608,0.16843093902851847,0
0.4197118067717979,0.43975093882389427,0.49136460106736024,0.9762986646548218,0
0.24779219610382308,0.510686975611689,0.8726154632804963,0.48806340466667353,0
0.3560657134961792,0.2588813544984925,0.7121567836294034,0.057409049899362574,0
0.7580573153511884,0.31657767366043377,0.5800087472990256,0.9373166811557538,0
0.014386082828434524,0.08696181685159132,0.08887677139370709,0.5862074464751367,0
0.11609513324749064,0.30333307339414883,0.69407909640897,0.6991698108580604,0
0.04600453082585966,0.9670351969187854,0.16631518254013855,0.5250953712100356,0
0.040729140361545374,0.9451721662012789,0.7864869570340929,0.8347589904189181,0
0.8557004922295623,0.33500892656317394,0.24998715951561223,0.032891783960775106,0
0.7038531303249739,0.5711138725620968,0.4170380315380413,0.26821378504065707,0
0.47430162073325066,0.9100409364706232,0.35043602163678855,0.4695497393932735,0
0.09785129040472933,0.006134355109802314,0.8589590394356961,0.0763761847736454,1
0.4917487955599038,0.8110749182217862,0.1264312938657426,0.7058854824430916,1
0.47359935598771474,0.9488363439578498,0.5656865991529045,0.3935398941186766,0
0.17324116138098067,0.0913229192312155,0.14195391787951905,0.2725048158920389,0
0.43396758423126813,0.16148329336308898,0.7048866348947413,0.003127416946137898,0
0.3986102757043057,0.9612198756231862,0.9052395710913501,0.7198136881317884,1
0.6160195493086429,0.5377818260542702,0.43460315055315846,0.8338300401650166,0
0.6352687606505178,0.0141515574590656,0.4881066222987869,0.394917467075535,0
0.04530569314479997,0.25772030906579957,0.927592161312873,0.5641503538016327,0
0.37471113050556737,0.45013735931033416,0.5210173550221455,0.22750870958459238,1
0.6260323103366057,0.6932357257807631,0.4876126259000202,0.6221490250171822,0
0.5032725665678158,0.7335092481727896,0.5783752935116837,0.011888898956752512,0
0.8567300520577974,0.9959140856181303,0.6893150445758565,0.48855150559348615,0
0.6588756809267877,0.2876158816143848,0.10676327528727825,0.6441640733164428,0
0.16297069943231102,0.5384621568568688,0.8212423535821713,0.9182401596115829,0
0.07057785981643085,0.5335629198434422,0.43550084066509953,0.3812082569999391,1
0.6425965420745835,0.40581467173513985,0.07221622879379197,0.7651884453882888,1
0.026507467960483033,0.16920172807474465,0.7863021751164183,0.5976303756929094,0
0.5859361891811471,0.9779392922105572,0.37692513107688796,0.9270633900412458,0
0.9404950759839368,0.8537318950991741,0.10024509698273931,0.39825570075114614,0
0.5756317566774443,0.4985532276674478,0.6338447889193546,0.31894738136581213,0
0.38827242858472616,0.603523107470795,0.880283997384133,0.8871802089771278,1
0.6434657378206795,0.22733272248838343,0.8879088418880343,0.04900800329503971,0
0.4583760006187547,0.5440321757298134,0.9578434662626449,0.1361775539761124,0
0.5457655886148562,0.6952980772979283,0.8678537207961341,0.08217890417534385,1
0.941730006357451,0.5153964517362661,0.001983874282380782,0.8431337360166344,0
0.3862045322971476,0.9907749288840888,0.38021748669005717,0.010358362565819075,0
0.9614615617218454,0.6116237772628077,0.8186734999672325,0.86168701350412,1
0.9056052202417872,0.37112412704648623,0.36622439230384174,0.4511631544080822,0
0.1958370685863427,0.7725222626307566,0.6016028872469619,0.0037740608501238004,0
0.0693700582440417,0.17050305847093217,0.6063730101892517,0.4015242731784846,0
0.10079599676136154,0.38467364838283213,0.3649962573032397,0.18660952499599376,0
0.018215545564720728,0.3470962062480636,0.9046351574616409,0.6243525881574417,0
0.09445909333442147,0.43199084244113184,0.5032480462927609,0.6793289023679616,0
0.6831959719526818,0.7821553363734042,0.4647903466421539,0.4874348130403623,0
0.07119794315683979,0.484385472746645,0.9977077932949925,0.040280267878911896,0
0.3190577862340076,0.7943966645176026,0.49351663367884413,0.6560913035334476,0
0.8451121066106164,0.5767519270316992,0.17830337720054246,0.8420622119848447,0
0.023267140623302263,0.34220401138001577,0.5130925949623091,0.7203078155980603,1
0.8146963371658237,0.8103697053668579,0.8141460592040346,0.8299773880120739,0
0.28192601540373763,0.23836738247237133,0.7769765445950227,0.20032270031735155,0
0.1181879355654749,0.2244530717245654,0.7887021172473396,0.8889267221454844,0
0.6969304012935037,0.5047265041440365,0.7081157213377836,0.32204650750022223,0
0.6291161479316837,0.26093931911408674,0.25414969778498175,0.013156670250482082,0
0.8777183941604091,0.00903915819842016,0.8622303640715927,0.8434155180889028,0
0.7352755517299993,0.6485998978138889,0.8936008048389823,0.941877399560127,0
0.803705554094997,0.5113210129600994,0.1940633788741053,0.6555205095757073,0
0.28210586607081045,0.4457090744410035,0.13034385127321713,0.2312599431262762,1
0.17748008132982446,0.9674454968520729,0.9757912884528608,0.2515744325339575,0
0.7508238301617436,0.571459309420332,0.8684724428414796,0.4664932550373915,1
0.807060349157898,0.8638518282740817,0.8933934135463986,0.8978727930706815,0
0.9907847597889909,0.13947379031217988,0.8865312313523575,0.14939414731150705,0
0.4127273680995806,0.5694654967007811,0.5417200902001369,0.8259918328621452,0
0.3721158387561036,0.8684023692612319,0.6464719383804152,0.29114574161187035,0
0.7766296251722983,0.5833724067928863,0.5453974149263843,0.8085986342148288,1
0.3408921146445234,0.718354748995135,0.05106661072191088,0.9203202654836017,0
0.9310193746714639,0.3721945684800998,0.7456082425722883,0.4273814394835862,0
0.8586535281403422,0.09244731769717962,0.5053524762654646,0.364917756764756,0
0.4291085339947668,0.45809833989785353,0.6477797376354388,0.8022316977725615,0
0.7510802216816105,0.39464268493092103,0.5026592982893661,0.5294038752402878,0
0.7547531076617544,0.8674824211114256,0.4918269961617412,0.6844208291655605,0
0.1031425540172861,0.24407614060020322,0.17169190354116637,0.6227808226926209,0
0.9028066622970851,0.9672110813942352,0.27865422416633123,0.1526864154468417,0
0.505389302674441,0.9586102635356086,0.15875092301189397,0.844814690456959,1
0.8266888460201524,0.24771447380586764,0.1955775117648244,0.19558673654688463,0
0.32013207276970645,0.3481898102460548,0.973162773468502,0.9323351483607746,0
0.8957749170515552,0.8959935933855947,0.15300965246558462,0.25040087518372944,0
0.38930448449703975,0.9670990133826187,0.2692076024473735,0.7338689545495869,1
0.010829200092502073,0.4436292237802455,0.5906401731479747,0.2844961478094721,0
0.9056365639188205,0.3211200760155304,0.61023600114369,0.31763702076931544,0
0.0913018812659283,0.5263294239037446,0.1538706400218075,0.30985091402084264,0
0.3193958929209996,0.6880932048858632,0.7938395893990418,0.7478848272894804,0
0.9503296926081359,0.27357150638294403,0.7853220282308015,0.5567450685614047,0
0.9508750328038924,0.7368238598598031,0.23724361182876663,0.8829892930705203,0
0.5735948681581096,0.051632806229003236,0.28861032222523875,0.30722091878340363,0
0.6320113644036869,0.04926864717727941,0.9381609168374965,0.6919667750196706,0
0.4485657482693637,0.386446510707513,0.82580488056918,0.752942830068109,0
0.29328535153554103,0.35361401732716136,0.6978853631735618,0.15127922179644437,0
0.3287495503153711,0.31575330669913537,0.08210442698997866,0.4004681072570875,1
0.6727045705455913,0.49123595483113736,0.4182538128047284,0.48272319332884506,1
0.7525841254175449,0.32085646832481896,0.5593413515078041,0.3555514238838995,0
0.7918001677111238,0.19231040787366727,0.1873195923772144,0.3219656263224867,0
0.7898386901810126,0.3095862631179589,0.4482268825280826,0.6863923206151304,0
0.0912212838359462,0.9753856033418664,0.6010800740117617,0.21568460741158688,0
0.49455404978230577,0.4112858254902019,0.32733435377591036,0.7093707002212982,0
0.05756404687307211,0.44490359569603566,0.7810624773489323,0.9350981059020308,1
0.5496788319654217,0.5768080445750279,0.8405882288436786,0.5651302189769503,0
0.4416486943170783,0.9838267216164365,0.32356581430588705,0.611382087930148,0
0.8879535721396128,0.24168080290741134,0.8387951694637934,0.0687027565567136,0
0.3510065602008605,0.6816025545308229,0.10345529990967606,0.8645076857551419,0
0.11708980156233949,0.7163241523795616,0.8378667862456552,0.2852888012109225,0
0.14302209028126195,0.6076043366128285,0.15264651031692011,0.6150002021135129,1
0.7617229141490999,0.08857401913428564,0.08279860275579409,0.9791805218747794,0
0.6183882108679196,0.6771903035130657,0.6418439743334474,0.5954452304081858,0
0.10114077285761298,0.0640769750405985,0.4719460295569249,0.7246944629230233,0
0.08411989936884169,0.5964164424623668,0.9080530357385825,0.44521302783453687,0
0.7011636117892499,0.7399335654530121,0.3631595017144349,0.06013309028799767,0
0.0727727639974524,0.2110326330129233,0.28709574894819667,0.7976082135097302,0
0.82209008734491,0.8420303077505515,0.5007537275529472,0.03475777438162016,0
0.7064382580293846,0.030317581636946755,0.45594920908428804,0.7006349217753958,0
0.0813610629041235,0.8442223643178579,0.3443917343176537,0.022676548123414103,0
0.08485102226099576,0.46052842621927415,0.6938281982512109,0.8623353069826162,0
0.9869180596286329,0.21765430860065305,0.759671950002911,0.1574351614555563,0
0.37436921112409277,0.13379859115067472,0.8531270374244713,0.5141875029990536,0
0.3707394954383075,0.9537766642545948,0.9730419551579459,0.5970938744599138,0
0.8130269310933287,0.0726525478884863,0.2665924481701083,0.4574428238036007,0
0.9475154756698438,0.1991496547676821,0.7161882662127397,0.34062263225338285,0
0.9862793571964228,0.3479600763909705,0.3942394999405181,0.46771507808576684,0
0.7535880763617012,0.6205218428881576,0.6771629953460447,0.3112652785046186,0
0.3763585856983609,0.5450467462307369,0.47599178068450243,0.4380133978937566,0
0.08351363173318811,0.12565948128949334,0.9939658309834485,0.35877808213003803,1
0.777363796175725,0.28983388062766213,0.7290014374433937,0.566137851434606,1
0.5585568091607113,0.23882973620741943,0.9526694675337453,0.23774960109927387,1
0.4243351126647773,0.2136070067061766,0.8351062637427233,0.988728035073373,0
0.9066092585290296,0.4113167619172806,0.9030616865371783,0.500781568783846,0
0.11121854151665568,0.7043643618029876,0.814548662857014,0.19397317390050822,0
0.4927583214956579,0.21751922691048353,0.45916328697683184,0.47697056382517833,0
0.011345345106369364,0.3668269408581839,0.2517194651640793,0.8664465468866686,0
0.4687868124989206,0.39107876920030993,0.37029299634748725,0.021561402745705005,0
0.056308193365723,0.9769387105063378,0.020085570242891038,0.6795242955698209,0
0.11884121625124074,0.955136598301797,0.524020192639334,0.5478948478088472,0
0.11754916694756208,0.800523152096364,0.5050781464711847,0.16936102723617924,0
0.6493895628707052,0.24173847887634103,0.5252779334851354,0.8174918177435379,0
0.746252614024897,0.06802173839534387,0.9742169897373927,0.36875298155894576,0
0.583528665285582,0.31702492543836414,0.9116176956812723,0.29364578080421144,0
0.9624438351230054,0.2668878802393282,0.16161201822147575,0.8281440602647814,1
0.3749691712568386,0.5061501598824707,0.3688548353566503,0.6384817759896534,0
0.28578446114657796,0.7781012003166579,0.4239479191098283,0.8983009374160152,0
0.8688428997694453,0.8587403901497703,0.3605022865399832,0.6298376013985169,1
0.22364994823146306,0.8452741620736628,0.7986198127266135,0.7408079126025319,0
0.9634941348367219,0.3598197849988889,0.5240647107393599,0.8364674916538205,0
0.012146410511129996,0.6875580489094784,0.572143810555346,0.054505038777545214,0
0.9701523793710951,0.31295275516993915,0.8531566378193816,0.7760507600713527,0
0.043160964855852635,0.060886059775628,0.8060546240558395,0.6136550777345756,0
0.8913935142898326,0.7018968234984451,0.1321003568867738,0.06927803942639668,0
0.5278446403169295,0.009780081574212396,0.7140085992548748,0.5084920634416976,0
0.9932451371637661,0.40935393798033015,0.43543191781164126,0.08223256515607469,0
0.07380662628433458,0.3295068926096638,0.2945950328238993,0.7359358601745154,0
0.554005505918439,0.6937046100533291,0.0498786635630708,0.5464282844260767,0
0.9695759188253661,0.7666124713536089,0.48726362513809107,0.9536335196377786,0
0.5232400218203598,0.304208404885288,0.3554042518435665,0.18294285421997125,0
0.6295720733115568,0.8120188792772609,0.2514439543483533,0.6059795336848612,0
0.6959416342545586,0.29402495258139005,0.6947589573359139,0.21139894021948716,0
0.4546630834404224,0.4465180629666339,0.7695990036881284,0.6140136981063495,1
0.6277309740481131,0.7273640317008345,0.24471806214881298,0.7226340027557644,0
0.5844744901475887,0.6932470501824479,0.04930707779882937,0.7222885165336049,0
0.9014113559422012,0.9878566324435871,0.8488942764861989,0.8150885817546497,0
0.0454481055779814,0.22523154246025712,0.009805454033710248,0.8535774290412288,0
0.28103416805381065,0.6626279663471752,0.9372852365342226,0.07704451369014965,0
0.9506793124086401,0.6099631198530453,0.6276834508682825,0.3431271205165223,0
0.8905139259175877,0.9155470151833676,0.3218023582777576,0.6870951772525679,0
0.4557790995240897,0.15639496241560824,0.24640704823336534,0.498497154355545,1
0.6203033083180555,0.7521572459606611,0.008851040567265045,0.1904859007136452,0
0.2774511081611626,0.5685271359588517,0.2353966734044448,0.5526381752268673,0
0.1881648381806852,0.274763513583383,0.13761908148836,0.40731664647428023,0
0.4638231163093517,0.4746420188523697,0.6122243467217316,0.38991356963314483,0
0.35344449233294606,0.3339066298372675,0.1664465331372753,0.8097665648677786,1
0.583816096533006,0.5795779743289904,0.5286584981798796,0.4074793808566022,0
0.0777458564958212,0.889434871526146,0.5901667708319991,0.026210638319893384,0
0.9746696882443759,0.5695640719670418,0.2979890248314021,0.05782983105260393,0
0.9864890995093134,0.6320157067213028,0.03491951707790264,0.8562721256316634,0
0.6983553688346501,0.5189792325285136,0.03710922076388101,0.960663095321416,0
0.5362423661825836,0.051140686056514006,0.026198825333324294,0.6883824150831847,0
0.30960699405782044,0.23293329288563847,0.7392275745296715,0.3642351731260268,0
0.814022676253485,0.49221845965052147,0.3179640745101793,0.9386553907709361,0
0.6849208781461632,0.31035241734863916,0.796423260585108,0.6627677729380121,0
0.1626531183391679,0.1818103369370716,0.4317273065048681,0.8443577296537376,0
0.9111834025502331,0.5043562192258353,0.45300008428287697,0.7658507634379795,0
0.8227674701021532,0.32293381709461144,0.5129057087122675,0.3790110357798062,0
0.9500675617928958,0.25819621409899707,0.7131251600453012,0.4786065511033708,0
0.7259212665150478,0.4641867964766231,0.27344153685902484,0.1859406191670079,0
0.6135839312143428,0.1333044336198217,0.12147243619044445,0.29185726646267407,0
0.4183543816039302,0.9282012236843578,0.5560956701937627,0.7781281430966281,0
0.9329911120367251,0.8681246883811831,0.3269351561459857,0.8940188426916358,1
0.8663069155987606,0.7079554615717729,0.44248959111639863,0.7244453170829895,0
0.04522032838499465,0.10621917022765537,0.6470171022769478,0.4650736131444626,0
0.026363089474401344,0.7762495306753356,0.4941422313335053,0.08628508382906763,0
0.37656242696697356,0.8083471821834234,0.6203398046134794,0.0567140753075199,0
0.8107800341165224,0.7681324487037431,0.5442341547403089,0.374195706985175,1
0.987554797618837,0.1139754774009667,0.7398995162561803,0.4637211921649701,1
0.15044948269914205,0.6442079223736128,0.7060278188561497,0.609067715151439,0
0.5942937800695158,0.8347290975426898,0.5342205136209941,0.006239111001756788,0
0.38099121861404495,0.5776168988022397,0.6789846865837816,0.9897947201011837,0
0.9701879609376689,0.6467087100583626,0.8737099282033824,0.3638056216970611,0
0.8423549082667947,0.458561777993042,0.43226596037978027,0.8481200769045373,0
0.838563575336425,0.5289441624644233,0.41275086430886887,0.5348894957673007,0
0.4688193398615559,0.034342838836344036,0.7643573890292643,0.13022966688346757,0
0.4149298409679797,0.6392602777647749,0.5826015180180164,0.7975744054780172,1
0.27347582853169566,0.08143898497850444,0.07087402585754177,0.7098071728905636,1
0.05638043557123763,0.4352000991820315,0.8922688855184546,0.527356406982893,1
0.8649650078842421,0.292762598431743,0.03063615998321012,0.514469191179121,0
0.8131284027946741,0.5456739546490281,0.7485025339576978,0.0872557386536145,0
1.0,0.13343658343101072,0.7589039880095712,0.6558113560215723,0
0.9969182578743319,0.691969523309707,0.9532894709948465,0.911291265486245,0
0.5555833909571499,0.7953942975210779,0.05399570273304022,0.0930229416192421,0
0.7692018961446738,0.16339110186027295,0.5969095867919165,0.26334527535399066,0
0.9450318980922996,0.10431738850461869,0.42783368039477665,0.902351154146309,0
0.8498855895386281,0.1455423602691832,0.33059177708895504,0.2841845620515613,0
0.24740919575851905,0.8775553169236785,0.09019261767809184,0.6539054552018038,0
0.45066497869399724,0.5284258204733572,0.5626947815231986,0.5347409063630421,0
0.12918575603077598,0.4674641698554023,0.47905189500756507,0.596270505222094,0
0.9543199257908626,0.10671743460967598,0.10443353688447132,0.41567263293765977,0
0.6063412406574756,0.6498590668398769,0.6125477471267899,0.29983725103930403,0
0.22869839926555646,0.8684223453650768,0.73805561441241,0.048296819612975855,1
0.6718865584103605,0.8285868073700051,0.7673911389320978,0.7442723290032104,0
0.6182983615973308,0.6263448918261929,0.905534735634447,0.7460854459305244,0
0.3582563968542567,0.07526710878987597,0.409457372162052,0.670693023172168,0
0.11357934539551016,0.11240575782086637,0.9532511408198161,0.6435921922313109,0
0.6717590321094846,0.04928314946467971,0.8655768632911602,0.24354446958100215,0
0.5204490581182138,0.25756744307963686,0.296448354267298,0.022099719755141356,1
0.7725338521664902,0.1356829452595365,0.1591814202108921,0.8087279040235351,1
0.5203048159247669,0.26013767439394364,0.4353851685538146,0.49104696177101614,0
0.8524204443293956,0.3852161875101494,0.40188266738496736,0.3066861550785972,0
0.5520574876492913,0.9434466236285877,0.5757645755982921,0.10171277620860339,0
0.5610912759958872,0.6106576517104578,0.5834342069102405,0.062489609735274815,0
0.8768997426396975,0.8353784430820408,0.7500937231819407,0.34872852041282165,0
0.4035898713285752,0.7106878729137325,0.5099119988248759,0.8047482680662301,0
0.13404299717166396,0.11251191930946636,0.10470181426894243,0.9187723100628851,0
0.02877950162255366,0.7362707887323445,0.8584362759873301,0.8967927242218998,0
0.755347664027354,0.2751967626179006,0.30971604462206415,0.9200498140243396,0
0.6204803139028051,0.6394051821412283,0.9714822608052813,0.9077702992953828,0
0.70427516310555,0.34109594354625816,0.11774388064634422,0.5271450043927255,0
0.21301514499853774,0.998166069227385,0.9584313709816357,0.21923501151958283,0
0.13639993715733406,0.26364303330330774,0.0908861087868047,0.7980555934307977,0
0.014537304319852368,0.27923056089113363,0.23095982990763986,0.21353047885258383,0
0.35067901016828995,0.9311293497221635,0.046438571769527925,0.2670423127133441,0
0.5900795127397979,0.024605052346583278,0.7052040573248419,0.23307823020653654,0
0.3923477454640741,0.697017873874274,0.8504408578180147,0.5148986442418477,0
0.43759192243280687,0.7256709682380054,0.43406638923961083,0.32168044508916915,0
0.9044129222898144,0.8367840045472574,0.9286917876012524,0.15395403473452451,0
0.3483462326382832,0.974920386399992,0.5903494846681099,0.4530693954679905,0
0.5141289885172858,0.9760836319547375,0.6300715543784534,0.8739411115736828,0
0.7838718060935885,0.0652596692582641,0.8455596018139602,0.570487307879659,0
0.39664774672029884,0.8222367832898945,0.2967470936308345,0.8783709300071388,0
0.6222579853441226,0.6466112150957848,0.3542328794202305,0.19568384202732694,0
0.8626056468146875,0.647643981392763,0.9061136706994191,0.16677605963171707,1
0.949788190034081,0.12836739844810818,0.9011234880029022,0.5755132252576438,0
0.14710508940188444,0.6504905723645011,0.9766694056891438,0.463228213430112,0
0.9268484481377015,0.9829680635703495,0.9019986169766767,0.6601364661203446,0
0.4922493606694647,0.912265333061498,0.1272591630927451,0.7946346808351789,0
0.25830868634454635,0.4393184209929819,0.8238570339150897,0.7513009881443515,0
0.45925912597032525,0.03991700639235951,0.40982523809255866,0.9423174484261404,0
0.9803091136374609,0.3624391482368363,0.9909930359526129,0.39813439450544597,0
0.49275130913630494,0.8267902657940667,0.47228974932617973,0.20620184518510526,0
0.32883664083422015,0.701830623106872,0.5538736340135841,0.5508406560910716,0
0.6335754663363155,0.4595424912357693,0.5298039797973928,0.11052687736253194,0
0.2402045949184663,0.05507887146679291,0.3216927142741923,0.288693252735166,1
0.07587399738504584,0.42707578348741837,0.07489075082688146,0.2077036502329386,0
0.12890598054671787,0.46922908009632724,0.8958093485981422,0.39644114739092984,0
0.1280718523923033,0.9290114672226091,0.8028011359854261,0.11100048734128956,1
0.15193572200499816,0.6413845226892434,0.13941819489907914,0.031599642974537726,0
0.13885635631255833,0.31177082703252257,0.7768844565765392,0.6567567218057071,0
0.6410515545046663,0.5255532500412254,0.6259096174817458,0.6101964410297624,1
0.18192192768092597,0.06603864611068122,0.4091303028661173,0.7083385528488049,0
0.34575728788884375,0.9730482861794867,0.2539529484399594,0.6603503348140308,0
0.8970404704853133,0.36020433630115534,0.859874230960024,0.11407960228467343,0
0.4740893695151178,0.47807634038064073,0.7002774328499228,0.29092174089353573,0
0.6677423943009606,0.355425791698452,0.5477753107089924,0.129316523079308,0
0.1723589033227203,0.6828328478690162,0.6096257436284347,0.8429961364073573,0
0.19233392281583944,0.6625421641487064,0.09094050316594604,0.7468959046205028,1
0.04086899542105288,0.7156614064226181,0.47392912395280007,0.20134051314833995,1
0.16897309989750559,0.26823729940958607,0.1936108154671956,0.3411685622561569,1
0.27866061976179574,0.31578859181949515,0.2082993808850091,0.9666792486313246,0
0.1770508956627992,0.12526700503878185,0.6613794203862682,0.5941015474873418,1
0.08871697837499871,0.6558162943285515,0.9114197742735399,0.8011656268280907,0
0.12065970564958496,0.03976607778779684,0.40374122523567735,0.2644252132913514,0
0.4609026208889707,0.5979569720872968,0.20766475111764038,0.20986922465117294,0
0.20638275222749602,0.8701195677837941,0.6488179661617082,0.7839213086579166,0
0.36436533566211904,0.8912674125688014,0.8713365354217473,0.6858447024340668,0
0.5035536614736564,0.44923094902742555,0.7484249515148349,0.6809485723067465,0
0.6905861996078697,0.4595025019552672,0.8689058625516779,0.552563162313058,0
0.03931206131703621,0.07695850141578209,0.5365861269394827,0.5635105099142621,0
0.7996338256879263,0.6710797067382721,0.7519836495600458,0.7356860819232834,0
0.6280733841103224,0.8216565631596984,0.13995616338626604,0.2698384331643634,1
0.08177143484463421,0.24473625435530977,0.3482396602440616,0.35263154321281676,0
0.8738238598971194,0.4214788722205318,0.3895287679200905,0.8716698991965801,0
0.9211315429581741,0.8392461122439503,0.5113182927251501,0.3087138897300904,0
0.061084281524641806,0.8775482188002677,0.929246268325798,0.5462360789356582,0
0.2769474252638691,0.24326037176657955,0.8744471460963084,0.7026172063454759,1
0.8064267034162622,0.5508194568472193,0.1344151425501181,1.0000000000000002,0
0.7484680764037077,0.1925457689338792,0.17269279886200906,0.4351814544852405,0
0.18456363919955776,0.10188173143581647,0.3576088980671983,0.42798064042901185,0
0.2093992438907351,0.9115668824164365,0.2906886182485664,0.8426119879347975,1
0.37056940116163506,0.8209042350160658,0.6148299979086076,0.8055145656194251,0
0.4846538199846485,0.7603984973929547,0.9029366790606588,0.731062943683627,0
0.6184249298759281,0.04874018381979717,0.962473165560283,0.4631289167605326,0
0.3690104796771755,0.8441382473041994,0.6536756942973767,0.32379274913002964,0
0.4626590853222582,0.438231240713125,0.8382970407320087,0.6086774476605671,1
0.7476790922228569,0.34252987847527283,0.5252296518613306,0.8762579249723033,1
0.03668235133312467,0.5467229399260773,0.20824262872539379,0.8838145658137853,1
0.2524995347228631,0.09135044269408699,0.5247156824981829,0.10828136655033771,1
0.7135477066614061,0.7570082883375067,0.5551205926271692,0.42823813197857197,0
0.8954584332084986,0.5827013589104855,0.7425616472021943,0.4646217246354002,0
0.5118162616205446,0.18663948066791214,0.21980274767577868,0.977683229099206,0
0.5322583139459298,0.1882824833332073,0.3682824940797005,0.677967681715366,0
0.10719188686896407,0.184296752402215,0.36399807051788713,0.4071273489511029,0
0.44753228931738664,0.056980765407814715,0.9596202136767644,0.025813888838959215,0
0.5327622432714424,0.5880676701856817,0.44394375051231805,0.5653179193942431,1
0.24253016340253125,0.8407557798173473,0.7552025074597211,0.09585492587260652,0
0.2693107631816406,0.01745494603327913,0.7509184109616882,0.8344708986028668,1
0.37738346454696,0.04897864056572043,0.2654800486082678,0.752512750069258,0
0.020065461494902168,0.573031263004661,0.5719136017837414,0.46040754766390046,0
0.3221622341114838,0.8198918617567283,0.8944605359229243,0.4290989097217166,0
0.2114985446641091,0.3268650671142419,0.4752075332662429,0.8973805177550223,0
0.32758201391265346,0.34975310969742957,0.9452930735221656,0.2883003510962193,0
0.11978570944702756,0.5966204021051391,0.21437607384498136,0.24884903744338896,0
0.8907775002472634,0.27431028471462504,0.07402746331243293,0.9392527034981403,0
0.5937553599966735,0.026570089915664674,0.8916105108289116,0.8092585177353055,0
0.6792903695842039,0.7355785213486028,0.8478223959376194,0.8206420035938222,0
0.7893916545825556,0.6259398739839979,0.9927821867958997,0.1950052488982379,0
0.49857712663836506,0.5810213610484833,0.6794753268364673,0.1430904173185927,0
0.08693420863975616,0.7420376695087958,0.9368605195244797,0.02578554338374603,0
0.5372528386969959,0.6755479658422843,0.8270829103076665,0.23686665849655394,0
0.5870020392474145,0.2059419427197957,0.8445663830238885,0.7741916838315038,0
0.745647030925706,0.35262132857648076,0.5691845205910369,0.2398645505343691,0
0.43177483663967076,0.12612638625033945,0.3823416671803628,0.7290896990544393,0
0.12760617934016,0.129875311040359,0.9347299141482139,0.2517382873022025,0
0.28384771133362113,0.6765134033463003,0.4321117938483212,0.3951695119215707,0
0.363177421811778,0.8590177101241503,0.5388516219929187,0.9832319694076502,0
0.6460955337686083,0.963207245070457,0.4461138624932417,0.24463942743608855,0
0.5709345026587846,0.6286385564909844,0.5648597391771233,0.3762414399092745,0
0.35618979721859717,0.18414934346387568,0.4705132375908718,0.30093332005332996,0
0.9867936933615467,0.10565537933524993,0.047826677709231546,0.10940837704971135,0
0.6059413079986908,0.8132435070209034,0.8822015060726045,0.48980216037464885,0
0.23728490960128212,0.5790207427397682,0.4443927674249366,0.3785622363010942,0
0.10180076336700626,0.6185709465573064,0.5889935833284454,0.694862287420151,1
0.15289244891788478,0.7818374250993418,0.13907909753151415,0.8176099640981768,0
0.2460184135634521,0.7036097236758536,0.0032312427422169776,0.544175546964735,1
0.16071698310467408,0.8348626277755127,0.24521881332811546,0.03195443675403156,0
0.18661024551788646,0.0561918512770152,0.7046767568928303,0.6188726615444813,0
0.28516736215523814,0.7478773753037489,0.09907171826670691,0.055156346274897086,0
0.17341293726121043,0.851266115401935,0.9090502273224175,0.6163057879299956,0
0.8970174784469533,0.2862389706412376,0.214940612933745,0.6850019203530963,0
0.08024570005016267,0.6407453430617807,0.2045079793180804,0.19757990576862977,0
0.5246539828705334,0.3142813490701677,0.18141418376523433,0.8193621399296647,0
0.41050586514154225,0.9584431186788214,0.013828844450010536,0.9111311888604638,0
0.9826558451092215,0.03338903057921794,0.7719199032009811,0.8131009039676427,0
0.1120602087963068,0.5800576780771118,0.8751853774200811,0.30495664795369326,0
0.3979609494757818,0.16654192467449036,0.6142215328234855,0.5865827386836101,0
0.9697438658515907,0.7125576013114285,0.18810856426514277,0.914862428935088,0
0.8657499882771589,0.17593380438656858,0.285220821351146,0.3205172820585602,0
0.8173006911058786,0.2354593812879422,0.4759367683028515,0.8200440368816195,0
0.2579670246551556,0.4945888393723683,0.9545247729042217,0.009225699365405252,0
0.17092619835109785,0.9152833663062783,0.2472808185661748,0.003395360708188966,0
0.6688281948879005,0.2117775224701397,0.7317461733676467,0.7597081072358758,0
0.9296376320163837,0.14426619972691057,0.4394454273677795,0.7614445979464131,0
0.5569149698013257,0.7593398476878255,0.2977946062924488,0.7889832260878114,0
0.5717691328088778,0.5008409845679793,0.4559189496682592,0.9300791030353109,0
0.28004978275051445,0.912231857571399,0.07107403369903409,0.11769241662047153,0
0.769707562802614,0.14664203686550437,0.798811287567176,0.23180847736152635,0
0.1870871102039478,0.6462289651271309,0.24322994639206996,0.9037685654611662,0
0.32376277543002674,0.23295389344299178,0.7255101938315676,0.17704174705463835,0
0.4255498991346333,0.1567934676586784,0.06821467939641224,0.6822003207789865,1
0.5077480022778399,0.6837510357439447,0.9552776429089036,0.5303843141206027,0
0.24246937431323184,0.5939570659750917,0.19292526636227336,0.08296840510514675,1
0.11485895409073678,0.7551882005996431,0.8828956410242768,0.28510461560829237,0
0.6107879558111481,0.30957928665496937,0.8096009306852068,0.5202902234174647,0
0.2887037862740766,0.44816426088152017,0.9680435120757735,0.8523769244482384,0
0.5813974951291242,0.4056409935056564,0.4779014246223241,0.707517837535782,0
0.15439646713115884,0.9845758274069389,0.7274960647035087,0.6218344371242878,1
0.48126994191867667,0.2923562349639619,0.37068361566728925,0.4959429200679516,0
0.532734401183504,0.29492592382861815,0.18427546905389391,0.2985293357905181,1
0.05182713724847257,0.3546896231368297,0.44307441659152147,0.11903145482539873,0
0.3366916178012026,0.5648505875656493,0.16564967896079708,0.40895756588481436,0
0.13444256311698977,0.25240814542746914,0.9822332140759684,0.02827530319207716,1
0.0633819675737126,0.9157386059948731,0.09612263944804056,0.21087252244682472,0
0.9902396899487318,0.26577828801775816,0.5892617528303958,0.4323725785971413,1
0.3224369942719289,0.8962537265304977,0.6265270243831367,0.41848984002728085,0
0.8101009495646319,0.10347890561487905,0.5381115366628819,0.04405741093276469,0
0.2547038931390449,0.6568696017124234,0.6622616548875158,0.5890006719450771,0
0.6816914784971475,0.9074296337513506,0.11606395463580554,0.5496118694119209,1
0.7604397651249417,0.16878904663083372,0.5550564927931774,0.0778773643087826,0
0.5958022487568966,0.9688046866759548,0.28715607790995534,0.943219622805297,0
0.4717032163653181,0.45307865622066057,0.940349886510738,0.09916281294040147,0
0.4119503769299569,0.9461804451409002,0.7621826548043558,0.8548617731068855,0
0.34895921235039495,0.6771380426955673,0.9726997119322505,5.729619626239357e-05,0
0.9297908321715667,0.30169926468898467,0.03741151647947305,0.8823177122399519,0
0.8308520115103839,0.1883528470150404,0.28507594850874796,0.019473657822643625,0
0.9652990366342071,0.30384861810647124,0.19533371681562528,0.7578078562142337,0
0.12432213464753812,0.09301552109211642,0.011000721593099172,0.36155681282128727,0
0.7310707470792047,0.1438939410894493,0.24225340432625586,0.7382062024145224,0
0.9386047356928076,0.10466493182687753,0.6788576044352865,0.401624334174171,0
0.1812747191930833,0.42312243440455877,0.23101263271343697,0.07067862411332514,0
0.06650418227854428,0.7959614474426031,0.5090251834103725,0.7675056969983397,1
0.7413269360900099,0.14140816766040043,0.8879734702270312,0.07102350009375792,0
0.5746303976204978,0.13033898471978134,0.6938448257648275,0.9221701099034746,0
0.8420646765724225,0.643728652357078,0.3946104651532991,0.05073820454019273,1
0.13980183822468972,0.1972381699996113,0.37244251773126535,0.47922983222823556,0
0.7954895203726943,0.09761066641105831,0.4557387631207632,0.7230188573347078,0
0.20167496996285678,0.1668871448859912,0.17694608775101273,0.39312280820619305,1
0.16369242737679274,0.9241846868806629,0.6340665950010163,0.21705213238353607,0
0.16430246176868735,0.8218685116339177,0.36412346462194023,0.7590872048681474,1
0.8148026060472267,0.35420571165537584,0.852508199453851,0.7842992084105053,0
0.6653811823708053,0.656127260106266,0.7566617147365164,0.9227448461961291,0
0.5232075928864733,0.5375172111689999,0.6105707070166488,0.37603585568700737,0
0.3589243593001406,0.6774424292414869,0.36417288559270844,0.5061651136972157,0
0.877446841620481,0.6829923575690247,0.20984807962153695,0.3629949155293277,0
0.39254886690893254,0.6290256659971094,0.776267831909955,0.25691353934185135,0
0.8168279206518785,0.2661943195231409,0.486422867332152,0.7510265641208838,0
0.4392523970948675,0.03897493795733986,0.22467151287456488,0.33951062359665996,0
0.3770436309692671,0.45576354814201636,0.19508565775154096,0.4280372243348727,0
0.46280419751611046,0.8914092266325335,0.16530144528635304,0.40355341839456427,1
0.3014548555210131,0.5697564514275699,0.7772775200264093,0.7126422524679138,0
0.7478175749739444,0.8327942839192364,0.22891015454444386,0.9178438826612396,0
0.5028565757949485,0.992114835042865,0.5266702231017817,0.6667220433980211,1
0.23226933862749244,0.16365299968038727,0.4515478323612925,0.471484613002922,0
0.8998274531193798,0.6921038340319221,0.5796575421571077,0.7792079503237023,1
0.38399246560721056,0.6746101884184483,0.8773064944528386,0.6409288556511032,0
0.5437010535191399,0.9804395456168287,0.8678956659010382,0.06037768402642732,0
0.9067270190158863,0.986087925474413,0.4510773773304422,0.09544240149869782,0
0.6244099136142373,0.6870020126667811,0.015213870574193322,0.037676833555786826,0
0.11692077615614095,0.2436954217341043,0.42643642280837213,0.45671350369106845,1
0.9400968411067445,0.7989405407780206,0.6062495567091091,0.8258715582123213,0
0.6278809911347107,0.10703492358714328,0.5578036963511508,0.31293324044527515,0
0.3349924547759087,0.7810742225581393,0.6514080479892641,0.38403354861380945,0
0.13930138714845386,0.9106419986684084,0.15397227858886708,0.9095226386487681,0
0.7942470325395512,0.3829903075849179,0.6466053475354769,0.8369251906657176,0
0.6202434488486547,0.630927987702373,0.18255824428375433,0.6650135347185075,0
0.53360631691787,0.4303255674636173,0.7506309089106438,0.2666386858096894,1
0.8941437921184305,0.4379520669099026,0.3390494176599148,0.11682730405382727,0
0.788817458408197,0.31048809701528945,0.7099880308985078,0.015811548490143074,0
0.1517078412372897,0.7624943638145742,0.04772468207215752,0.10679320652193627,0
0.3118020908409165,0.9366366743422372,0.40784608772457887,0.29243980050014484,0
0.24855056934964498,0.9412134758370563,0.705125405216414,0.5517183672851438,0
0.7441534102471238,0.17482419818117823,0.22679273897396257,0.06376852059284156,0
0.033530656701521666,0.8751700984473185,0.795409762054625,0.1360198877050536,0
0.5700456215643968,0.7377826517379766,0.6308444245512277,0.18088751156904465,0
0.7626712469456202,0.25292308385346374,0.5876112195488048,0.631936678426313,1
0.8770118096864957,0.06726862479214635,0.35351575944011415,0.6157390776411307,0
0.3421706989619375,0.2680912567036211,0.48246384276836807,0.5506936943666132,0
0.821487155487832,0.9126552138167918,0.5974022006811595,0.25033098555974753,0
0.11065262980947467,0.6334727612277753,0.47247096280822376,0.37098878291403237,0
0.8466895510835751,0.7213968977599068,0.6984018361602011,0.09646886771632149,0
0.12751451192989205,0.2572403985945293,0.4336921085590504,0.22628228560263267,0
0.39739247388048615,0.7197294792964382,0.20218672829419404,0.8977468986953631,0
0.7975181706373702,0.0280840592218512,0.21385144233656916,0.9797602885133915,0
0.1499498720781154,0.3754741424576933,0.0056480157577567525,0.647619309146866,1
0.22930716794927192,0.6270439141983957,0.3009060705947917,0.9168712299060365,0
0.7224533070733016,0.14612376142005523,0.7490240020963554,0.6427000122102652,0
0.7202366236067809,0.823401672920852,0.7942850295138228,0.03295482852817801,0
0.6413245228289187,0.2351072253478037,0.20238115720363226,0.9968367217757984,1
0.6941408603789073,0.652585666088604,0.9592244752694725,0.09873219459359603,1
0.5428723921582362,0.4053663093232842,0.5024222031941221,0.6826129898492639,0
0.2518614617169167,0.5963173341146959,0.9171443899597875,0.2526665291272657,0
0.3457860065110684,0.10745657291588007,0.7068567752965649,0.39185704162097434,0
0.18163947705360545,0.01686921119729856,0.7225304429995489,0.6458933428332095,0
0.9087060511441597,0.9100099557737966,0.08491581808320348,0.43637786427455216,0
0.5835517017263687,0.26972489322659676,0.2199109230080296,0.2503756344231387,0
0.4009576481076127,0.8200732785016962,0.008660142286437633,0.3343032593814902,0
0.46213001730763215,0.9998450258940936,0.7162224362478824,0.3414075169776155,0
0.947550248119561,0.211494253192277,0.34440198014166157,0.959385771330442,1
0.15338485759881232,0.26526318224375434,0.7867721877211977,0.7986222121573943,0
0.5863905734959617,0.6631701373552845,0.3388979709340916,0.4584465167471564,0
0.5060257962156265,0.9659247840354341,0.819464951426724,0.199633871428433,0
0.6116223940968678,0.9162633011489394,0.13058655404724107,0.8110293714251249,0
0.018103870905964742,0.5030982084394475,0.173276509553709,0.1569814485820634,0
0.8723687169785435,0.7954930972257284,0.34083897497988147,0.21027865575482443,0
0.9323807317380348,0.13576737743726408,0.4084736723025415,0.36588081002225903,1
0.5652877216430379,0.9779209031602001,0.3486680067590058,0.8803841795677794,0
0.6968440344177115,0.9648287832599767,0.763758589563146,0.13157732251348833,0
0.9227590020139119,0.16376581520326372,0.09682778957029115,0.1220217160529446,0
0.707434958177727,0.29953433402192076,0.35118310237835004,0.4938843439853433,0
0.15257225852417555,0.10015702028700257,0.8373775146210676,0.2762485932825859,1
0.5764461783769779,0.2718136272260825,0.06666283803042461,0.5686617964898264,0
0.6068818114964497,0.8163500261448604,0.9425180953924581,0.4515321646179894,0
0.42424374786245556,0.3784700445174263,0.9865069404794227,0.434849120459307,0
0.7366491473350184,0.08839254726364754,0.0884416137993469,0.11175713072336621,0
0.9346301252584617,0.34236018702896587,0.29121746108383917,0.140843379945908,1
0.9258290362151569,0.9818682148923044,0.37237422077298277,0.821095136432328,0
0.4509603016015916,0.6299757665067238,0.7765074209362552,0.8859205351507436,0
0.11325970507469808,0.416336120631124,0.5959792100729189,0.2345079096717723,0
0.9851191512800508,0.1665769102816661,0.6444351840466922,0.11324514927717491,0
0.8391331244967293,0.9866643044518906,0.7576192151122711,0.0531816412204775,0
0.12468769982733753,0.8212459271704287,0.1178628133393218,0.6082444369513309,0
0.9211010160700045,0.2815786784843839,0.8333455503434735,0.7153351215797723,0
0.8701405150910196,0.07005423309461811,0.7057108935766863,0.37267963486837064,0
0.5189789821948143,0.056603728754132554,0.5773875677312006,0.6796460838543821,0
0.5914376608733147,0.12039125330496425,0.8898913662960908,0.7129399399113338,0
0.3991083916039443,0.5810339525027945,0.7003955690945745,0.9353962886011049,0
0.05476610319082349,0.9292194694437246,0.20161330699459512,0.06464236197016529,0
0.3352841675170295,0.496962756377914,0.42973916271730417,0.1921022067364894,0
0.8030778877984531,0.8433545078452385,0.49405932789618845,0.06829590873501391,1
0.0046217468647355014,0.4460780818898664,0.055079303159118354,0.868025868127273,0
0.333585598248355,0.7089189492407764,0.9548164374820374,0.7925943813834362,1
0.39827413608577944,0.7322209017760475,0.12846481296895718,0.5745778637307567,0
0.5375419848141885,0.174006171227572,0.6975494789048255,0.08343829225284813,0
0.9201144598558785,0.36136112684780475,0.5062517961210418,0.2731493954597084,0
0.34643619850450386,0.6375985022794026,0.025483490796545993,0.2975648840538375,1
0.34704358458287426,0.0706824896144509,0.9249158570283953,0.5606744339762146,0
0.7377064706323537,0.3616854332371995,0.8519794725813981,0.2578759268319575,0
0.4523392764527401,0.5350396469757772,0.5242850464660762,0.0727312381875789,1
0.22465922934175042,0.9967175057200679,0.22886528956416896,0.7307492610312653,1
0.45256091684936295,0.47474072138081613,0.12150798987325118,0.29892569348953957,0
0.1408868009154267,0.8164510491679451,0.36336285675879765,0.45226989866014256,1
0.17642721455406063,0.4322511749677549,0.25536057672083956,0.12745593858232088,0
0.49850267856392205,0.7967742389195935,0.5067121233480449,0.8025587893600897,0
0.4190369954800371,0.5956881957175542,0.9665923724453123,0.5654646843033481,0
0.9151032714149013,0.8870283843319111,0.5749984933758014,0.9016285701755794,0
0.3624888221079953,0.4111148672223539,0.890087156438824,0.4953814092253881,0
0.5807474328913048,0.6045826848722724,0.6509506183949512,0.9414816727622363,0
0.6324385657341486,0.6303110354721131,0.4752563576119755,0.8919079636074843,0
0.013086668809358076,0.41755878560228865,0.8547512038095064,0.576396245320252,0
0.6637208456162842,0.14433826176014009,0.47137657318406667,0.9339469705173744,1
0.17807667979681496,0.09355781572250432,0.8687767570027844,0.3229420975668872,0
0.9613412800091974,0.016627829685821993,0.2915218157194417,0.36550945922152633,1
0.14869480354066328,0.8739600503685967,0.12870070911215237,0.045240318795141066,1
0.4147344049066665,0.23655162978421362,0.8554583547808221,0.5891414713134061,1
0.0853631267934485,0.21156978583962438,0.5874645594792725,0.7219080324758992,0
0.9971557424576909,0.7363858457939916,0.8892482029823299,0.7735201623502724,0
0.5023310415468921,0.32013860597249355,0.9380002017021525,0.14961284886272888,0
0.595548450862294,0.50626911729342,0.05348950621705484,0.44405210157173325,0
0.06708456290973731,0.1625472552927807,0.5009882059448003,0.1766686391357271,0
0.7501693565300327,0.9602187460579845,0.3749390081573196,0.6620918139536666,0
0.20995567721956943,0.8519951573475844,0.6259213526390752,0.1577455997525158,0
0.8983067222492441,0.8642100696360044,0.7937133162922052,0.9042074728416305,1
0.20518832318759528,0.4069437792011845,0.2805313868879651,0.23045769548574976,1
0.1907321538124656,0.7627260839700067,0.5568369807619078,0.29124523179069906,0
0.03654877702492175,0.1439021346229845,0.7088207658437753,0.8509326567333562,0
0.4721941172310987,0.008570869386599789,0.13432069979609906,0.4583653288140679,0
0.5649955854396578,0.01993102061452756,0.8141962473317363,0.023751272883405644,1
0.06571632273977153,0.5868703024954405,0.6061655895310736,0.49449580721498854,0
0.7757440207917471,0.45559157722217236,0.949714562312181,0.08431850596414422,0
0.4534104852050591,0.5182463329592393,0.33949087918746557,0.9854151134419179,0
0.5245328270127049,0.007414373872045132,0.10802628787624968,0.588051777991485,0
0.4408807141253439,0.42286536954213805,0.5065220563609714,0.25636415510799204,1
0.4008692662384347,0.7184087616483321,0.08568323907955744,0.5636498923508723,0
0.5597932542003247,0.44288341447870216,0.9697106991692763,0.07663975819563298,0
0.15527425582372284,0.7325675606450668,0.038540803183465755,0.7999009194426325,1
0.18196998790490632,0.23309378829964267,0.7536118804130822,0.9253787790551778,1
0.8620273890959711,0.8135346994336752,0.5251298145701,0.8744784370373584,1
0.9463820272294492,0.5887008079972853,0.368592873931334,0.3416170710086982,0
0.3734074489266968,0.2108257285142745,0.06570758845548141,0.3256223480398871,0
0.2708126468717496,0.23679732795281527,0.6222285776684657,0.03484657342695768,0
0.6441772717809104,0.6283217300051005,0.5852689509049966,0.6513613081898685,0
0.40884272034949043,0.8303414921897181,0.2808245473497024,0.5348275539978544,0
0.02538218228857668,0.4158026641134729,0.9103849589732391,0.45924437799650975,0
0.15618687553423155,0.2583891056877885,0.3040594742704954,0.9076758785659048,0
0.7161711208069279,0.8674338190267683,0.44972623968595826,0.16768138365119706,1
0.6591060589402534,0.6695821529298609,0.543796454211936,0.00941689743566692,0
0.027092321846852452,0.44827815415460215,0.1001094322285141,0.07308794326183735,1
0.22202579420625634,0.48811467811421316,0.9323327155652734,0.22319210724405017,0
0.2311311054720559,0.20431553179470718,0.3745104604277145,0.03304392087528206,0
0.672078674077836,0.6270932227240911,0.08064990648914261,0.5027559729142159,0
0.01970469542021458,0.3588862230654435,0.3872699806645059,0.3139408564503725,0
0.10412755671876865,0.996137871920733,0.6002564532065904,0.1802896214438952,0
0.8001396608481198,0.4803937698400276,0.5136760496465769,0.7500773665485604,1
0.17858552456215193,0.4860989851560289,0.6946291560082187,0.20426579486582383,0
0.6529264083027959,0.5661089828300874,0.0553457124126453,0.6875779160451352,1
0.23824118001867112,0.9172054720447962,0.2844831745877414,0.34912683496414665,0
0.09945899511631208,0.8012040420847422,0.8193617395754274,0.5117429673215597,1
0.24323205709695733,0.4513244049096734,0.07976406805914849,0.9339205635671836,0
0.7224676747594405,0.7190402122261093,0.8556299056027328,0.03711133902631837,0
0.8559364456860657,0.5865038631958415,0.091770705890724,0.5001759244533092,0
0.8304523508047984,0.492583979091739,0.834590747381931,0.8544504474355016,0
0.39728868242788584,0.19236829389046228,0.3607578598823409,0.5879144109009731,1
0.6682699474308729,0.4641376155578296,0.6122672043674271,0.2767087199042749,0
0.20503293244251725,0.2459004243159768,0.15278324250913045,0.39755893195602177,0
0.2932222915612871,0.9152905701061229,0.0660342608568456,0.6802360383777354,0
0.8965877460168713,0.33553773952019394,0.21585657056475327,0.8908513073501471,0
0.012994108522602604,0.9527329396231359,0.12774111490450224,0.04082729540720115,0
0.08552203628253956,0.5332945150901143,0.3123582907736733,0.07130973043974709,0
0.20793574548791144,0.6318375695163132,0.5144068820280978,0.32490551715248184,0
0.026528367436321587,0.5431850859294887,0.5888093334195048,0.23260343726616825,0
0.1814771476233792,0.12939865355379787,0.7899889132434623,0.2647651761262555,0
0.5832013649444252,0.3759742895918077,0.6563135651249397,0.2210899793273173,0
0.42153683142343396,0.09914758225201581,0.6088152490787877,0.19563669035515535,1
0.8929225611495978,0.623242528058892,0.4117694730068351,0.13041423969056928,1
0.8176722911311288,0.4470661983598587,0.4738177587343131,0.9340076840541829,0
0.34190622419851596,0.7783584026733861,0.4145092409546365,0.143984182616042,0
0.2594880781726351,0.22053842912013355,0.8423052827002024,0.20421822781454843,0
0.37979241774902683,0.16460337443203787,0.2299237791970441,0.24609389665708234,0
0.59045687933121,0.40650201966898347,0.005565149238009326,0.9330681175613963,0
0.268130826199127,0.9270402380283711,0.6513918336981277,0.7557092703684382,1
0.62432079935322,0.7107582257416389,0.20237579685665708,0.7897057052551895,0
0.4095204006545326,0.41910031279240556,0.8902713017882675,0.10454005526134419,0
0.5521978709940802,0.5175027465894537,0.8591915364460476,0.8363314258309525,0
0.43624313305228646,0.08420629874847219,0.07659663535781647,0.40807432376158914,0
0.2945407084059442,0.9850625263509967,0.10626813102624055,0.26265662529666933,0
0.9487205594963539,0.6667195982324383,0.49518845133653855,0.5756862397638713,0
0.7638186926695213,0.2855075961184319,0.6092797505020116,0.822199826729306,0
0.140142737576127,0.5860765246038042,0.2748475042562859,0.7786548054341638,0
0.8687117089128408,0.10948949966232657,0.7168927488230281,0.8900366287062204,1
0.4875628881971067,0.9663130308608103,0.5949680623439164,0.9281838302187997,0
0.8948036299284564,0.17482790321862662,0.3247808830541601,0.23794757514381246,0
0.8000788135354802,0.648332542156389,0.025222636977268564,0.4237442700212273,0
0.4253268994341303,0.24553610031494788,0.7502570776993593,0.01438079626109827,1
0.022464277196681315,0.717901705413138,0.2146716145536942,0.8793573065488475,1
0.26874472522385606,0.7771941607605211,0.8346102828410835,0.15437027295510372,0
0.5417818428920425,0.6737358648177061,0.420280706640078,0.8615046105895267,0
0.6336528545949031,0.6147833115488579,0.5771231919475852,0.32924273652251235,0
0.25795187859105884,0.8929052551747576,0.8730988408701137,0.36800170302645263,0
0.13938541325832937,0.07861693761892141,0.8637698219648513,0.038892542265809585,0
0.8351641081122065,0.3310432304435693,0.37149281919860755,0.3267333821673467,0
0.9846800039288677,0.2483706697225836,0.20880477279244047,0.8884022934729285,0
0.5258331222245015,0.9885024758847178,0.7752616907671168,0.025303236671196896,0
0.17171812960661093,0.38955028497116206,0.43307516151842407,0.4062081035655455,0
0.2723757597425208,0.7329612691826961,0.191951931317206,0.031157383342693856,0
0.018384446110890434,0.6850474944567289,0.9045865553603747,0.3707924524810855,0
0.9145560160353048,0.21214458881874165,0.19801627028790847,0.1724446839375562,0
0.11777406917318702,0.23907578007572727,0.02565847080138184,0.2520485168429307,0
0.576674360801259,0.2813858339776685,0.02012932679894419,0.8776334556639795,0
0.27412416787498134,0.4112996943498368,0.6223770623048708,0.4359395919986171,0
0.5543293192215459,0.23440060521492168,0.6617506497125447,0.2736351873667653,0
0.65160029897774,0.019609394648997025,0.3109936169664351,0.5892789875542246,0
0.8299741493722125,0.8798220531815222,0.31996606484562307,0.14190099603293121,0
0.20647033132718756,0.9660860691414239,0.3394558627699027,0.2592240819089876,0
0.010987423782352512,0.34170469030722295,0.6802406553380962,0.546174454969532,0
0.13691424282542142,0.33863950409105925,0.05799649603904555,0.23734834924115297,1
0.9002716522703516,0.007042842764934498,0.9292862748666337,0.679097774123183,0
0.8741354049350947,0.6805705671740698,0.22244173265315226,0.4913998439486731,0
0.5975771320666661,0.8258393291738493,0.9998680145701613,0.7719895408889363,0
0.6006818029836354,0.14663577663733118,0.17142539387917566,0.9483027714474083,1
0.6652205890126014,0.15970098063652394,0.7716608006754484,0.11559030543783275,1
0.17541120800450888,0.7904633101718241,0.22333354785976667,0.3345221542037081,0
0.9146691886681589,0.6165755811613662,0.08071751809793426,0.3194012530721546,0
0.4188820253123041,0.04483228252215632,0.87508413482729,0.1509799300474859,0
0.3832395511556582,0.6228352512978779,0.8588963618515919,0.8103161648297336,1
0.5190586537719537,0.30903413450694295,0.40355494152321114,0.7598752056817708,0
0.0469681388427904,0.3688743378568562,0.7024860948715101,0.4843316968030581,1
0.16632062585625418,0.7701003269696765,0.5571046234435855,0.5376944868891761,0
0.738238995490766,0.8113266784300679,0.8530991722428141,0.05931111547375373,0
0.08281137652367264,0.40052314128868804,0.31500929715872417,0.555436874318442,1
0.6033178269058354,0.9476190605455761,0.5236993120310132,0.7913483371309447,0
0.24540961589720844,0.40663257815597387,0.4853857738659926,0.5737630997535617,1
0.3893984474263339,0.7722060971010158,0.3538728574055341,0.26514078308349587,0
0.28876698838350573,0.484089543085398,0.891611702660775,0.6675145140602876,1
0.3557656631066134,0.8979712620787845,0.1657786337043774,0.36135436515882857,0
0.7192457009518723,0.9082057840120585,0.14940357470945997,0.5447993211204971,0
0.297197445465531,0.08741185092215176,0.5769552254134922,0.48747261830033595,0
0.5665595522199111,0.936953615054489,0.6575683442972107,0.3810473881377465,0
0.4761787456474228,0.825934326969965,0.19453010114659008,0.718861044663622,0
0.663854678303875,0.7916914470865422,0.3906974577737614,0.8839132519233794,1
0.9370935739732082,0.2009685706233082,0.9467399193168262,0.004961689573094348,0
0.7327758703263456,0.8055075077176292,0.24654661055703997,0.9336699608418472,0
0.21499194318288245,0.8505456982376209,0.6684386493040435,0.5114302402842034,1
0.03118066622037241,0.2892559148280123,0.740252662537209,0.7007089975200697,0
0.26232952431685097,0.9527290012953111,0.4481289653593734,0.8556524470920922,0
0.5952412739443271,0.0498346107547496,0.9376988752214999,0.46700424132928375,0
0.0514292969605805,0.14993853823966052,0.736758772111088,0.8349951863911738,1
0.49650056448128144,0.5378228429278042,0.457928301005218,0.17742549446375178,0
0.5970067111314707,0.5760551134130667,0.5693782202114335,0.1589671620281489,0
0.33433053635727256,0.6454507292140397,0.6926999451554465,0.6574343080278156,1
0.7711272506900362,0.016925571456133603,0.5922412603826857,0.8701756446691519,0
0.10661795995055963,0.9608401395163346,0.8788497220504539,0.8924661196295475,0
0.07514823766679761,0.04455966833490699,0.35685674554935787,0.6436988974485173,0
0.7283912404074456,0.1430874858246005,0.2998337169795633,0.5254089142104876,1
0.4956253762146148,0.013969340724732326,0.21375651555955955,0.3312491595921222,0
0.6885931815357197,0.5671161802923352,0.037638494836549796,0.9800690588385929,0
0.4349435604964581,0.9327248518370865,0.042871336254215464,0.3195479249137503,0
0.2464628490649638,0.6662592074908771,0.8702042829479808,0.7441774658608503,0
0.8193315348206005,0.8230553773099762,0.6784746322846118,0.5319036117487108,0
0.7996393073592629,0.013235624847129479,0.660607601392158,0.6084592361089256,0
0.6948891067218281,0.5422594329978851,0.6147018184911133,0.3933569707208977,0
0.27221352276169336,0.4597619333219889,0.8493608851414791,0.964886794581837,0
0.5903925847853703,0.49918849148811795,0.4802785275097321,0.5716171491962215,0
0.3610684023827196,0.07219989775445423,0.8705600438384522,0.9378424390895435,0
0.09159736466716369,0.6847575328512638,0.3594140111441888,0.00734136691819743,0
0.9175716714235372,0.5034432922132162,0.9268765768538003,0.5726057301745415,0
0.13684722397461568,0.7655152475739095,0.6987456135169268,0.7171693997651031,0
0.9505051309502461,0.4855036870207128,0.25711004856371034,0.7450718228075465,0
0.44612528184590416,0.1494106321179114,0.5641260882199006,0.9050209371806528,0
0.1851757286125032,0.6485593023613259,0.5330607743760609,0.004150514336513193,0
0.5420486540417313,0.17242796314390763,0.13778966184825947,7.773023548929281e-05,0
0.8731908855966952,0.8728197249935743,0.591293651576791,0.4721657008471196,0
0.732428557429047,0.6133993324444331,0.3147388561994262,0.029050768349988307,0
0.8067866773031033,0.15723716554947398,0.05220943130021993,0.9745994048917267,0
0.6589654424049761,0.9628125025148071,0.9488329720559747,0.22188541584983276,0
0.6924684888168584,0.518596639226792,0.6415588384176729,0.47256710092651666,1
0.8494337175935952,0.07288553977401513,0.8770704427205374,0.06090512972663663,0
0.24972978503834153,0.6271235136627604,0.6761366665241866,0.5219669724971283,0
0.4895572398532765,0.25328478825878165,0.35695180892846423,0.3798281128516692,0
0.22126284981665545,0.8040809696148994,0.512711109915891,0.04442212830449414,0
0.9879467915316458,0.8182173329025337,0.6758273127798375,0.3349815614299012,0
0.9443253001839256,0.9794309017422798,0.9604332298068883,0.39131177029090136,0
0.039426766563365925,0.5020916681794523,0.25360113441630006,0.9899933859982598,0
0.7057710072425551,0.4551533116914488,0.8751278845269255,0.20770146617361138,0
0.9255087465712322,0.753835606953162,0.9242459502488671,0.5447056215062765,0
0.1806168047532613,0.13249038607683872,0.6704941866289857,0.9873865898634374,0
0.5681005954829851,0.5471623333220039,0.9314373080318816,0.7920262431522049,0
0.9157458568301958,0.5464940536849259,0.39786112891011527,0.9934405249834791,0
0.03394432215324507,0.08946929259309933,0.9531945282765122,0.9683631227109998,1
0.6976137040408726,0.41816025869778617,0.7028729659079502,0.4894474441231237,0
0.2974248040495701,0.8536994892531435,0.04186278367688345,0.6963515394035754,0
0.9246563739673936,0.856569884615948,0.9070349081525606,0.11022678579419992,0
0.9713321446343541,0.09923918505918028,0.48448589439674095,0.4410408677425496,0
0.9445325105226019,0.09071773622474755,0.46033155330999165,0.8090311487561543,0
0.47434202017926974,0.26278656177277515,0.5665086125900629,0.5052483998362175,0
0.8622844946508939,0.875192523625608,0.14927943818940292,0.7026767946788096,0
0.8447860983423627,0.12892035972909266,0.4691737348566889,0.7457432015918636,0
0.31918266589331,0.720338459849482,0.8312625756931808,0.2532996747313806,0
0.8291475768352108,0.10116819615088168,0.015330119966584732,0.8757338330762274,0
0.03700687855651877,0.623426438339453,0.2728556247608225,0.4597205935997499,0
0.5964335722158769,0.35620954579359143,0.0022976520189175176,0.21000145141455615,0
0.23006483272858524,0.7892933824702935,0.41570014062605765,0.8654469716617988,0
0.120590700041273,0.23376564065953254,0.7284146052290836,0.41770320273748696,0
0.07696419138061976,0.6394992160329407,0.7988957755419435,0.7503058048223143,0
0.6964818799595024,0.23575881794812936,0.9453653527923294,0.5479601446295564,0
0.3399632651135989,0.7139984683188301,0.6085614474294516,0.3817443677568667,0
0.724968249505169,0.8741038994612484,0.2545588796488971,0.809889302682987,0
0.0653639205176866,0.12681842268338617,0.9243161188327704,0.5844089456878818,0
0.31537141011831743,0.8670176728145158,0.7754314267678879,0.3904375660816003,0
0.5396382904846978,0.5938476405552224,0.574473297965163,0.10938125216797462,0
0.7909440371548425,0.12712728356736758,0.6957277850669783,0.8954862453369267,0
0.3188345932621823,0.4277232656091394,0.9244845841044338,0.03522867273862661,1
0.6260637803103382,0.1608955789609805,0.71248750730647,0.8632177078729383,1
0.8862266299630406,0.7006787797159575,0.36834664219635727,0.35982695965644984,1
0.6160326432878563,0.7592310906923672,0.7131219048114801,0.6392957599830636,0
0.23301633782329007,0.10580163425375577,0.040134569624420635,0.9222494237633561,0
0.024396318378766435,0.5063643297180951,0.38639405996973153,0.1515037978477102,0
0.8703430864780036,0.8150185635971177,0.4063085518434093,0.5668837479425965,1
0.021264026899610267,0.9366231443171822,0.16673928218776268,0.7644308565704013,0
0.8749472387046265,0.5137463864542777,0.02293582315515863,0.7575795822523118,0
0.5290810287083897,0.9507470611602011,0.1332704832913194,0.5255516453633475,0
0.9393321912285637,0.5359296385431254,0.6546945968246902,0.6246916716848784,0
0.799006478136541,0.3943536303949484,0.8024140033196758,0.757522725038103,0
0.9982159127943107,0.8486150348023163,0.9883942564028203,0.841050734748818,0
0.35080330335080967,0.4931999781926182,0.3463278738926334,0.7618102324871437,0
0.7674022408659803,0.4721082276713524,0.5994328379680098,0.35386842577403965,1
0.4020374623770041,0.4905282940306597,0.9373177208818504,0.9968005259883813,0
0.4800050885496133,0.8471961310746687,0.16694290090113384,0.4343925582449859,0
0.6276783417105404,0.8323445376075602,0.7177409175310672,0.02422018347034316,0
0.8739223789374828,0.4036882402150592,0.755087232664799,0.3624832566351127,0
0.9843611987081597,0.3334296314159033,0.08884911953030894,0.12757229629586386,0
0.7684876848780883,0.4921447138716335,0.861395368994792,0.12122987949923841,0
0.41787798743911647,0.573033497278395,0.8132340492198225,0.2813747717736559,0
0.42146926324556533,0.23841494859625723,0.03325698842828473,0.05314044996783411,0
0.737787547945103,0.7943372664386308,0.09095874239497448,0.6884853007452285,0
0.23883571951194987,0.4866964719048239,0.048986421947944336,0.07376059572252693,0
0.11049495963670646,0.3341757285559046,0.3347038039312693,0.20310364331626027,0
0.3547147953678163,0.10682666829174359,0.5093108293265587,0.09267762375632063,0
0.2873118155021293,0.23892317669649277,0.5323776999901,0.06293589595262537,0
0.29638361106238914,0.9497484624349442,0.2676033722593303,0.26758687991159213,0
0.23366480474385493,0.3052140064383746,0.9117606291851317,0.5718338617583496,0
0.0420939288741735,0.16889895779108244,0.368234885077932,0.9647491804702418,0
0.017867552349988103,0.4608723555800234,0.045408422417217764,0.8755910677093858,0
0.9880011892618672,0.30720315230941786,0.3001752088753378,0.8759684624500591,0
0.42788728135439036,0.03512565945752666,0.5311389577985892,0.17587220214468344,0
0.38442801942972243,0.32326942471740505,0.40820801233667936,0.26474147563673367,0
0.6798354933781757,0.5443539054687179,0.27378130993272265,0.07616581633272156,0
0.21830642678766005,0.5519618199263681,0.13121177051484523,0.778470934033083,0
0.9502288798724965,0.3567014372293933,0.8192956395246398,0.06958664550465186,0
0.7865645993454583,0.4474949942366031,0.9963388070521262,0.5566255822658498,1
0.08942565525389913,0.9659941056326664,0.32950057099354524,0.24770427260394626,0
0.41769192636192337,0.3775023846559167,0.38159785117039746,0.24327288246276943,0
0.8793651722848379,0.2583154494833,0.6180977216301429,0.9907972133269894,1
0.9449981805896353,0.24354759286207628,0.7185370866534555,0.7567752930043896,0
0.4675273115099028,0.4579625831294578,0.39201001313031725,0.8369611154100527,0
0.6135801233699011,0.7598834622543125,0.9050909078599574,0.57191760687921,1
0.16707142389794538,0.2060481969187018,0.5600437163140342,0.8710472120607469,1
0.9914484390214164,0.7096319210636279,0.45039113994391045,0.6454495518004078,0
0.2317281857860342,0.02110855624826158,0.6467430504687712,0.946231261837444,0
0.9429973442645647,0.41910967110839437,0.9529821255919657,0.2811782533275202,0
0.6498260380538963,0.7762373347294753,0.7946747525144247,0.5952621156248055,0
0.6079038604354605,0.33886570431567886,0.039869443940716565,0.6901049909278578,0
0.5128276278240822,0.5639931381495105,0.33226932447333013,0.3928135471194766,0
0.23072600151678924,0.2050386927140586,0.4705528575197775,0.8797437562994671,1
0.1765683015274796,0.7423491021952779,0.3144707101431621,0.9798717416968629,0
0.22053940440215158,0.05225489306102826,0.7002767341399618,0.49367877970419494,0
0.18648144574866587,0.8529569289077541,0.826402795277275,0.3905161442032735,0
0.7798020705737659,0.19825212973530792,0.7314452585303215,0.47184006192004413,0
0.35021657459018113,0.8748242911221196,0.9895244490105384,0.8527636802082198,0
0.0578480469048908,0.35266954934113315,0.27248598199327745,0.6454274309048053,0
0.9693759545652909,0.7230267038790208,0.8751403253138577,0.044534508764312225,0
0.8840341221774692,0.31934735735409614,0.7667352717938911,0.5420950612901636,0
0.9280134486366785,0.9063551981468221,0.3621487067749882,0.017053255368514895,0
0.9951887350337867,0.12665365884418822,0.7342256873824624,0.7785379870897394,0
0.17393474457718822,0.1785647510448305,0.1039548663722627,0.328167335747343,0
0.3963468948628334,0.49324741887361423,0.7894540996287418,0.47190963827605326,0
0.7584497959650882,0.08193048028661742,0.5323605685820354,0.7986873234738432,0
0.6962136432839077,0.19603471367582692,0.29223547048791687,0.046211502961659046,0
0.15392952093262102,0.9442306511321101,0.6558508104932628,0.15834095797817893,0
0.8160613808377492,0.9769718603729158,0.6416885137913937,0.3978382647732588,1
0.22449492994073583,0.3764126399712744,0.20940231349030825,0.22974798084775275,0
0.2238717897474915,0.9237390679803257,0.030250336515564413,0.3377596306810605,0
0.5371206809225683,0.5450703495541287,0.4336177361300173,0.9982493374938327,0
0.5931026494125659,0.26983741195262567,0.5695549500947905,0.8254324175725481,0
0.5802451427971385,0.7027307356574415,0.876756678586915,0.8839389633213712,0
0.09150210073435873,0.6592099875700415,0.9283864005267972,0.9371092019677686,0
0.8777072399848389,0.9896144418820016,0.52883394066113,0.34079507971724987,0
0.26566650354904986,0.2651396608247545,0.7539115687445559,0.29692178309413253,0
0.12954136669791932,0.6723748932493168,0.4393004252750572,0.23388666582192977,0
0.8889977762060517,0.05199940490689148,0.7461875180451969,0.8301364324722419,0
0.9559208673770343,0.1136554537215666,0.20471596330072828,0.6795220380080773,0
0.8623694859111869,0.0038676660967205123,0.3710378183250569,0.23599684708647653,0
0.8097424730565941,0.9999554669632085,0.6342939065487982,0.37686484606656057,0
0.6554230149961147,0.8026604369485097,0.018006570153666246,0.5066252939004491,0
0.5510077108900265,0.7871012337357213,0.7225583401526379,0.5280606100438179,0
0.08700070000964337,0.5099525173367354,0.8356724151549457,0.888766458533925,0
0.40856167970697255,0.300178644972914,0.39912464804410774,0.3804383205724031,0
0.372786467114532,0.15129431192733733,0.4479426173649941,0.9085692484243842,0
0.25981852564049196,0.2847778668745766,0.8514246803590169,0.44125967470274907,0
0.7236211956830718,0.376124374705201,0.7757704277454494,0.7463647500364012,1
0.49600990812475243,0.7566716516105982,0.28809332629015927,0.930306659686057,0
0.08105840920134451,0.5399046338456399,0.32393258075536835,0.9076206110873096,0
0.22023630818317774,0.07747322684605251,0.6789598893711712,0.0567189955167495,0
0.6834480362931247,0.017986031847162742,0.5632389461727456,0.20551917425161564,0
0.07614160743372521,0.10233539527352864,0.16212899327349817,0.47680918691864305,0
0.8514455714845702,0.41067078537387225,0.3098814289806384,0.43144318818358485,1
0.49528048563785,0.9336513923732186,0.9001429230951743,0.6408491702590344,0
0.4807162546277777,0.637698881922228,0.6882593727047777,0.9447661278480943,0
0.5925703427527325,0.802212394311721,0.9861642950760086,0.11218901301090387,0
0.8249118234613976,0.46657728266000564,0.7671252741151662,0.45175421781977676,0
0.3478998422956149,0.3618113976520885,0.9421488896825849,0.19222156049614159,0
0.6782038836137658,0.10840691344544418,0.21610702872676768,0.8941480915519765,0
0.5658866781197458,0.8763601226785225,0.7715991964583253,0.9646437752914013,0
0.26709515109709736,0.783536295737334,0.020066851150382092,0.4786060319728539,0
0.878876707488002,0.1681573598951589,0.6708388151977402,0.10379184831769869,0
0.7976488648838173,0.5124883946656373,0.4692900054065774,0.7852994980670089,0
0.6586338128663777,0.4875890028768284,0.3467245825838745,0.6971172909067797,0
0.8508202026957156,0.6253812077826666,0.862550743490381,0.35453452743643465,1
0.8675375888286654,0.9466524892000336,0.8544112138530551,0.8874457712574954,0
0.7085596311898943,0.580036264279645,0.022151771044903512,0.9758991668500246,0
0.837247812205296,0.5404604160881501,0.6095623098126239,0.5577841401507978,1
0.697664913516929,0.05029765086825222,0.3678041676558266,0.5656607829709299,0
0.6803291275548342,0.06288908949210281,0.4156498152318946,0.2973584734832868,0
0.618781641420266,0.1873965897426455,0.8321764204162534,0.5844450618592396,0
0.7529263361342713,0.03243570776040183,0.30979125948534403,0.4395338694862859,0
0.15864010461594014,0.7437073504664307,0.9432236471365769,0.3020375282853245,0
0.8811181392263393,0.7236737877657209,0.17953938746186537,0.06695467823772126,0
0.872088253334119,0.136077928838513,0.6627983817939977,0.2525381436989834,1
0.029244244960408255,0.8364841637281444,0.6721843349308259,0.19766695634895345,0
0.8260479420761082,0.1548179920091508,0.25212631670114405,0.5419670934726014,0
0.1288961232118372,0.30128775645556694,0.3247073563472469,0.6016146728789559,0
0.3352057570806234,0.2490604670117751,0.8349351465054653,0.6085186373510852,0
0.7437152451624025,0.3724582436392714,0.7619161623542254,0.3880556843299092,0
0.1607955289828884,0.25475044978674344,0.32905416037984025,0.42111524819719015,0
0.8181959074347681,0.489165985008154,0.5339870864407814,0.8342593015707037,0
0.8323672270953963,0.40757825944886594,0.061544252205706584,0.4761363544650098,0
0.5076053154097797,0.9870572131189341,0.20866171203294215,0.9878445228334377,0
0.0063761112925109775,0.055904138383072066,0.48583411960875367,0.43950877074726324,1
0.2871108979609448,0.14220642698793462,0.08584626013062291,0.6495412978210572,0
0.6170966862689322,0.05280198330785435,0.8434720189224691,0.05012696748376226,1
0.9814630555938801,0.6261312608354848,0.7181016684969208,0.6533015095713961,0
0.6319876722859861,0.05448628920157628,0.9438087134420883,0.8514528994432627,0
0.2598683375871186,0.8368451980248057,0.693553708731784,0.9425141777548448,0
0.6341804929737204,0.5121662850721016,0.9405752749439316,0.9973949313140432,1
0.5401325231105648,0.5272435358354581,0.5545503458112009,0.2820185882480779,0
0.7800630688816023,0.5618493704092913,0.6002725228421397,0.5753060965238385,0
0.10700045808345936,0.17085444562818974,0.9771578563424583,0.45061316437701726,0
0.7612400429881396,0.19774576912620834,0.6421978415304253,0.5637497260867185,0
0.5414140988046936,0.3189391588962396,0.030639627829081917,0.15725202281113732,0
0.9632635314665996,0.5937687587641722,0.7239002796126499,0.8561776255751526,0
0.34196105465736837,0.21018005142777518,0.9056302731960173,0.9096145037230043,0
0.6327962761016317,0.11634261374696386,0.7957030704724133,0.4495564957639301,0
0.9322905282480896,0.9705955937625159,0.5838814048901213,0.2802692310346159,0
0.10252823258520198,0.021941003587617303,0.6713824982826253,0.14062704647225097,0
0.9374924391358905,0.8030843773025715,0.9903832542490534,0.683736381236096,0
0.6880763554818511,0.7884140875448171,0.09053626705927798,0.31208163170408143,0
0.0678453682739444,0.2973241126644215,0.6673223822236167,0.9095841203373679,0
0.3010404264775167,0.13564807501022624,0.2833398557515636,0.6709798519113427,0
0.7083686869899034,0.14565558619397745,0.6401583721345219,0.6456444016464943,1
0.06735876759569391,0.6977609101525939,0.607680099578964,0.5593329143401027,0
0.5823300080056405,0.643105952912526,0.1533531599224247,0.045538804710070796,0
0.3459731249657215,0.7831217139203828,0.20666177019416665,0.9319753220865413,0
0.6210864584999739,0.9379419974183412,0.6216910420027588,0.6278907531854582,0
0.04574384598532105,0.6922536401959638,0.12811737696976166,0.9941352350907456,0
0.8717814415504206,0.15588407754260292,0.2651166107870182,0.537279978062898,0
0.9737635833956937,0.2435231521760972,0.8353823593509802,0.71009108289367,1
0.969151113615595,0.8426023443494275,0.3270490790741647,0.055975442478750484,0
0.7498606271192284,0.2093679065610088,0.48807450697960064,0.631690681671077,0
0.13011285354085916,0.07250919875849071,0.9413144984781283,0.7646476768268793,0
0.7584745234589502,0.7036125515342917,0.22707140973885487,0.7785169040314981,0
0.024582508013608548,0.40269405881424714,0.3896056479044958,0.7701115075688739,0
0.022118418736500056,0.9204913209251115,0.6065138880318557,0.22610425080912308,1
0.3236937378809449,0.6505585142199983,0.7554475560697966,0.9754656126281894,0
0.4887752367360165,0.09041566584359284,0.9018136220184019,0.9952557394407894,0
0.7706223163207584,0.9483230773386842,0.9156380973953802,0.07536811334945741,0
0.6834846600059945,0.25864608092965025,0.776756214380832,0.9365007918817793,0
0.44602218495818413,0.33734440582785474,0.22825357432697047,0.2892915197167135,0
0.2736954874539148,0.40242797128821195,0.024660280690440572,0.6892574470631195,0
0.9974060643544471,0.05119950822856101,0.3837514967258002,0.3379691943009674,0
0.4262949817797785,0.49673462566966453,0.14144097856164706,0.9678189531389497,0
0.45150811556333215,0.12333320599752895,0.7104804185714642,0.10128458744508725,0
0.16366029625744638,0.40113717740624466,0.661205983771282,0.4976574087968386,0
0.7950316226584486,0.35084909908637574,0.04382935129213905,0.4279355409703127,0
0.6938745634122483,0.7732106954528613,0.8367310662985901,0.32587776435595284,0
0.22082289145500722,0.8035577428318659,0.2486732039953452,0.6454930177548523,0
0.0823936314134225,0.15344408715068436,0.4322217324878821,0.13084615775124733,0
0.6806877632943356,0.3666991785670426,0.6680115320406514,0.7166447562858145,1
0.6546920337579093,0.37350487927468823,0.42941245329600264,0.9806609609675566,1
0.27332824021392,0.15144055148697255,0.44128565574014544,0.8045698593162791,1
0.951131523515133,0.7988381516265006,0.06549334373978866,0.8600460732992219,0
0.15109067186142228,0.7075629892341997,0.4014273481432369,0.3595020715099545,0
0.43245029000985846,0.19043324769982384,0.764959873833277,0.3247405459749926,1
0.9438817502783292,0.36686999332613635,0.915341342372507,0.5169652723206912,0
0.4198390986890493,0.10581014349744944,0.4134851875461436,0.04548906374710272,0
0.6387020667066523,0.6284979590381861,0.42357743589310104,0.9454154242066596,1
0.39769967158720243,0.12138557287445728,0.7027171401213863,0.14357975922579325,0
0.2742841965787182,0.9864215428478236,0.9429467399666436,0.9030564509470411,0
0.9842553463521786,0.7810569836336949,0.2669973390416729,0.08335707759385219,0
0.4094427319467277,0.3903995199609751,0.4401416561033571,0.8226419934571815,0
0.8943504735029708,0.57882809315704,0.7960962028490428,0.15175979209282173,0
0.23001058538533964,0.9117883185075328,0.6097508232071291,0.037891573928511446,0
0.21315572884094325,0.5543500361783451,0.1104675502932082,0.7194727149289917,0
0.031131599619909148,0.17454124474836696,0.6277963522569223,0.2801046157029319,0
0.651846808466052,0.3788580053951449,0.18665435442756717,0.7144777809754226,0
0.3686230699476309,0.843553999667936,0.5102380996809686,0.5550146341266513,0
0.8646007743982151,0.6445131484486266,0.5291320952942513,0.10859051299489034,0
0.47333741489811865,0.6510280846143637,0.8763546206754995,0.9321830277522388,0
0.9684664849901887,0.8672435936301488,0.4624996070012841,0.45220987673547697,0
0.1855684309163509,0.8944100427629476,0.27938318829415465,0.7344354446723649,0
0.8688669466044388,0.9202437045547027,0.23089001556003552,0.5009322367803083,0
0.7768135712951156,0.09484830878536243,0.8744024467974754,0.6043070081600679,0
0.7711368944231523,0.5443712930144171,0.17091337397177142,0.3026202846410647,0
0.8450199966812795,0.7408624181238874,0.4258609750740945,0.2001734318654411,0
0.7612361302789248,0.7572887376966282,0.18708133531084314,0.5424954854425436,0
0.6263928222303907,0.6069957885261807,0.7734190034205213,0.44011071092164944,1
0.13127183178756296,0.16682586830675294,0.47438216275789813,0.38998852997185296,1
0.032524105569744624,0.7978046345245371,0.35110974743168555,0.6725350816973871,0
0.921106983022373,0.7204530534927276,0.3610692092119834,0.6904803979958399,0
0.616820001079143,0.08613011267252801,0.8523570036030534,0.045682568473593296,0
0.7967598729236827,0.4640111074967921,0.5538114838916428,0.33860297545274143,0
0.48165230397612147,0.17401987234928207,0.7179632607179016,0.4116469626658634,0
0.11733104501340745,0.3376091060942592,0.8971971237770546,0.0966713788910083,0
0.12521096464631615,0.01803814363228806,0.9019019424881805,0.23572564244774716,0
0.6857552380909304,0.4004963681976763,0.3284671274148536,0.05140618482010226,0
0.4304207872711123,0.5501253633506291,0.9526294161236706,0.9963160648247925,0
0.20057205240018172,0.6198692293586641,0.024726856137014863,0.7365460613399157,0
0.49172746091294417,0.6638010403552954,0.3768106800512996,0.0872262797538898,0
0.0642161794022137,0.8366966924239483,0.8959570277768165,0.020003478992491885,0
0.5821308912111005,0.21552811156009444,0.27457595084117514,0.7192709987340589,1
0.2690608632063935,0.12049498304416417,0.27301997270693334,0.43908356711259455,0
0.7977819830456878,0.8519509049940366,0.302571227252983,0.7868020326808074,0
0.31044158203177347,0.15664577301660465,0.6123715627539426,0.9235261560388589,1
0.45534236743777223,0.975241332859941,0.43832958624314955,0.5992442635200692,1
0.011612318727008714,0.8429470316385403,0.726833373545702,0.18691720767356612,0
0.0724565524738137,0.5010981989838355,0.8950684995371816,0.782197851205493,0
0.39259733013930437,0.9819063264443564,0.6742793815742942,0.9558724589382939,0
0.48006832155089385,0.09737722957136885,0.20438104046518646,0.5801689119509044,0
0.600185344729688,0.30317896633023445,0.9328530821936454,0.6819684245075038,1
0.2917367033038702,0.6385212661218205,0.2644283663288647,0.337332760088058,0
0.6951746059197078,0.3501457944116515,0.1497893665472958,0.3814001974229573,0
0.8603636762041723,0.9288283860471971,0.08984121233429221,0.734642732640012,0
0.7800686642686365,0.06560919128088827,0.5634246598734904,0.9278226242691157,0
0.03961883700452627,0.5496600194157226,0.11364478910572728,0.628941991525105,0
0.4806366011439034,0.5911371691810219,0.13866703359222754,0.7898542320865201,0
0.10494939474108218,0.6530329219813575,0.2999785085728348,0.17143873099463186,0
0.24210455051653984,0.2557534565124131,0.28159455547177004,0.21177601944855381,0
0.9869410811620476,0.36471333118373206,0.6042948403832682,0.5319565160099994,0
0.1425258052412598,0.8440899578137984,0.8168755655819595,0.17635951800802105,0
0.4990232122926581,0.19499672950545577,0.7614604029011858,0.6349506431221231,0
0.6183258635420662,0.8272680630264224,0.26241923927877764,0.2914962331321347,0
0.7026598907225874,0.5629108669148373,0.24523922486756788,0.7915394944066104,0
0.5598016088349616,0.7625522862788303,0.9659743885274423,0.8081226554562687,0
0.009762082339884945,0.713945522475032,0.008081346500276254,0.4636869179234706,0
0.3265456653321793,0.2075723427941245,0.8798730321041646,0.1806173557882332,0
0.5178522372338494,0.5690715542676861,0.19964116810891852,0.6467343946660455,1
0.08788069792854773,0.8681457548037939,0.9474606535590695,0.9928598521204869,0
0.35071839414824635,0.4323001535255493,0.34227022488281733,0.6225424055619188,0
0.03320123391950383,0.9670675454768327,0.44034929667283507,0.03553387810468703,0
0.0785899648211806,0.4524100297421194,0.7072122327137649,0.017047106380048978,0
0.3970283524840543,0.14281101836520982,0.5877185367123516,0.3202144271043573,1
0.1327431406563525,0.3895952099845701,0.31789367457965056,0.19559543484395603,0
0.567696094284147,0.9521710237542518,0.553868465556782,0.8130651352783193,0
0.6896560666925318,0.3198431804389381,0.7308068225951416,0.8448300022199546,0
0.8008104717765795,0.8685209673461181,0.04219207826998428,0.2584509925131402,0
0.2001974598288725,0.881680695918166,0.011045455310103591,0.3254989649226897,0
0.16752019198546625,0.35032554871057897,0.4580707104308388,0.23607185689400143,0
0.1045869501125521,0.08325042214839762,0.1317253196316912,0.9084277189261578,0
0.6366057523505552,0.7249020655812277,0.6644208219636596,0.5025615331895311,0
0.7066718260197792,0.31163013234221193,0.21397015762202898,0.6560995459487088,0
0.031583794488907885,0.7832997514265356,0.4328459839038459,0.415365717506026,0
0.9364758993195912,0.4428445394823033,0.19758286010046788,0.6309684617329708,0
0.05197492752216411,0.4854797822104562,0.5485192493020534,0.38572929781740295,0
0.5414438641795272,0.7782827964462014,0.11593659410110035,0.3395372250242933,0
0.7092573790367581,0.38251998631267536,0.022957202929383413,0.6344354772921057,0
0.871213592218306,0.44331729544354825,0.050991873285823885,0.5910032525695739,0
0.7142852697244032,0.3763437416792055,0.9544372319292407,0.2933716163327901,0
0.801952191358854,0.3674889389672895,0.14217860627260848,0.14914485980994197,0
0.3395383689852487,0.5261819067677873,0.7085703507792473,0.368444952104109,1
0.8150530731900459,0.8091897600025328,0.06779236326218552,0.4150811767249024,0
0.08012676581111193,0.361913682394543,0.10804070285695389,0.6286378380762756,0
0.895068136849736,0.5244891233728666,0.5088979444725794,0.9145759495221449,1
0.5477417563698342,0.6710419860806018,0.4648771014487849,0.03594411932997592,1
0.817526456485415,0.2695342263467886,0.9517581552101575,0.2434883315629535,0
0.45243964958706706,0.2776220141191681,0.9450109197127929,0.19352689255144603,0
0.6437552996948852,0.9338717230089131,0.7797258296383305,0.5022064909393719,0
0.5265458103607805,0.7238781690296348,0.6021564061656193,0.42958909782235566,0
0.7317930059471704,0.5774500824510378,0.4549629929683974,0.7290240177607431,0
0.08164234697949337,0.6480221085167726,0.35614636711763126,0.24224282350308454,0
0.060358192218062476,0.029262641482862506,0.9472638080370359,0.5944406664622042,0
0.2471642560226232,0.618388791350311,0.6029636721052825,0.8838943973601806,0
0.15957995571606504,0.5097351962596477,0.5791189807178228,0.9107236636882023,0
0.8720282745496372,0.5459958605043793,0.23182511883074852,0.9588462947998274,0
0.2192668085958876,0.35956791267197463,0.04655648914581434,0.7732620396200124,1
0.9761405687795441,0.08146568442189572,0.9453641710081655,0.9060322930060263,0
0.33698321709734635,0.19339231551052283,0.3136881208373623,0.23435519873947122,0
0.18215982890427357,0.9512128058205773,0.4425873352374339,0.19739316131894183,1
0.7899190781599061,0.4088706481252604,0.11452257972014479,0.0062376729241320275,1
0.6588898289676975,0.46688601305858146,0.8370617336703958,0.7068234778587723,0
0.49833057168479034,0.05268581563495012,0.027483779070593073,0.9375218914242173,1
0.5555152162514171,0.03753395760402434,0.8341271311180378,0.18674407307430632,0
0.7194016198740465,0.717521561630476,0.1401766945746985,0.6368997869214953,0
0.22851027979351612,0.5383366503774853,0.886719025575438,0.7464518630064433,0
0.9966152477838768,0.5089318673188821,0.7298722460363081,0.927665709600768,0
0.9750681598602944,0.24320489154198643,0.164570545576737,0.6468196855449856,0
0.6505052750779782,0.7451059524528487,0.5658597706879434,0.9703591947679947,0
0.19958948779285451,0.16827590632636547,0.31260879577743594,0.3445335652468582,0
0.6804166239463929,0.1899859601124767,0.17813816592997966,0.3497906803820344,0
0.07220800059375478,0.46091175685090846,0.859327454075121,0.5429379370081913,0
0.030649877333412748,0.2863838696469534,0.40350729878198877,0.38337503088861524,0
0.2577470214489638,0.24754571955146343,0.3985264904048904,0.0011736583198964368,0
0.4627473518753923,0.6455383384445446,0.1697887978341157,0.73175931518663,0
0.8685161809456201,0.6512755810373623,0.38304299263709396,0.7517108682587204,0
0.7273712541334867,0.8249159975743954,0.8717664870013948,0.7469668772043315,0
0.7429132743222494,0.4178845891969676,0.3630989947784471,0.3448812047410902,0
0.4256068116963922,0.0730722811950626,0.9517814164720164,0.5222081086399113,0
0.3460250758312805,0.2737634810619012,0.94648488562148,0.3598389568805863,0
0.3711362279801001,0.9804895888609089,0.1447919684416874,0.015789118491987372,1
0.9879283418475608,0.5965324316651763,0.17721599538329968,0.5623807382646931,0
0.04010934725976689,0.7100731203410273,0.8628205566654259,0.12354868956118292,0
0.8672748067435038,0.007309005376529676,0.39274165522878235,0.07981501920864602,0
0.5788339286891482,0.5184368205513348,0.004217724876625084,0.755494134979837,0
0.43873275495947395,0.037496365004739296,0.2738106208738813,0.009256780704920808,1
0.7254592827363942,0.5694892586757447,0.5976819915532516,0.9590702070433662,0
0.48680040723227125,0.9212225184462639,0.7993900866816048,0.5151716941173098,0
0.8736684281810673,0.9688969075807075,0.13327786635009176,0.9830860623992185,0
0.9009550753335527,0.5407960084813439,0.11042255488058572,0.057764043080261826,0
0.4218332948532168,0.4584030168754527,0.9222600983146592,0.5834682547128016,0
0.27689755969316054,0.9454820484803594,0.7512555162733108,0.3491889854546384,0
0.5925128697917411,0.6739260720675375,0.5898298304602818,0.8435063943476937,1
0.9126199859732553,0.06488198439592097,0.7693003010457815,0.36108858335039595,0
0.21071249560509475,0.4659279102024261,0.4288478286634927,0.2603204127337806,0
0.6231381274075861,0.2403238017916296,0.7585654732539382,0.8575816400731053,0
0.6317342908774672,0.47000888887944203,0.37177633519743836,0.3745233413676674,0
0.7333169545893012,0.4556622827015451,0.24402287048709326,0.016586299500449396,0
0.13159473415328904,0.5824109257849406,0.7291127621987741,0.39016447502171814,0
0.7160238133388992,0.35691312232839767,0.41966252077047983,0.6544842416592704,0
0.9092881816000966,0.16430760348344897,0.9815654601654558,0.2541903641093429,0
0.1797243061359649,0.5039425853760591,0.3494506541859579,0.43187663266403453,0
0.23760153586508703,0.8306049275900689,0.9218947364466317,0.056481188591167894,0
0.9716690925603333,0.6643232092533138,0.9331338273911101,0.588032992895323,0
0.18101853042728688,0.33850041442012113,0.2417804543823152,0.7562902509730616,0
0.8546246853423612,0.9359827748348764,0.7983449337882789,0.4131954811780889,0
0.49241097154533175,0.9126545479197787,0.4330694610508772,0.4201178205282635,0
0.24729213400685401,0.2094102533015505,0.9176905607517014,0.08805889462371186,0
0.8709943052828221,0.03938632760717198,0.4501252424176343,0.20175451037902292,0
0.44542455790477464,0.7416620431607654,0.7444084515100187,0.15447345841465923,0
0.5149570967190689,0.8280108839986289,0.46697431993840866,0.4815930973892866,0
0.3593273630439765,0.968342039165055,0.227723306473834,0.5291764593038933,0
0.5931135692157915,0.8902711127566141,0.19926264446359454,0.9489985949802335,1
0.16356031826112127,0.6008109677244988,0.4254234541772348,0.07300296757792157,0
0.39118489518292526,0.5302899187790038,0.7556033385089975,0.59981203367595,0
0.9696857378241088,0.027803450534752194,0.6051271086900627,0.5264185421114356,0
0.2581976981204541,0.2467387432328234,0.6887143863210738,0.5161497483781884,0
0.6569181384070598,0.45981373591842445,0.2822681340233473,0.8731929150414651,0
0.32527404750623784,0.6287954249321057,0.4814473599325524,0.20535329562410615,0
0.7736889256645543,0.5575043165022482,0.04425312406248594,0.04053409994301792,0
0.13090050566795353,0.7429900517586345,0.8176629797099579,0.6722392973298171,0
0.9700945807514336,0.27986736974413784,0.9900835215513695,0.3450180470999452,0
0.45391133907240955,0.5652093103777664,0.4068647787483499,0.017343143815542465,0
0.2361082353148496,0.08813768393503629,0.010809720065587669,0.2512038541301066,0
0.07350672071826754,0.41383933047294175,0.1696947294098763,0.30917561420845363,0
0.169796183867855,0.7505190181738115,0.6525992399542915,0.616787999100929,0
0.519915148821677,0.693727937738629,0.6121374135497675,0.17238981923134186,0
0.33709063333376044,0.9911326913953946,0.7879848188046594,0.412937183104784,0
0.8291154591257738,0.27799053702139087,0.25381576193343136,0.4823810312945207,0
0.43100258706017636,0.49840941979264297,0.7637434672549333,0.4591353623167075,0
0.2487757683226301,0.3296581198992783,0.6880688903420236,0.9740074239468036,0
0.6173148186197261,0.44079168105935906,0.32277056217940725,0.04526661389440201,0
0.7069734050709446,0.857366828927046,0.5455227550446864,0.9510273148130992,0
0.1670793880479733,0.6845311229799691,0.14716795540672933,0.5818753979770007,0
0.16765686619166464,0.8828718579085031,0.4525663339479351,0.7957359655895797,0
0.036670571913374195,0.20356976377987213,0.8813503595058876,0.43028113552596303,0
0.7366069143610691,0.873786809091448,0.4211821442585091,0.4537340826009769,0
0.6639880797779254,0.059742164279076526,0.8397050422683137,0.879362147885767,0
0.47475880178935426,0.8890333212447494,0.5903037620503824,0.8959755881843716,1
0.8444070373471625,0.3292012353790392,0.1917865925620461,0.2385145709108554,1
0.805895420396517,0.31470715183270315,0.5811534150721798,0.19905463989941807,0
0.5855148484464946,0.512316313249852,0.5060040018148442,0.4961452702920177,1
0.8685149556903203,0.9411527710816419,0.3986241456691886,0.9003195422196453,0
0.20589009903741623,0.047754689994958355,0.11951483592225998,0.32220820323443033,1
0.11194089095113326,0.35237111968017043,0.41669784711518787,0.6519757661415023,0
0.26981729264939586,0.8569884805433361,0.07263024111686178,0.7081312366282171,0
0.05709200418338005,0.3962186345762184,0.09864608947567888,0.7786773266319774,0
0.5313140791129874,0.19921316721060123,0.4159054367964501,0.5638567384927347,0
0.9368694610628512,0.42497408602776776,0.3053313973767686,0.4023345397111384,0
0.03934347137779454,0.3857109042081346,0.9257129880950217,0.9670803765866957,0
0.12213418199824476,0.9158649362654607,0.3756805259225544,0.6112785705783792,1
0.4523203582851558,0.7622990121254904,0.7579676372196573,0.728551450747802,0
0.9341379833465921,0.5053394715169564,0.5302767576085046,0.3448433714312633,0
0.31623743184147574,0.9888592759378572,0.7041762169111934,0.6699162095909109,0
0.5073723218462056,0.4654796183095238,0.26004993215895666,0.2576296142605572,0
0.04157344528608345,0.058216885621597214,0.9420794058773083,0.24492470714611222,0
0.1483751827934548,0.2623651758191903,0.5301176720630423,0.7147039040846839,0
0.9869086013059218,0.4362565636203719,0.831459499696166,0.5213130783549988,0
0.9653908493931536,0.15693574106737262,0.36501665393239335,0.6832480068757337,0
0.004929795348927277,0.9480314767177118,0.10008889586161729,0.26927425795185655,0
0.9520800255110018,0.7672162270500964,0.6737914823187978,0.5986670264415954,0
0.6392962315196284,0.26838134911241873,0.007604585139475262,0.4438266050834593,0
0.8681618659022909,0.5910754014775286,0.47530282397434576,0.5969033944157639,0
0.45486193276054654,0.7217916101307962,0.19271210846346776,0.2907225264939618,1
0.5157360003362806,0.941741834858461,0.6274389951257291,0.7154329047651665,1
0.4889786863946315,0.8820655741853525,0.9796075386131022,0.8059409602176907,0
0.6670487094094079,0.5154216632946786,0.46440891253146077,0.25974912036297404,0
0.13968068073908063,0.7750242249756489,0.8176288082286263,0.3004665465158377,0
0.029970765367533375,0.5623999180250498,0.5078054948161324,0.6611184159063889,0
0.30800884956978186,0.5529538812416446,0.4958571259688682,0.6955606047044711,0
0.704876334464189,0.11475197385828118,0.9305938764149673,0.7040779053016188,0
0.20190116853172413,0.12615391766509454,0.8901219815747652,0.6826697117637079,0
0.673618816546568,0.5297709103607504,0.7859198362933455,0.39268391657365675,0
0.9701856085388219,0.268956008368451,0.29620244985414956,0.39473054455672796,0
0.09391668892191345,0.020995573485748764,0.5450428534981668,0.2546485990777917,0
0.6727882572943589,0.7231824185799134,0.22381840719744162,0.15663256256534447,0
0.44386906495168643,0.032451541429923125,0.4439154782633352,0.6925518240380713,0
0.8683858916147018,0.5955501596077868,0.4842260595054384,0.09296678997336436,0
0.17719024179583226,0.5394363826380122,0.8317755800303175,0.9378470969435772,0
0.692817979261895,0.9692926844002212,0.8961866165460748,0.8267047005052655,1
0.8383500975191446,0.48442560190710093,0.4146085089628784,0.8575342374000214,0
0.9448803431325761,0.06358343009863798,0.017552889651881287,0.9067134245198236,1
0.6834372977664618,0.551937402340883,0.8619200085892373,0.4084863476578352,0
0.49730931903114806,0.8415041826982161,0.17418235069754218,0.846725679610698,1
0.6180172787131112,0.9973426393032883,0.6219435168726974,0.15786056528828624,0
0.8691488459951052,0.4305261188852869,0.02482190807189255,0.021396350153751048,0
0.5707658950645662,0.3204213902450386,0.39948959088973623,0.7848960938418046,0
0.03038435677162908,0.9070972302285645,0.9861502745622062,0.0745686242500547,0
0.9312108008467965,0.19129406189280562,0.10057131801716679,0.9885961042610988,0
0.6897178667536639,0.6157132756095294,0.42368479886989263,0.6747650468025634,0
0.6767006749465204,0.4058838743667845,0.3071004893808862,0.7534441048785957,0
0.21572693304854368,0.04105201963732252,0.9052495702108274,0.24563187758393593,0
0.6590675759502428,0.3474259107346249,0.8694889455177659,0.6738337059876862,0
0.3939685824821314,0.26532099522361285,0.2376248023390488,0.04298156471375304,0
0.651412832559464,0.6864142329961114,0.08105862377913553,0.8378477675343619,0
0.10661273558901756,0.9492575195122601,0.6272018011167759,0.16942714756046312,0
0.6580271044620943,0.26814120455118307,0.3363295572569598,0.6973340782736884,0
0.9996959631094049,0.8118577157249289,0.6721636512300435,0.22430153412834072,0
0.048214577333181324,0.055337294768591505,0.031973285284351505,0.0682230666990029,1
0.9774498820693884,0.5383630107321,0.13328848817958772,0.48139894366701375,0
0.4070159729809243,0.07053586484279695,0.6864565330731054,0.16908915406566322,0
0.8709978553911648,0.9344919267627603,0.2122877634841629,0.7294305154469892,0
0.7826039046965614,0.7667183371266582,0.8577323679983522,0.2373911648041316,0
0.5671713527554659,0.6582575706208011,0.058453753951702936,0.3423322592614162,0
0.7386547105199226,0.8242949693009329,0.21540018840965303,0.5673726837571548,0
0.8787622487877441,0.6478217399370303,0.9987546652456771,0.2848091344362669,0
0.4042475200906075,0.9694224620677918,0.43307105905656584,0.3778594589287494,1
0.32711768680369835,0.7142962961730683,0.7030558167599139,0.8156365416392402,0
0.6677780518254567,0.9251124086411027,0.18256967842868477,0.17901604567814355,0
0.8080718491739236,0.5173623919823749,0.6099260506038888,0.08197599259378696,0
0.7624976449492475,0.11707570106146736,0.7262043837797023,0.3282128622536412,0
0.7980366061165062,0.5284142738166375,0.31442975936129614,0.4242633129186423,0
0.4356997589988678,0.12688949053912157,0.8290316843380197,0.5425845933652633,0
0.8180630604388295,0.5927652725723318,0.6034726186076469,0.3722932152384141,0
0.12023276441532012,0.4827045805917871,0.38910246273820803,0.7899180447307648,0
0.5446375656644871,0.6228636742338356,0.5576812874348036,0.03907983681329731,0
0.005748715643652258,0.009999630292305994,0.5768064850807519,0.43165650631795605,0
0.32466963550797423,0.1948943961491043,0.16543588088091354,0.38212865608225466,1
0.3665576539425442,0.4915467943016232,0.4027166233492139,0.6475381877358125,1
0.39627754718388447,0.9509715220610735,0.34339392429169635,0.9663403972474213,0
0.6956600691905238,0.3837663781767864,0.40088633069937174,0.5102901373005708,0
0.3886607177906155,0.4245516994353684,0.7612212508584335,0.9869477438284312,0
0.44881392186704994,0.7150348417699783,0.4825508105187808,0.3020959153997036,0
0.23760234205252484,0.6040707419779254,0.9404900258621538,0.030625711882138626,0
0.3733499073612808,0.2990370870061714,0.2936222000985822,0.16546492387123807,0
0.22732481724505643,0.41098864131366497,0.415692407034264,0.3950018438127566,0
0.07320580870015957,0.21776622881791763,0.7870765894560847,0.31618504566380135,1
0.6036143980012999,0.9664979224369441,0.5460593895260359,0.09683340179340183,0
0.6683976469539823,0.1306531051288342,0.54706329660781,0.43254936833640645,0
0.6196608676733374,0.3719876719300581,0.05320117718584072,0.3379740468142156,0
0.4636186950779764,0.02580027447840383,0.398582458492335,0.12240686984289087,1
0.3798858172168345,0.22184815731022045,0.2706714267089865,0.29596164134057523,0
0.863575872848838,0.7808459317461196,0.999529812909131,0.8864740342760113,1
0.5192227818726718,0.20123260782326557,0.30830603489913244,0.30189532025532906,0
0.4793111418818534,0.08005441637500343,0.8846507184521428,0.7139368742171105,0
0.025637967625701016,0.47466029455817704,0.6763144592412118,0.6119951316985233,0
0.34133653265943453,0.009921841371885343,0.3408788586510383,0.42706862741175144,0
0.3802957763356466,0.08475974508552309,0.5435682962188011,0.2388514366497599,0
0.3989284157247406,0.8080155420188797,0.8406745575936156,0.3688831011616661,0
0.5803313295222359,0.7718432079989315,0.8835220837320819,0.5920487305191188,1
0.5337478132629003,0.9155874032162243,0.16029264968758383,0.35061563163682885,0
0.6080722078376957,0.8549308009087859,0.3395351168631606,0.21471432543511917,0
0.7650965356885002,0.6834970447315589,0.3351836215293815,0.11624838058567613,0
0.8132131572952475,0.05230867654676974,0.041901826100392725,0.8798027311267638,0
0.718322600638197,0.7832247140623663,0.5982909729366952,0.4402047445105576,0
0.9557930275222242,0.8459212418686963,0.8549637690189087,0.6251606871837996,0
0.01822630575261326,0.79946713680296,0.3815511783624643,0.49031854856368184,0
0.19582391561412527,0.5087047940568707,0.74013917380762,0.8725999517454265,0
0.007553460649166219,0.23297659837472384,0.6277640188946378,0.5468615649310814,0
0.6476534645632354,0.845740307630539,0.3756234359053181,0.48068644963398177,0
0.8982829747776756,0.7275083934847268,0.14095175456552766,0.924651477328566,0
0.2435422538596987,0.9812457141352908,0.7094162486823592,0.7196729263097231,0
0.9272954991882975,0.1557250516585995,0.8547087950640346,0.1113339289306183,1
0.06027347361305395,0.22573537721504522,0.6859386100820828,0.17751016394542748,0
0.9346991575878059,0.2118613461086154,0.01772699000131439,0.7871282934477241,1
0.35171444297867765,0.7929211738393578,0.21615136488022557,0.835872721711079,0
0.1014390128551071,0.1869568540503428,0.06934669197988086,0.5451169699956152,0
0.48600299058412455,0.06664349935197755,0.5704294886893067,0.5543844050399915,0
0.2568404341565256,0.9990550994143801,0.756586707071385,0.6318875321927859,0
0.28494503006624633,0.024777953842706424,0.11046039087350579,0.43900715067642904,0
0.307368684721078,0.83564886565141,0.8384757229277326,0.6801695113369663,1
0.8032503877414419,0.3655141837912197,0.5555471199787334,0.10826427344614131,0
0.5393081777441888,0.8420237563778183,0.6900545811155396,0.961341750022331,0
0.31138760035714025,0.5548715325845075,0.9715866859276758,0.7501481385816954,0
0.6105016125065352,0.9020724109848635,0.08355270439033546,0.6311285246784946,0
0.7163496186542133,0.9266476262157726,0.9013841068362396,0.31617318960035556,0
0.2726925270740759,0.009050310635469572,0.1259893753190653,0.16075570097989048,1
0.41365906659696483,0.07540064125834078,0.3929396127406477,0.40922458262973416,0
0.12191029551116479,0.25044305457768257,0.8515812196694412,0.6615410252198536,1
0.18119097794540318,0.6696293033638598,0.9064160948775424,0.6336648950776906,0
0.6813064970684947,0.8887060580976227,0.506392483181628,0.38251402274819957,0
0.1814800610856545,0.4601411147643022,0.5941563935056848,0.6132348520405689,0
0.5253061686848391,0.607252843603372,0.708239315517794,0.8137624521628559,0
0.7092431171158191,0.18855028301679688,0.8328946028816446,0.02604084954957922,0
0.1068967118538507,0.805355049352773,0.12139622932400584,0.4505161950052975,0
0.5674673984237213,0.9678052906236898,0.8101972395577732,0.7585512963604623,1
0.25662658727463783,0.2686932524090997,0.4812881083343754,0.5460709239103823,0
0.9631983836942497,0.4950442293156403,0.45062457095402664,0.6514370622371427,1
0.48367619412921903,0.08611044085684583,0.42389147174019826,0.5165931883308942,0
0.806217912021734,0.5593901724117005,0.5092333965898561,0.9919470794896527,0
0.5503766969433621,0.5030060797674514,0.9452260959578993,0.05438690065132898,0
0.04341366004274408,0.14446277041330902,0.5482393376481056,0.4909532171342308,0
0.6333259142549155,0.4422555818047984,0.9533559474156732,0.09119397229146511,0
0.9516714621925466,0.33423486460761076,0.1801959232001593,0.15958539221121146,0
0.601777084666926,0.5220639500251192,0.7242335993434565,0.3829113482757217,0
0.8194181020206123,0.5859223814028054,0.812368235431407,0.15533853020867922,0
0.8844548242326455,0.008447377773424414,0.6792105767078951,0.9637504627725116,0
0.22813520015218747,0.7613701106309128,0.6069785565571806,0.9468475356746114,0
0.21209555307326022,0.7133521231057189,0.5648542043515192,0.33596726389767073,0
0.6111490083560438,0.36643423229990013,0.8610763539055597,0.639704842546099,0
0.41113769369183434,0.0529120852639986,0.8217786120901494,0.5336757130268865,0
0.840096624149289,0.7552933396003914,0.1221740552287045,0.8156017397125483,1
0.9002761351380479,0.9556456806933289,0.8487291747368886,0.6273987084954913,0
0.3535136639433996,0.24023032815969803,0.414056871499227,0.0,0
0.23692857209027146,0.32364902906049586,0.25362851494480054,0.7631719673630263,0
0.780743388962211,0.1838607515410544,0.8699175567528385,0.746840352360641,0
0.2748752035114506,0.5771993922853023,0.43201938528287087,0.5096372223251859,0
0.8228445683565788,0.154873382144193,0.8084920202442731,0.9029623541833004,0
0.42385121481924226,0.35633625952898296,0.2633387207277025,0.9084913981083568,0
0.6677345527662949,0.6973420774813022,0.003772907172916007,0.5238308436860183,0
0.09555176761729887,0.5603700355676189,0.49547615343670515,0.6079349530104733,0
0.624031131029333,0.3866214657017686,0.10010580941771252,0.9965961298895055,0
0.451888881901518,0.4204270163592856,0.7544842424259102,0.2986656314420263,1
0.5867693159903389,0.5623660282613976,0.27601471440227243,0.32447109352517634,0
0.1680519737946219,0.005815085512150375,0.4436443312137044,0.18258126684567338,0
0.7370787829507944,0.07850003106038983,0.08690646377123556,0.895908008909498,0
0.863039143042359,0.8816880860463989,0.28660256005920104,0.7444798476471597,0
0.21679189379902902,0.07786880601574087,0.7816080940417081,0.1054249345040014,1
0.0957310620084351,0.7071380243827114,0.15148358050205246,0.9818365735239228,0
0.023633898746569543,0.9204894314535164,0.6472300301450673,0.7309487326915146,0
0.6421486326434194,0.2707790660654332,0.9175916514503868,0.8505483182674197,0
0.6072609126435048,0.3706415872570803,0.6799187548346737,0.04791403264491019,0
0.5468465297680408,0.5691802832225541,0.8111499565492082,0.5048738750965786,0
0.2320036614978112,0.8821392349879247,0.10885226608325382,0.6985747046304641,1
0.39100930281929,0.942368836581565,0.25066246512056267,0.54287198995961,0
0.5946395015323428,0.739915626518509,0.8946965780734359,0.6666134121993361,0
0.49690129393823446,0.08661436717397475,0.7152000488950065,0.8178895723444978,0
0.9880643383041083,0.6694679541743875,0.6396216126640368,0.37420720910092875,0
0.13646823420399756,0.4104756867058619,0.6638430629025436,0.8486942768459071,0
0.695337321672921,0.47090605824516363,0.41418885290012497,0.16271696085142934,0
0.40442601901567293,0.049122464703075686,0.044414547628825574,0.27072229664766545,0
0.42831388795004444,0.19111397353995763,0.7845604338501957,0.04310728857673632,0
0.7177971356034052,0.7908939035429912,0.6787948349976745,0.3642937095393458,0
0.6926281225495421,0.454154718144574,0.47281343376146623,0.3797815172623773,0
0.9915358322768779,0.30177467774557964,0.8999191826938144,0.8052819753638121,0
0.12842040534979554,0.38417663645929423,0.3361204366223234,0.6530921868623324,0
0.10412862443222777,0.8548148148054091,0.29426775859559484,0.4366131502086912,0
0.7245401692660527,0.7493565660220982,0.8729463817834144,0.6520751619909486,0
0.5785453522928223,0.2724117530649597,0.7971109718637308,0.0525481122400423,1
0.27422964475371947,0.11751336797467182,0.5150036565883909,0.18007808008733953,1
0.07943108391175015,0.2520834449897489,0.13062305262618423,0.6269007907886922,1
0.0856717990489849,0.9212081119754023,0.21498953229159667,0.6413244803718684,1
0.8944421714436159,0.5818546561860147,0.6563016580869601,0.7741358325261739,0
0.19191210472764658,0.5337196665689623,0.3850192512213866,0.4028792989639689,1
0.32345501067032284,0.5966675301098734,0.8366104362994164,0.7225383656777123,1
0.2267114118913539,0.36617597040606675,0.9501322818188171,0.6839519596479311,0
0.35508905357647,0.8074964084785679,0.8057632931920011,0.9634565789012252,0
0.06943261850527592,0.5235201214738705,0.3775207924166253,0.21494819490767395,0
0.5192007811773675,0.11675901742064987,0.788806818287938,0.5516078312436233,0
0.06762080674855146,0.12908298854625055,0.3514078354515249,0.6017091241706868,0
0.8005802128025918,0.5371004557728121,0.1670012278947297,0.9987226396024497,0
0.23376916628264927,0.9370305439442257,0.03324718325939813,0.20099754002926967,0
0.5401590658017484,0.30846822342540303,0.38569496439875905,0.5231369596133001,0
0.8803262347994804,0.8699647670167163,0.903720211267192,0.3460462275379522,0
0.6510571199993793,0.7644614071692928,0.23891308403720046,0.5258127848993777,1
0.5331028634969764,0.24789537270830753,0.2064282070292336,0.23195214154930524,0
0.32441748460042824,0.03630780488941632,0.9700050648797856,0.04737544544313413,1
0.33308819339754797,0.10185021517916848,0.02485513220320712,0.572500566426557,0
0.6696721782602515,0.7288402469645705,0.7859015150390434,0.3357118498571954,0
0.9944200476440439,0.19972628865858688,0.3213255106806372,0.18174849309089627,0
0.6620221641020383,0.37142149781100997,0.03734337958384515,0.3237891938825501,0
0.5579357942404728,0.5019212098120267,0.9179684717224745,0.049043815067422614,0
0.7308537183167125,0.725812823637586,0.13953378530622018,0.9505011900777888,0
0.4653307668442541,0.11324041099112225,0.5518161097530836,0.5810858402752878,0
0.060148389154267,0.4065362127080583,0.27399307293073605,0.8147831723584998,0
0.562450519903747,0.48528584280209053,0.06505799708531157,0.42300433097518964,0
0.9578952340403863,0.5410705474116968,0.04978229434443193,0.9033581781993273,0
0.1753428516445829,0.8187561958329583,0.1154396583331021,0.483224084636533,0
0.6901961471387732,0.17171940805081398,0.07123438658768322,0.5738808869607206,0
0.2009811346133099,0.8082212369287163,0.7606685830221664,0.491702620949927,0
0.5359736053062024,0.6932052257496961,0.4855796733139073,0.7332660796249973,1
0.09669323897794858,0.5561225406709172,0.3428552376800482,0.5665892534212985,0
0.45049172871327003,0.6998583119332613,0.41835867901003354,0.27143539883368706,1
0.7563740389636652,0.41219064295873764,0.9291165979197586,0.14533469249692382,0
0.34766208874202,0.1384205632888209,0.9109152572844863,0.6060704998504922,0
0.6650956022122602,0.6660771819918399,0.715771116758269,0.4890877457288634,0
0.795672223010069,0.5249069383317746,0.8848366266312766,0.09575461406544097,0
0.9274388160010644,0.6396722819631018,0.3196029751605991,0.3954945862675139,0
0.23469943969220808,0.33813112728801453,0.381085952506389,0.5146925950390778,0
0.3994216956424376,0.9073106274806788,0.6137708531516708,0.8269116984776649,0
0.15244919276373992,0.5876388545541724,0.6236881154257858,0.07587345958662237,0
0.9927637016793582,0.08539642361892863,0.4817119452801961,0.3483570251515251,1
0.9272619124430771,0.4499975992080696,0.40064137018501356,0.8226731987127115,0
0.5401042653685816,0.7567176345559119,0.9863703616583521,0.6483839057811542,1
0.8422692543285495,0.7945168417974644,0.8212554565785055,0.28980081407504854,0
0.5210995256988684,0.49481520505664456,0.43497582597947115,0.8453596307275439,0
0.6237574138932283,0.895184980516504,0.727391211125699,0.493202712921581,0
0.08913900079228955,0.2677622468354901,0.26949897413241786,0.4982626814549862,0
0.7554808680073806,0.4107708236994707,0.10004685822593729,0.9766548638549414,1
0.1277393993413784,0.899036429450975,0.35239753650261463,0.9471743692655546,0
0.8262988955345213,0.8966949530739612,0.4029571384113595,0.3583976498617185,0
0.7822464032170137,0.6860356405459855,0.016385157396399563,0.14037266413963326,1
0.7089414644621056,0.8593983587212142,0.8149215987755909,0.32552092744642125,0
0.03615937523246594,0.08876905326182083,0.35916229859716964,0.030240713514952514,0
0.30320585202770534,0.8654160833367728,0.5804650934519202,0.02052215584567331,0
0.26317829943504956,0.32074273027628664,0.07383147570404702,0.3953992254828341,0
0.36023066665218567,0.17837637103654203,0.17490075425618556,0.941075690630616,0
0.08765687975363338,0.23944814012444482,0.8898497421639107,0.8713903783299662,0
0.937221695342259,0.41814467266927036,0.6087444268600919,0.5113579144226488,0
0.5539534469261567,0.2512767861937615,0.9504614387179657,0.5651590884284606,0
0.3056025112658712,0.32069038107418546,0.9989445180941203,0.005682904132062308,0
0.39708661048234845,0.13499958993999073,0.37183347940506906,0.2153192458833222,1
0.44732240129977763,0.2962861959765126,0.29875065912035126,0.024529709054935664,0
0.6007592986913514,0.5725445343089639,0.8585010184215278,0.7545342845048748,0
0.5158194239768641,0.44204296033835977,0.9988058618500091,0.14544099202744146,0
0.9196506803242229,0.3468558854977992,0.6297055241019507,0.8690793824284021,0
0.49709797580178483,0.7468082819390354,0.7952633881574229,0.6432826163618617,0
0.9924381186354259,0.8939467029516335,0.7818637997603659,0.22924132782436232,0
0.85166367929619,0.757151040063663,0.3553072451339716,0.15751947032774374,0
0.208560188261335,0.33212976180607345,0.5743151394523451,0.6275778582960316,1
0.930857216043427,0.7447972195868697,0.8331929809013658,0.9008796788905427,0
0.1163889770047931,0.15201060220593288,0.688198790882403,0.7183431134952931,0
0.8176784396913196,0.1303365382989865,0.02101347876594417,0.3484083453228073,0
0.3807235767832177,0.34576356310164424,0.33666663312389034,0.5873235642215583,0
0.8782208487807244,0.8080920834168808,0.14436885653951492,0.3106110056379947,0
0.868300302184652,0.24643037475629104,0.23289658694000792,0.9992244858656033,0
0.8061507426189806,0.06323521192228565,0.9056510658814361,0.7488320720688362,0
0.7902511049275648,0.13172884789461037,0.03674850187080381,0.6143304569146512,0
0.3047570911849593,0.8591626510462778,0.21972044090895082,0.42314532238597413,1
0.08093143902060788,0.6340777023675761,0.3095207448123176,0.6181023431917196,0
0.4030870360671474,0.2532870458522902,0.6169438620681902,0.3414754847899091,0
0.17356390133058391,0.5555472367422931,0.5341322807873041,0.028621762248384336,0
0.6951437996397676,0.5278158470982248,0.21818867169790934,0.39496546947758393,0
0.34618985826178844,0.6557422603793537,0.1641411989047583,0.9305332335127201,0
0.9758854388219504,0.23326247070118633,0.23672375892063258,0.6262538183547401,0
0.6411489156672142,0.8648237699505366,0.5025490811528783,0.08373068106722886,0
0.8227107741469191,0.309485220774822,0.27111563662707283,0.8850311195768843,0
0.1325520031680837,0.6944591387186962,0.9477789443064779,0.2687104318202451,0
0.8622563176512509,0.0160806257891819,0.46387103798486606,0.2435968476567096,0
0.9230168871583064,0.3728084667555862,0.05865895514023123,0.29693579866987085,0
0.48719350018068486,0.3518496770068147,0.7293658359763668,0.5771388682907996,1
0.6064195669824947,0.5437293680923476,0.3288034798840158,0.5446140695752087,0
0.76502305344842,0.07272326080955338,0.6535616336025427,0.491322270896955,0
0.17487840001645283,0.7905114602952938,0.2795351901774339,0.7175194882511292,1
0.5027022167903119,0.217847276112769,0.5707872569956507,0.31638893460986584,0
0.3987686156250811,0.6773559332725219,0.7722670619385283,0.7820682942850412,0
0.14640539495188704,0.8035993772437813,0.9281782732680028,0.1751266002058084,0
0.36763085684297914,0.5621319737026926,0.26106145023836547,0.782624744097968,0
0.06818071713390965,0.7412363083837779,0.3348172631366566,0.6637751218479226,1
0.025807858710185108,0.6621701142857663,0.46427237835474955,0.6831796836163411,0
0.13519439634283797,0.35567174930907974,0.9273440750907866,0.48145868181674945,1
0.9633866753963491,0.8092488869150456,0.9015469981046493,0.6669675952210771,0
0.5496794857288844,0.2948099918787266,0.08975218218190406,0.07957066161835796,1
0.9660945209626564,0.5714730507341894,0.13181856045873275,0.8515776629536006,0
0.4326134152499237,0.7457533144840118,0.4955261554951491,0.05531290103327263,1
0.3118961837903294,0.37911069801037467,0.10649907985025209,0.1485377204463186,1
0.5062790546196172,0.3028806494031038,0.3455449680798992,0.5767262054623228,0
0.4396292879489484,0.45954484710479626,0.14827991720411404,0.7394012492652942,0
0.10568411656455796,0.8183588311752183,0.6361069021301091,0.07602401742642582,0
0.6410031101508846,0.9303784460826465,0.9496725421213483,0.920814043779809,1
0.21609006990867102,0.5453292285123412,0.9969275428108091,0.9736741969063257,0
0.6197585052632418,0.6617757914485489,0.37521568913754777,0.6058962268785799,0
0.6503806444926047,0.9037157036656591,0.5990661235178436,0.4811486384875564,1
0.1520579175421316,0.09854799302995776,0.8564118801554272,0.7413854161563028,0
0.061356028663634446,0.23215288649612198,0.1173457043658317,0.3282124293059817,0
0.7809795292029209,0.7092355831250341,0.6896498373129276,0.49317355691167986,0
0.45992398894548114,0.8241429663460904,0.4088300708116037,0.9161987443721576,0
0.05816926027132334,0.8574457706196439,0.20606107292797304,0.9557160897745902,0
0.9951472173525198,0.4152817736802614,0.40273787972469677,0.9271204118492715,0
0.05778591307290852,0.08933599907808887,0.0758292798246174,0.2622815431608393,0
0.6952279643370373,0.43796849821979134,0.6954946357287781,0.23229269123645893,0
0.9839565358169802,0.23080816241604918,0.2526740171410964,0.2975095237870804,0
0.2392387964486617,0.29130315651624006,0.3113576853249924,0.4412032082714551,0
0.14227955863993003,0.7726378551551942,0.12096620640152622,0.3140178392304458,0
0.12140899423338601,0.07551561425493247,0.8648063003975466,0.37408290115306864,0
0.3033526868137417,0.8279818242159598,0.4934605291064713,0.6205878193636577,0
0.10106388514344398,0.4278505657879137,0.57219088796964,0.762523046242757,0
0.6923532321121072,0.59633768088029,0.5694757359142741,0.7355467292291499,0
0.062298476726446186,0.08964849915857798,0.41048010543082114,0.8144379449845912,0
0.5095602844843147,0.33749107409985335,0.19244002529849524,0.03194241394309148,0
0.9969782923012116,0.0896972136155938,0.7452377750909136,0.047496896485122495,1
0.8141979775843919,0.9620177326691595,0.12694328103690822,0.7893891319101205,0
0.6153887040432362,0.8076511222123042,0.10375262892381443,0.5330009937010203,0
0.3063320358465769,0.45983174840626617,0.7102377231551529,0.5780776134858516,0
0.6240676533805625,0.2236722126209294,0.2087528822329432,0.05235155754197293,1
0.5271848011749976,0.9339137242367475,0.30672315749637846,0.25514493921943904,0
0.4261970346414924,0.34473255717523443,0.4752372913037206,0.638310978725559,1
0.13073717367649101,0.1610197851832087,0.4493520138712128,0.8592109368865665,0
0.886853281178632,0.5634201113472574,0.7086712582874455,0.917031387536088,0
0.4499052688798131,0.944238393504925,0.6234938930889982,0.5003309636060433,0
0.19466810198667223,0.003779533381194078,0.6444656565806284,0.5454004665248201,0
0.36785585156851747,0.23820246485825614,0.7141483951187837,0.8330701133881162,0
0.41423988833975317,0.9389089949935112,0.29255813897518834,0.5375482619345818,0
0.8277695931773071,0.17112685536084982,0.3222892065398213,0.5167753809542119,0
0.7338184601587363,0.11325264607220387,0.4379944403517442,0.9051281282786934,0
0.7695194679593804,0.5704467867621243,0.3074128223532071,0.7899390724531031,0
0.01102286997233333,0.8622632037896238,0.9851274807801715,0.9091179240464751,0
0.41626472921578656,0.477318388078535,0.8141812625182396,0.2180660447579911,0
0.4814740516995939,0.9950563596545328,0.164554965832032,0.5242948056437472,1
0.019186282095364465,0.6794909871634891,0.005438328860989827,0.8424956989950151,0
0.2598779680989924,0.07406263973656202,0.04264055874917716,0.11093171727520748,0
0.760501746577549,0.9933232855560972,0.2439917380601102,0.7946700556921406,0
0.13713838437459225,0.40806488136664676,0.11417379899105384,0.18278081297387702,0
0.5354559001003298,0.28750715653420755,0.5333684362620943,0.8081310665829642,0
0.21525351350095823,0.5581320105103273,0.8581400587152359,0.6119489744752529,0
0.012112700555778913,0.30442147742132253,0.7368522907802557,0.19304678446006351,0
0.24126074420701132,0.08645202453456147,0.21552731353063592,0.4732567768513807,0
0.9761490703696063,0.0013762698434760523,0.3992822985635911,0.6818761134438843,0
0.8017611640173737,0.44977684052823363,0.5079155562039901,0.633808099455837,0
0.959847167649311,0.8372691150280058,0.8103338289933717,0.4271346828766813,0
0.48798585821084217,0.5725759225864282,0.8392597819000471,0.8994087456107215,0
0.10975682820061385,0.9997019460094636,0.9098813919127267,0.519181058071097,0
0.5481089771385477,0.28695096374404905,0.5092670737212543,0.5057805517354426,0
0.454499305088085,0.2805558806713657,0.6943618341490065,0.06201845441182578,1
0.844593725996851,0.15978413704286254,0.11168200578074305,0.9221700637247643,0
0.09809978358539288,0.16410062894589572,0.5653305511794215,0.17692207875401283,0
0.48837306513017276,0.28529000450378916,0.24862172902518864,0.5282653132730578,0
0.15008114801339273,0.7932216160248737,0.43171136206660776,0.8035784214254854,0
0.3247597589905953,0.9062002326837675,0.6341163534365961,0.21527135131361433,1
0.7375622575173061,0.975568600455345,0.25691878295273085,0.5272935914443984,1
0.47614646332733135,0.2323640783829486,0.05204566454315085,0.24051125287113181,0
0.37598717613311305,0.881727585528866,0.010079665925395886,0.7596914392359225,0
0.39458063531795917,0.3283820966047628,0.02200955154413009,0.5642735850153718,0
0.45957022959052785,0.11284951818142908,0.008194882454915842,0.856003856442781,0
0.7852357381329685,0.8704487887459793,0.11023618130632684,0.8945986436447386,1
0.8923353664002261,0.6364013247660267,0.239415387964236,0.6486935579055737,0
0.9556039624933841,0.16476830240446017,0.22114174428152467,0.7253764450537981,0
0.7871231353732725,0.4300139222112529,0.9869868616077184,0.5491475613253777,0
0.3154880023093316,0.28736223820312023,0.30595624093736973,0.3843021866019455,0
0.688325412480741,0.7371454300547375,0.127307927613181,0.6480777967406223,1
0.43772016216200904,0.453611818408878,0.5455971773968358,0.9083337642600756,0
0.25473386923314884,0.9897691526050041,0.8581022780639174,0.4165644039606957,0
0.8411071977782001,0.05472212319892655,0.6781417452902758,0.31426053232524775,0
0.03842600997330746,0.3551569363625857,0.2960287244171411,0.3883117057164913,0
0.9020155151861748,0.48211136230568474,0.561656455529139,0.43528778803932144,1
0.46160152293125034,0.5033563845090079,0.7149503214233093,0.07333260027519226,1
0.6373772063929629,0.316056079527292,0.7282035126717616,0.49835266005899936,1
0.659536165670691,0.7295869711486569,0.6666157597326645,0.49422371491744044,0
0.8953693100290548,0.8751735241557723,0.8709597810032719,0.5883841440687252,0
0.636845255378788,0.9391808054144715,0.8702545659126031,0.3626864020770475,0
0.614102472469764,0.8054816616081988,0.5789829644794438,0.6130559955647007,0
0.06666000127723855,0.8509934060406428,0.4298501899010816,0.8782515952964032,0
0.518548820563001,0.5507941090444506,0.6416387931105518,0.9555315945824931,0
0.15020151952103533,0.8262879055091332,0.8183428048289372,0.5835509490809001,0
0.7376389714019181,0.3036173543806999,0.005496298260339927,0.04235237528925173,0
0.5123609004203749,0.39864424760595263,0.9921891107580336,0.9693011126293788,0
0.6804161605872447,0.3170338063998299,0.18280048328276877,0.7058408593929442,0
0.04167351625508468,0.4675905785219143,0.4702570539280515,0.33582121838216905,1
0.08480531078419416,0.2856832400828191,0.8721795211514376,0.14695339246888073,0
0.7165223832798452,0.9620854891484658,0.22496197615888036,0.1432130783110669,0
0.07209389407033108,0.3129631913666371,0.4768056011891275,0.1675468446292489,1
0.07126604248044661,0.09804540449176269,0.1324711449877043,0.04533492009692733,0
0.012100397530157625,0.5270529729450049,0.39505787839357964,0.9021973189564589,0
0.9567710173580986,0.057077509281603156,0.1770401346450754,0.5406929242929254,0
0.7377135840726898,0.11055088115392397,0.36359820908315754,0.6999362767059315,0
0.3533436431631873,0.21945674494649037,0.3734381466710843,0.8281273722087191,0
0.296611138778436,0.46455182882368273,0.9933633053630473,0.791547884821851,1
0.3497944210724323,0.43343547077463374,0.9950061243271833,0.8826423472828294,0
0.7748696782549018,0.8000771871200572,0.11466896641105961,0.9673190885213064,0
0.6615534475384643,0.7398269837472737,0.726067046313382,0.4389619763353656,0
0.18523838606022686,0.42649903380522236,0.05160593136537983,0.9503943876646516,0
0.17414889364335934,0.33383420067819536,0.030044864591744158,0.7232744585687619,0
0.09841294457180931,0.31658933323273164,0.10521324790485664,0.07043881352097928,0
0.6604852421581654,0.77436633219006,0.9656684075393756,0.6817540281969547,0
0.7645857862274459,0.0520480827565164,0.9410376135972598,0.6866891834828232,0
0.2651127264962317,0.012775819092407659,0.1938384232167678,0.9059049088050507,0
0.02093948167634528,0.7959274444903821,0.16157156117991178,0.37280181816588465,0
0.08218419170680326,0.4773549664053123,0.2404621289914033,0.584850659032595,0
0.968132993886963,0.13089999733241164,0.5155710400748603,0.011939008070426034,0
0.2955200142196226,0.23564215407726863,0.5697477807779734,0.3319315376428642,0
0.7694376981189918,0.9329620509125398,0.22151379172276364,0.06201158837965043,0
0.6248356116933417,0.859921073481952,0.7567318675045485,0.5217914715918163,1
0.3820403100283729,0.7101211120460249,0.30950455626863516,0.8174630195104727,1
0.20573610592816244,0.4824366036473,0.9222987839122965,0.2062578134027295,0
0.12141047340518303,0.520555875033315,0.6567965486335083,0.5273613692372152,0
0.6151821731389638,0.9757260522580902,0.43634730597949556,0.2038229600591305,0
0.7748499219039019,0.9662467696504082,0.7900328230491738,0.1204754844564232,0
0.6440819540632892,0.21533414384625882,0.818045324613486,0.5109117262557844,0
0.5304464293055016,0.811496144868908,0.2904262654611287,0.07892202349683997,0
0.04195192092458236,0.19729788690176076,0.33967656936729185,0.5872945905983402,0
0.9687619215168062,0.21360162715374376,0.9361274881187356,0.031095193831675194,0
0.7989374137151715,0.6764106348744976,0.16464134639711148,0.10649740887440057,0
0.2928965022317286,0.4051701579156912,0.04200748424248957,0.5499252017023668,0
0.9802468494075498,0.9320019791506429,0.4540576789708197,0.5913487005978266,0
0.6020469334820711,0.08900565077119982,0.8013347066391248,0.028743892897490117,0
0.5825822801949171,0.5117530689071135,0.7717824925824459,0.5733121664330355,0
0.7482815106064256,0.9189719667674359,0.919697169965481,0.8385247947472377,1
0.8119968491215538,0.9045562021945326,0.5332309372563557,0.7223003683810132,0
0.6566600053160874,0.15656212573132944,0.09994216664084377,0.13097556064634588,1
0.1281217744758999,0.36678573868781683,0.5887388193272045,0.5924162850327153,0
0.33835533467043566,0.6194077838735472,0.7785123735839434,0.6722202835403949,0
0.9283449032023864,0.15942936729519985,0.09320323919531859,0.036990866492663324,0
0.22467002141807502,0.9684997316176949,0.17256050142900392,0.8553754588508291,0
0.3722648205957542,0.9151976981219727,0.012137196158391816,0.9063118756359434,0
0.43219229607117515,0.16698880138576566,0.5937041752246941,0.8504784591369203,0
0.4395225576358909,0.12116899097851608,0.8868893649519336,0.8246491913812886,0
0.613108177919941,0.08540242542313248,0.6707420753778024,0.7449568124256396,0
0.9433415090453314,0.9098891262593849,0.9822286772808937,0.6333870919205422,0
0.2407518488443463,0.19367704762383475,0.0628980858147159,0.6785968776030081,1
0.12152546534989568,0.41646017070375674,0.9031617958238698,0.8064070400938661,0
0.1975169174678289,0.4490444521768504,0.8141976292544086,0.6624630450863087,0
0.8871740604441793,0.5992864088264493,0.3141945610632675,0.32758182705811,0
0.6459890737970834,0.07172179433946457,0.9737121385918357,0.3758317805566267,0
0.2859792213558746,0.22683001102572664,0.287881510741947,0.8970989283020527,0
0.8161752282825108,0.9319479293633739,0.8894606034540828,0.016875160075763423,0
0.861611642232331,0.9088550031670257,0.8809014387347673,0.6987970720014077,0
0.8467516162841123,0.7816658898112161,0.7577670610272733,0.9548379292485963,0
0.9191851038878266,0.019359020406108485,0.5635114236131002,0.7062070884414268,0
0.25230355294111134,0.32713309182201655,0.11988727734608773,0.9939851907807514,1
0.7552523090693297,0.6282499614753521,0.5320015739097528,0.6875177008515099,0
0.4606632797733189,0.27528814287548187,0.3567643063297865,0.03412175395661367,0
0.8422345026265284,0.9100322356485604,0.7923386675434756,0.8270283845285761,0
0.7286932501446816,0.6341839376311151,0.7582388172626082,0.28447065790400106,0
0.7766641210704909,0.07189326181045441,0.9107759027824827,0.44595087701502434,0
0.6563431425202032,0.9094508110207178,0.014677593179534654,0.3119416621325255,0
0.17746930385164517,0.9582385983696557,0.8092308073871806,0.2683895835696489,0
0.545175544745697,0.07770214404587605,0.9386352717604254,0.43129455320333243,1
0.9849476414249354,0.5325990790100352,0.7894210547447003,0.3786230413301749,0
0.9376520653205063,0.30347765094011336,0.1300825824686882,0.6332936118545165,1
0.043174792767161296,0.3930014717840553,0.08114997377964528,0.8131651618940076,0
0.1648516410046666,0.17969679967954377,0.020694792222577973,0.29693348231788985,0
0.13175586984827675,0.5783359933979533,0.628809199653162,0.21353865950222936,0
0.7261817446825282,0.9584514099858863,0.6297369528111574,0.6668612985848367,0
0.8180141597458334,0.5032953966330656,0.987104022957169,0.6702872159705635,0
0.21356251070472615,0.08290715750775313,0.3980257735906392,0.9011740343333753,0
0.5059897997014013,0.6202881994526024,0.3318655562620165,0.015698375184635238,0
0.8409385968012865,0.34035655944026555,0.6244873771329438,0.8530676961968442,0
0.7330053853509197,0.8563413270459517,0.8257420849555288,0.5209203863836701,0
0.5423850110312163,0.43486346880695415,0.9369465727227251,0.6212531744037101,0
0.5905096427855977,0.19289241707772486,0.8032496477836375,0.09114884895470912,0
0.508498391095064,0.19115748071089023,0.4266666788982789,0.4325041787123646,0
0.2976243066419151,0.7691325594084155,0.6349803850998939,0.22712436497159258,1
0.5651764982174434,0.26568026777932285,0.8564435645193882,0.2540558113022492,0
0.6890762291554624,0.7676009340714316,0.4906249383048973,0.5040077870760491,0
0.8735680764606754,0.20594726822451825,0.21660527424327114,0.8124696834516364,0
0.6364668159442165,0.3218097767817545,0.16962550519831154,0.7437721559833875,1
0.7613337050623106,0.46568917423392353,0.0,0.590941113247978,0
0.16010706550741843,0.9436598059975028,0.7183335351268383,0.5393424417636286,0
0.4616815562530189,0.9321890992718913,0.11097859536997134,0.4271935491656913,0
0.009322725593840009,0.20693237235990036,0.24376730757883536,0.97277622746739,0
0.24673976174913947,0.3583624669372769,0.29782359967830274,0.5601236117304289,0
0.7266636914840275,0.14942839407235997,0.5604197198008833,0.2537970947692706,1
0.9920899528141405,0.5102116632800184,0.39793984648436975,0.2299136636244917,0
0.0991956245233764,0.46078206517330855,0.6747541660638205,0.6113008553517765,1
0.40160073624839576,0.9012008666591216,0.05550048424605336,0.5227463389788132,0
0.8002945897172078,0.9304621065436356,0.12382511047535161,0.007447788565671153,1
0.2040839927038754,0.3837247060076887,0.4992297876001075,0.830084876468726,1
0.555236532693844,0.4919545286990159,0.3369258434708655,0.7041005825663026,0
0.7332752159341386,0.8966744745337047,0.29575990324658363,0.6617936570930875,0
0.6161549413166391,0.8070969771606586,0.06689392128583194,0.06855066229999843,0
0.18806838471873866,0.0036054588958531752,0.8958773169098819,0.3619219713295524,0
0.35547743059815196,0.32018208087716094,0.6919048074895002,0.9354362810396147,0
0.7840106186433837,0.42195249189505724,0.12150325434306097,0.8626194048256202,0
0.5543778451025084,0.2297892979241034,0.06491110084208174,0.2853839830647983,0
0.00521951312329301,0.19962811274909598,0.9750585949469368,0.1568578205688722,0
0.7612028895925385,0.03775235425785972,0.6812550166829894,0.4489826017960483,1
0.03531009999374593,0.6436693954582235,0.4174455179907781,0.3556944595196162,0
0.7459414260134205,0.26260127378340403,0.7018207584889566,0.682197428960954,0
0.20252846097382116,0.0523230055245012,0.7564407632512768,0.9664990073994174,0
0.958343561445369,0.23105301682844903,0.7800795141939858,0.3628678810458069,0
0.36803730533372775,0.8023004955198321,0.4778880646188952,0.06199202846474239,0
0.3270161117193777,0.8519028884470092,0.4298765882227755,0.8976556506697911,0
0.1489201923756281,0.48327807932668154,0.010874173929408926,0.03770963046719954,0
0.3056824395939112,0.4162457951680656,0.9267261346105471,0.9528256146868078,0
0.876896900974213,0.9783366401310083,0.6033628798303639,0.6645446967406989,0
0.9966156694783443,0.20062170056690132,0.20306779440643652,0.9417452957564899,0
0.36840619297724525,0.21542443035928738,0.9197699861491131,0.19947258489411768,0
0.44873090579553543,0.2919742460696364,0.9150968207377659,0.04046059677378293,0
0.7222716234749949,0.1727991225805523,0.9893752739491646,0.4881174445608202,0
0.886444726303849,0.37952061088560196,0.8742070643601849,0.4505185624207778,0
0.5932070794560559,0.9112804511538126,0.9979785309153613,0.33134837765707104,1
0.39162918731376145,0.6156321567814871,0.2446146947952883,0.9577177947356611,0
0.4127315332611749,0.41211941361150295,0.8423888673100279,0.8226007844388395,0
0.695811053381003,0.9348699372159315,0.823160811085387,0.6615463077520921,0
0.003207571751417268,0.04843793195810875,0.23086401739777784,0.1626591287765791,0
0.6197598882317923,0.2103385401837654,0.09831447014879302,0.7343115344958007,0
0.3555859042408413,0.5661458206949632,0.9796081793787863,0.7269981849214113,0
0.7944192251643365,0.6158370515540961,0.295971166507357,0.4249549461189367,0
0.09300634534969325,0.039526325717599065,0.8710411753951561,0.9248364572253972,0
0.5883635884179205,0.4032067419956329,0.003970810205998987,0.16678006950191787,0
0.4811026807816534,0.6494568046200238,0.020874422972362083,0.26717264106761274,1
0.6425027622058272,0.6984001894119212,0.4658778328491522,0.0629925228527666,0
0.06486102637021011,0.6384367072899115,0.23864108430935715,0.7954591180944327,0
0.5801426922709514,0.3206860170286987,0.6899268073566915,0.6217106211992305,0
0.5616380531514406,0.09351851088328456,0.5656060139216876,0.3147909854238079,1
0.5608133171674862,0.4272936213795875,0.07735532839559767,0.1636148138419259,0
0.603653482705774,0.1287721308479961,0.16252785913300016,0.03990839063071065,0
0.6766552130315848,0.9480900409863091,0.38802834444700096,0.16654767976153778,0
0.8052140668355396,0.47537837398330574,0.18551173089610984,0.45318066636719045,0
0.26988842216995895,0.3173801566124208,0.7923439835064556,0.24700544033382213,0
0.8252803760565728,0.7666711018203562,0.4160591936317317,0.25881451773554776,0
0.49839055512792596,0.4981685813088088,0.09330702236199073,0.8756107864879108,0
0.07706929978356238,0.31015104733867105,0.4843559418143357,0.5150539648944841,0
0.058556507845692676,0.8123597939207592,0.0907124217235662,0.7292384373187468,0
0.33432496259790206,0.8675744401266385,0.12882498458856162,0.03547011552843876,0
0.7851161362490336,0.6733240766844402,0.23953654814344816,0.3650304952735074,0
0.7078773886627596,0.04693730008808217,0.8596730817799809,0.4790738507483151,0
0.7888352170764369,0.5665803337152386,0.9247808658990664,0.18622541331553286,0
0.5174095201489827,0.76366029386823,0.8263913707184543,0.11997839519553136,0
0.4403167993733973,0.13652495129659048,0.3340372545241408,0.8703364703081848,1
0.14748424663674825,0.2287431927393362,0.2723847395109402,0.9394869745258426,0
0.3282776198253864,0.882925801170396,0.5491915914113008,0.07857998853240557,0
0.43413535048398444,0.020079891416767026,0.7219499758372763,0.34888056097278,0
0.08861484427406997,0.7530867292193344,0.9935653751747964,0.9583471546871639,0
0.22066518501784205,0.47398003469245253,0.13145931991548565,0.08293645091702861,1
0.5983895627834237,0.44696410608949755,0.04915158531657937,0.6435997794762078,0
0.735867796262376,0.007047565071562012,0.6944430053294042,0.9722874647408221,1
0.9986294352135807,0.8197943539382573,0.8323615299711022,0.9782917295183943,0
0.9333760731900158,0.359969206241022,0.8464895078648951,0.4711252300686437,0
0.6427425063113207,0.5410090810794479,0.6785450597886324,0.16254990913775758,1
0.42136028222634664,0.6776189487632429,0.9541945089488877,0.20189800785822218,0
0.6363527931548946,0.7029617175090195,0.5110272073868742,0.8896404114377475,0
0.7858709991183963,0.9564510200750913,0.9139793232735798,0.9117292575599983,1
0.11835934925622628,0.5315782383349763,0.9679957081301893,0.6078263300996205,0
0.4100137831950369,0.3998857163456586,0.8472984702420732,0.7661749650883086,0
0.8400375895642925,0.954173340398552,0.3097100225721121,0.7399212156343743,0
0.38393417903303617,0.6424092152924175,0.1961270610811141,0.6617859628832551,0
0.5720287908956372,0.2982608680980263,0.5481556003119508,0.8272955452828437,0
0.5879305550365992,0.12648068400192347,0.45301673970580936,0.6853787175734195,1
0.1845188598134056,0.8429633126211566,0.8779101491232737,0.5339247797817572,0
0.36233031804956467,0.3623271997236115,0.09990915450136839,0.23678148426059528,0
0.3345980129100444,0.6607787614786034,0.2576731724085377,0.7438794050949258,1
0.026192773442863276,0.4710215413628527,0.7519063224439861,0.47334049278450907,0
0.024187239252376466,0.19898592496226009,0.09486234890562883,0.2946357603408898,0
0.8319299642750067,0.6019634392748703,0.3207197553718757,0.8019565644017332,0
0.27313946769667663,0.06066346358917052,0.3871341531503205,0.6966894005787032,1
0.5182194680396607,0.41351608974227005,0.6226556006260324,0.9373942249080914,1
0.29880177504220845,0.5468615944967761,0.15803062280912172,0.1652433238113946,0
0.9409442117029152,0.43623304463977064,0.8607502466910262,0.6491495094790147,1
0.25936136635872536,0.7490295447791242,0.44754229450008154,0.24406697668943186,0
0.42977151424933324,0.8283257496269263,0.917187367975913,0.9036265838719051,0
0.8729752368124553,0.7716128109985281,0.46787714274427117,0.09927948647163273,1
0.8421694974192493,0.0387813589952799,0.27497947224675556,0.6561243164270599,0
0.1861445024023275,0.19418228496111922,0.14172105501658194,0.7910924508039002,0
0.8028676872052769,0.5368486806525397,0.0035886154806377135,0.35478162214589226,0
0.4583099774568651,0.9352814084254675,0.5321873899168992,0.954198246629472,0
0.483099249895275,0.8353614231304354,0.10703669353456036,0.8507569616058107,0
0.1335075837460497,0.8429433085528055,0.3917081355157279,0.2944623191941672,0
0.0806135762870842,0.3033214769589323,0.5893218117916774,0.007291026967521881,1
0.7281417178275833,0.4296303517194726,0.275625337941257,0.2965018638385587,1
0.4965954975420068,0.4709110087811368,0.17512829810377895,0.2811501285381671,0
0.43696751947384616,0.15740495723139958,0.7748370859320062,0.8900037428516819,0
0.7297111008443524,0.031032297753548654,0.9469673288043907,0.9671856005167397,0
0.7657263582810562,0.94736888699539,0.10031804547131884,0.07021053439260509,0
0.15894325610707777,0.2407916251883373,0.1554874047349415,0.4711967511304953,0
0.6103929467297068,0.24002752479864498,0.960193477321333,0.5482591689063826,0
0.13538224468587567,0.08337188438376764,0.037639749026425307,0.09268957450730109,0
0.7515843881246672,0.928963660091287,0.9778193715172065,0.37736889113273253,0
0.6571366943799418,0.5800019186479917,0.004488321090946101,0.3169337991805604,0
0.9568842734349992,0.6673494956181285,0.8738190200479394,0.5359795015450232,0
0.06896665514032836,0.9120235183583727,0.30727578198693806,0.6611550579241723,0
0.05705985979610821,0.3457566912029666,0.9387621215403428,0.703463129983338,0
0.28225841303563404,0.6217950022946024,0.31689928288546554,0.13654730579674595,0
0.2617709995681761,0.03876785851900255,0.6543793113919136,0.8129615961573529,0
0.24703978449464337,0.18682201198681803,0.0799029990208382,0.678511874556166,0
0.9065094246080042,0.8316484197894205,0.24225748697321592,0.8891137605146643,0
0.2496079402109772,0.7671356414389789,0.7737944421652614,0.44923078537470984,0
0.27201805420013614,0.35078196578674525,0.5287145340803718,0.8939301844838383,0
0.7596099237118178,0.37696424049204413,0.9281385792843722,0.8658053296374144,0
0.449860449333811,0.5337939320483001,0.4287448393841444,0.4383004772272925,0
0.7769273088930265,0.00018828086244671027,0.8699613700014126,0.38101569208104025,1
0.06537374016972879,0.24132366692872065,0.4489559949834714,0.9328651929175069,0
0.4877029247863388,0.20829305070393733,0.9794358836516253,0.7151465818471735,0
0.03361184601555495,0.25056733981981516,0.9600151385851774,0.9282970277280662,1
0.0626599883222179,0.8062945725223898,0.3290950000212405,0.7969834382220907,0
0.9066923512047497,0.2797742444046367,0.8860783574612299,0.6092445901787074,0
0.13927467775112806,0.19157340784707433,0.8477525475624788,0.11563820878865214,0
0.5325656012864695,0.5044869096713791,0.21059690931329555,0.291323663778041,0
0.4112048462260938,0.866066499693936,0.6243528032810275,0.9689073934673748,0
0.347433823660742,0.24142909246313948,0.07255015222767014,0.319274247297348,0
0.9000863016235705,0.07852641985106246,0.8368480489992578,0.09303289544440294,0
0.02181817572311498,0.3565471674182801,0.17444964994952272,0.707532708712637,1
0.6639732339676131,0.7480086350049175,0.0706818792697348,0.7339922762231202,0
0.963666080154959,0.5509394327038946,0.4002024625268348,0.28529873755362845,0
0.5603212615677702,0.8171880652454071,0.5769678331358676,0.2975169996533704,0
0.9370862945416698,0.9600650880564086,0.8550607087674891,0.46879412093786077,0
0.052261607429562235,0.7930439502065463,0.9744283648180101,0.021543553535670085,0
0.41890482619697395,0.6040810691911274,0.4394897322666509,0.7893291619348324,0
0.2602226516396894,0.49355905242932874,0.06031044389653317,0.3169401711493687,0
0.7310242231800564,0.04003818581689611,0.7492220104615441,0.8537903728511712,0
0.9815740006772831,0.9848084696580228,0.5652148066377976,0.8026409344785567,0
0.2565938563959046,0.3836383903057481,0.4478915270178163,0.6613662605068247,0
0.654355321970557,0.1522587695544253,0.3092201653818236,0.32472880274565585,1
0.19814424477768944,0.6670213141648516,0.5024179360529359,0.516233239457516,0
0.5654848505737489,0.28439120537333995,0.33864126493943303,0.44472250650038836,0
0.4640572668889542,0.5860463848139368,0.7571210844000191,0.3387404124859167,0
0.9722795075887296,0.5870365639864525,0.5439277410777308,0.8481617160487294,1
0.6086945706914165,0.445921197016931,0.8769992599047143,0.4834129995556974,1
0.3495975055278187,0.836523900239099,0.5435778358577963,0.8327434730998792,0
0.1141176963382486,0.26505939101217724,0.23818865418716229,0.10500042069311838,0
0.1512796643719727,0.448825558268128,0.8512342832405224,0.1408184701352607,0
0.22537154574658058,0.5379338942831176,0.5572577896962088,0.9773880699861409,0
0.25102881938549887,0.6639354896233076,0.20675619589203365,0.5877085576935102,0
0.8508545415369075,0.7843485620422852,0.6235699364147749,0.5096842056507908,0
0.5613761764927945,0.3949707566345966,0.35768514030373666,0.5230749824846981,0
0.5235331752003758,0.6463480814332101,0.8445456548871135,0.21508678792275945,0
0.11479098123935146,0.15064062254854438,0.4533018284945953,0.7186869567354398,0
0.8603809774503025,0.9331062773413974,0.726539791782713,0.08455587208148052,0
0.7230152070656662,0.38321584274893716,0.09541210540894696,0.5732590741399967,0
0.06767662146371385,0.7298682980926339,0.3960062336982233,0.5707033202872271,0
0.7080315964827697,0.020299371641410602,0.9834304499078712,0.9142354984776138,0
0.543686405441827,0.20524671671464123,0.8085876532648513,0.5261027214164601,1
0.0817377387371833,0.48729657913703583,0.1598394172384019,0.1368550789925491,0
0.45842376569698706,0.8786808391353826,0.27770422353179214,0.5726884333274234,0
0.4848271728827468,0.5274911968329823,0.3297743428581015,0.09110503840507894,0
0.16581164764346723,0.9303271371321689,0.6504371603490853,0.20360808845040335,0
0.9459645893854567,0.4840091310673209,0.7571039701078064,0.03086624233152141,1
0.8502136667839479,0.4906649762090307,0.7496331852239919,0.5132092695196575,0
0.6692074237712574,0.11975954635372155,0.5098961013201944,0.08430778236424566,0
0.46241985986665113,0.8030431935650224,0.8109487341440342,0.4692956782844645,0
0.41187498220405244,0.24704787814889606,0.43707445082495155,0.932998256866824,1
0.6511532463605857,0.9000525647278215,0.12376646082658738,0.719744766820639,0
0.5455806143305144,0.9112704390114326,0.5644831340796088,0.07718450751411426,0
0.06227977898185265,0.9437741307867125,0.952479484712498,0.22403075639017953,0
0.5126417109255007,0.5204626869117339,0.7931155597131578,0.6736306654397333,0
0.8066291003529412,0.6774119338421514,0.5787469695527605,0.8947425489388937,0
0.45936327794568965,0.7788896020686744,0.6468760045376172,0.032676838109312184,0
0.051960217100662995,0.13103355056802446,0.9307324591360882,0.812464863189867,0
0.7864977646671191,0.6012336259789741,0.4283360813494852,0.5617454691998676,0
0.20141135455831494,0.03426383852442072,0.33135322966057146,0.5460177613258647,0
0.25868524362695877,0.49778586252421864,0.9774284621323659,0.9578745544591426,1
0.16474314681441382,0.1548746698221457,0.8635898911115305,0.7476371046993983,1
0.33030052574396834,0.1829703003771197,0.32299972988880654,0.8501449445621749,0
0.7569623887092098,0.3651947339905659,0.46378638406793016,0.35385904906539467,0
0.5195269456528228,0.4326212592895917,0.4150667371456649,0.5542931881165752,1
0.20492988088422143,0.6234610280664361,0.14899046819866868,0.6153548301986876,0
0.8780765640735511,0.0744163446666164,0.9579993702387455,0.3214367974568513,0
0.8798288559793427,0.5039148968602856,0.40429724202885353,0.570182478006389,1
0.8708227786340919,0.1826723414947624,0.8754800327083245,0.2364804025094435,0
0.2388547907313905,0.5742368215581948,0.189265218102598,0.14317012306970642,0
0.451360391989606,0.6377010141418733,0.5479062580491671,0.3738402852036482,0
0.9852676521121142,0.556961442438646,0.023812036680929793,0.7392793826281588,0
0.7722278467870505,0.7386471942448187,0.7643322431527437,0.916234877469846,0
0.027163771572395065,0.33574028118410304,0.58096100077519,0.4576115231990088,1
0.06521212635760197,0.7654729661909174,0.6256524442214868,0.6427818268890233,0
0.46405615668659406,0.4329513550540103,0.05158132557491513,0.10281836262382105,0
0.9094759219844547,0.48439694518857035,0.2109549684461598,0.9045076457828418,0
0.5388485639128914,0.6484043907091888,0.07419929047831175,0.5685380278615751,0
0.49794725058430767,0.018315587364344132,0.28885842283398233,0.7803414545773188,0
0.10549307610090926,0.6542997133664992,0.6275025207716851,0.7944490299054118,0
0.6569615913635565,0.618871239067059,0.566227891945573,0.25631204679299435,1
0.8223332601382108,0.30996403766604175,0.6122079418276059,0.5290953449596902,0
0.3805202310383861,0.08578843890970944,0.5492872057126021,0.9605419971947767,0
0.7758282797909631,0.09093242095931053,0.2729672994888688,0.0894113839725402,0
0.9647486180666551,0.9236767598293545,0.24443594098775634,0.683021220181314,0
0.2038147380521726,0.6896041471942169,0.1369502276696437,0.9623269084552665,0
0.523471877001442,0.12711940215492845,0.8492125630524328,0.30042308047354016,0
0.2872107522239134,0.3568657753590898,0.6165390058905658,0.8614777108380779,1
0.7930759180405557,0.5927547815522507,0.18641899934799966,0.9337110004654673,0
0.5777515678255225,0.8359766901120702,0.17711408574851362,0.7470785184891586,0
0.6347573770060904,0.043631996286024766,0.8731857426288343,0.23115158947015527,0
0.7981371464287436,0.23670993570974552,0.7428350431514872,0.333857645334273,0
0.3960752687750257,0.8901836610718874,0.6594738661054791,0.03556849314925585,0
0.9153475105507397,0.009117716452444746,0.4068498183879541,0.8314731933693156,0
0.5331739650929106,0.20145660099527163,0.26191016934253497,0.8496370966321152,0
0.1579896309440182,0.9594968052072979,0.9796384394837361,0.632665134071416,0
0.6960921076721308,0.6136850963923388,0.7973629809860725,0.35239084976188084,0
0.7934829691022988,0.26176189026008245,0.3017278679385029,0.0765836640758136,0
0.31684318199945843,0.06697494543673344,0.8477059531961331,0.7530518760463862,0
0.8574196705895047,0.028153931655895192,0.759041842527509,0.7265117644668161,0
0.9063980661176285,0.24482632871559762,0.2970275373415703,0.9126490763272312,0
0.27697427238649397,0.8819159626660147,0.42654550979983696,0.7305189047122269,0
0.9837990369701961,0.416088693021905,0.18586123556720935,0.8287139973790436,0
0.1407412658026697,0.7206752108053873,0.11093381511255274,0.7459465561361593,0
0.20206343251062348,0.9187353421198088,0.7228591687256696,0.6306413493696988,1
0.18426737199006232,0.4082111863113074,0.26744841520583407,0.4268537888073203,0
0.894240947635322,0.19132932316446638,0.8201908208159878,0.9021604268589535,0
0.6544733075046453,0.5173484231788192,0.9958020871947042,0.6509293798847628,1
0.15213737099200914,0.9085284041005046,0.0764890394208777,0.3982333397315361,1
0.44044125637181786,0.8047623049999162,0.4730441760922872,0.08324411376537924,1
0.615467313990323,0.06581305811129035,0.8021876664603198,0.2905475928410215,0
0.08347698925242515,0.6928994306658529,0.7890713788819141,0.5436523959005036,1
0.8826642029179039,0.5721580305620781,0.7601074279696931,0.2754731681543875,0
0.8038281952034441,0.9079075533861145,0.3489602342574827,0.2210553172630876,0
0.5053436903949695,0.12249567310834575,0.4538555407723024,0.5273138221895561,0
0.9673993586406078,0.5342758756296222,0.5950204172268698,0.1696234647435641,1
0.417872182840554,0.8798917280427689,0.9741263163671121,0.8004198485144352,0
0.984388056440501,0.41019559818804474,0.3275050047706216,0.48427435852571166,0
0.6681047611054388,0.4822061648459748,0.9233117032555427,0.573798311668752,0
0.6348462588375618,0.07044642982191451,0.26929412683119835,0.1471790330285939,0
0.16599205580902593,0.2782431898446358,0.9892655363632556,0.3244301734365135,1
0.8821754491404308,0.32463160258624146,0.6703423052441622,0.4099715467880598,0
0.4276037521924942,0.945587460704413,0.4635171721413087,0.8082251729459933,0
0.1622694719995143,0.2827693886518343,0.613448985870491,0.7701593941136976,0
0.012599589014091236,0.46106840655949544,0.2724694973279611,0.222798015088873,0
0.5599086404496006,0.6716194004158638,0.274112765216195,0.6161284878495684,0
0.527543064701695,0.16221938284804693,0.11343679713050392,0.24328360972056853,0
0.71955350862038,0.48665607118933973,0.11393272585709724,0.988318501675138,0
0.8905081933593222,0.7388908566810404,0.3476365737011946,0.9521833852522201,0
0.07941829580658287,0.8672773394491928,0.7629667557353415,0.5631967848733336,0
0.7316999471765078,0.6265495695969845,0.608027813897408,0.6988790895224769,0
0.1874554140111349,0.6693672588119561,0.10246294423262015,0.8014405017922192,0
0.8584177601477888,0.12629981213075148,0.852379329728187,0.7209821792567485,1
0.8192927195978768,0.9462418675834376,0.6014219440566748,0.699805512232457,0
0.5409411360813107,0.13259386388769467,0.9610366941720301,0.9586156224496823,0
0.7104400058558704,0.775044553497084,0.670264058237855,0.5963990486398941,0
0.3144309090003651,0.2649085686391084,0.17507885200712536,0.6362586732671074,0
0.47129480669126655,0.934051838324562,0.4737926772382437,0.8492945483309192,1
0.8218668601448298,0.7203011761735878,0.6485685385239606,0.6698578773349773,0
0.459388604967114,0.7541738997467755,0.028116870492951307,0.7329202924854379,0
0.35789183698030175,0.21912634787239238,0.01475772315649948,0.23399289424986833,0
0.49434613120997517,0.44322987888323073,0.12929084402955482,0.3711360640637493,0
0.8284811592206507,0.6180988616015792,0.25159540311832984,0.14709708429446658,0
0.3352949764194022,0.7703426595897618,0.42954283593739717,0.5056786621597167,0
0.17380104919215283,0.10396348325343574,0.48745460589232437,0.45562422128595226,0
0.7122117483873774,0.962839776424337,0.13791849448227111,0.9972370822380064,1
0.8262094516970327,0.890655599782268,0.6734713008176314,0.6111564300744619,0
0.100655432587017,0.27044386869272685,0.5961905341656859,0.7864500314853277,1
0.23993300906044007,0.8231582081758919,0.294410163417524,0.3338716018378699,0
0.14200209815103482,0.5185550761698172,0.013506901396681315,0.8315653206502023,0
0.34803208484980397,0.4620066666780289,0.07751750348140263,0.6150340141503899,0
0.4504717654920797,0.3145535401065427,0.3916751357596624,0.6969682231741071,0
0.7490348896045973,0.5812340651090784,0.1538708615217672,0.29427473600127607,0
0.6513274152902601,0.7302361952939949,0.3767947195554271,0.5485656624879383,0
0.6210995120481682,0.41110521454884097,0.6282463798849491,0.63399223231292,0
0.3524669235489916,0.6295111097925004,0.5472726518814071,0.5890352055505311,0
0.8416833408008868,0.6996432449072838,0.23109962438957155,0.9152411152365326,0
0.4714141102272592,0.7114586113017172,0.34378596576496534,0.8983145226846541,0
0.9793812035973395,0.05194171641625989,0.6140899822711532,0.9710497461398412,1
0.6343169682883298,0.8601660376936424,0.8610008727556249,0.6673942083174511,0
0.12629023127107114,0.4584515529684561,0.7533213155913714,0.9719801232059139,0
0.676364752496451,0.2625070133759442,0.5534374245371225,0.8324982950075177,0
0.3251879734107744,0.2418441233917079,0.36226298782887056,0.2706683642915184,0
0.6865173715859384,0.48322591841207085,0.3650222399677219,0.4273232179655836,0
0.06964998781979136,0.887264611665354,0.8795697023541464,0.2382180345150429,0
0.17492122252016573,0.3785020365548437,0.039099618005174364,0.0039459991584634355,0
0.8559772484800157,0.7500836936028135,0.9881733301974336,0.18785784608238,0
0.22723472052045424,0.09681892570260331,0.6644519523270844,0.003809379854511387,0
0.8372756172581782,0.47626469549438877,0.6812201530229203,0.7198218404032343,0
0.27934657082743064,0.9921766663354896,0.037853439866402994,0.4254212229893276,0
0.6430593099629038,0.7708070985195423,0.6055850598743717,0.3124246315374364,0
0.6943430488572604,0.21059098897287054,0.4847912531236176,0.7617179964874035,1
0.5127938600261951,0.5016633763042853,0.10565841752097782,0.8325070724709935,0
0.30538881448595956,0.2336999194913778,0.27786224054076314,0.9753666412470817,1
0.2126952658285724,0.40973248509084037,0.8904706919971872,0.6419714577895032,0
0.03318747564616126,0.7804586049863769,0.5500246102098103,0.4614276805195111,0
0.3040241378676083,0.7715945422511084,0.4134045972405005,0.3051118101844852,0
0.6533432135068745,0.22817250672821654,0.07254999242231719,0.2221385334509938,1
0.9385690868408634,0.9226757828267198,0.7142156155675963,0.2127431965471486,0
0.871449019941952,0.5928400170936365,0.7029409361043335,0.40907094318405657,0
0.7662783981036865,0.3800796097720287,0.6141023951718623,0.9918588611925175,0
0.7886675463686014,0.5021577541269346,0.5102848282997456,0.0006014399952178548,1
0.6651688027191663,0.605349938665273,0.4337796085119905,0.19701799128338568,0
0.26035175619540607,0.5601444608709567,0.5933225542061322,0.18820218815503184,0
0.9074501513302069,0.4866186991173045,0.23331997587749953,0.7171019734814085,0
0.67091790116243,0.5051566197259039,0.9414332693886109,0.35234771196295533,0
0.560593789198991,0.17645571721468478,0.5888444114032296,0.45715812774770725,0
0.11101046725817067,0.8131253750953862,0.311144409433318,0.14842030257538416,0
0.44717536137729563,0.542004314746924,0.4496806639089641,0.4048772333658821,0
0.46048200041195775,0.1310988293713633,0.8058111736766591,0.10298109687079673,0
0.8648061944668334,0.7665240517541436,0.16151526650696724,0.532965447619092,0
0.5467973227767998,0.932902043330122,0.2927811126325892,0.09771792598746967,0
0.38050076677949124,0.9477731081383798,0.6795899018598135,0.7905149212343665,0
0.9770759164272409,0.369167075111001,0.3154426871357998,0.5665348755440291,0
0.11074151230861314,0.13553827243168826,0.7926234166522477,0.7239526061793755,0
0.42266103961677287,0.5186308212438817,0.1303417011410417,0.41840101190550005,0
0.042025394262681814,0.11261807626755971,0.76279738857464,0.3813637840748534,0
0.7401100498492139,0.9344463291738014,0.0682180239780692,0.0979885383135598,0
0.9183348725121584,0.18362736160136706,0.012439254175994563,0.5237747556484513,0
0.2801080357648614,0.25285150391450006,0.8983825443383466,0.5144182480120425,0
0.8585824321969832,0.40680648232526995,0.5813864694816644,0.4680029206595886,0
0.29229251844470017,0.3833215627832871,0.3517931949455786,0.7405085212639831,0
0.9110263335280652,0.7950454619551559,0.2325188786457062,0.8325247036601682,0
0.7541719663406995,0.45651399767697054,0.6169455739662197,0.7507831977982452,0
0.8051318198187547,0.1708089744235899,0.5090239210193701,0.14366035542198782,0
0.018000212213917316,0.2673034538751651,0.9917897364536046,0.6220108427468236,0
0.9630818312687737,0.5093394915203229,0.9834049911124367,0.08009689315644002,0
0.7268730299787973,0.1474818570485903,0.6350907548458551,0.6945974022696462,1
0.30482906863164777,0.6119379687240363,0.44286891730482836,0.3817117013810848,1
0.8296269084484056,0.5660044447216039,0.4911564065237499,0.1322898435872749,0
0.28159234095783725,0.715041072557824,0.6825619933208813,0.8620808440129667,0
0.8729988328303016,0.9381655628313457,0.10145257187924983,0.613957033853112,0
0.11260185626367679,0.9127015635192448,0.3283100915167907,0.3545886865176646,1
0.7038812566738089,0.9465411523053753,0.07514099117242523,0.030484712794976526,0
0.5408458297242799,0.24479682994774699,0.07322883545878511,0.5372338171700362,0
0.09655121777790916,0.13158454029940003,0.19575051903616725,0.9232759147207311,0
0.24195331845645274,0.3023894732958077,0.48526661523928283,0.5963227500374442,0
0.012396045481691167,0.8955227674362085,0.7848933303217009,0.9717165113331822,0
0.4688941675275421,0.9725332430964739,0.4855093373958823,0.1362433008533895,0
0.30134220900313546,0.8597429513812376,0.3354371412678461,0.568238820857988,1
0.5985217918877055,0.1100251480618768,0.08222423806157764,0.7981340843161916,0
0.2973135716876081,0.9478942733157716,0.5503318258513588,0.5254604320055408,0
0.2999956639177481,0.423537145124814,0.27120646942672266,0.09084366439386418,0
0.7434000949603816,0.009262536339742944,0.6149932802429205,0.5828244964811047,0
0.048145354102015994,0.44258328889952203,0.9773746172786133,0.611685856556149,0
0.903148851399917,0.046041556813523066,0.11119578458254153,0.728695534795803,0
0.8525028426239605,0.5441230762797105,0.21204242039551957,0.7612084536173527,1
0.6679894116199139,0.3386866779367912,0.47310361006440615,0.7707727601938442,0
0.5933843674925077,0.4736414903726063,0.9687976692564462,0.6634092903800991,0
0.8925532396459833,0.6134534837735917,0.7719242125122037,0.21562937807609864,1
0.18537303730375077,0.869224288461699,0.8983882206704905,0.4041157008292927,1
0.07898074473122497,0.6622114011529154,0.3336747577655643,0.7761318003674134,0
0.23956895919740084,0.43423384416277244,0.9922305901474218,0.9534869175954108,0
0.7948002846042352,0.8198239928735127,0.10271128753171865,0.07872030129396153,0
0.034668823269342106,0.9060254839215247,0.05283379068611538,0.5354596546989262,0
0.5829665700375669,0.11977273150606749,0.8557466191140364,0.3123721585922964,1
0.9957185843339398,0.5321715875912965,0.9274341393184642,0.22521522656335421,0
0.8559360713072666,0.2846149985778146,0.09045950903112043,0.5057239181717474,0
0.5215873808810418,0.04703412858425082,0.11330963519549186,0.6060354400374868,0
0.06364798458633909,0.6688601609033045,0.03302805888596083,0.009522896893319824,0
0.831606339851832,0.8631906658667781,0.10438662483496586,0.7802097359987036,0
0.5991429983779298,0.1629390590390356,0.20933588414797555,0.8198982981275956,1
0.1149551546903697,0.8128059534874428,0.9702609887876292,0.9655747190606075,0
0.09387324518506658,0.8538104850082888,0.6679379928946574,0.18045039927572185,1
0.9098826551233583,0.9147885880168731,0.7786698402720944,0.5944948808355218,0
0.6693854016988806,0.26537759280193196,0.7762553671007595,0.4265126563282706,0
0.8295190111886773,0.9043955189087667,0.5351046833502338,0.33468504914340147,0
0.8792257240125216,0.3207856019406101,0.7976124716468078,0.5655662921063217,0
0.5719288423357473,0.5525878041741787,0.5958598882732318,0.7823869703432508,0
0.5175868675957306,0.0504822898810664,0.3144992455990234,0.02280780142119776,0
0.43054233842399525,0.04385227657544721,0.5611502260093317,0.9694652817147896,0
0.31702814709566246,0.7207150762033745,0.5335389676334827,0.8098944750447372,0
0.4347121147152818,0.4446706692563014,0.823585705867039,0.7511473458002723,0
0.7740955752474187,0.2563799516418701,0.9819156967144806,0.7603840505351317,0
0.6020887871642505,0.19046497480264168,0.41102975011536813,0.3889356812142004,0
0.8927740963845485,0.6702677274843891,0.763502145058844,0.7516143460016896,0
0.44349875116831916,0.0003489081681431472,0.09964039270681724,0.3866444295210808,0
0.6072564539627976,0.8062798911457341,0.7769475769310219,0.898748830058001,0
0.6314815495807325,0.07924017406656958,0.3713901197363896,0.1770279280612701,0
0.591859511442524,0.19154168333152022,0.039246256559138715,0.2921906994789696,0
0.7028287429000339,0.38639517274647783,0.3632165042848996,0.5512656980977788,0
0.23749164701292724,0.48507155602408236,0.6107003395546187,0.31906311529773357,0
0.5125027988661666,0.35513677499916785,0.11913442995633261,0.42412374547388254,0
0.1042438117170326,0.3208350392621897,0.9242026221073303,0.4923315363359394,1
0.3846127542197636,0.9643913217269597,0.0775420100419808,0.856381468577325,0
0.4877988279260468,0.6418783708000877,0.9301769560630504,0.5231111848101623,0
0.652404406547991,0.02339293927941366,0.7072291426675221,0.362326102176064,1
0.950798916077155,0.4303587619896616,0.3296706728618588,0.2475648186261313,1
0.6008160485613653,0.8754352937655501,0.39073037483478146,0.4085573789986241,0
0.7438009302354646,0.30156850961975845,0.7409128663605244,0.5156525919745413,0
0.5064032877943423,0.09455529984399202,0.6015254544456212,0.7461068479514279,1
0.6342788501636645,0.7587474630118161,0.671722026361806,0.12083591086818235,0
0.07094143542699509,0.606293033637523,0.3891440843124343,0.22142928010490612,0
0.2544547459774623,0.5705721474409984,0.4878277455093283,0.37952590456113966,0
0.36194785717365396,0.053553060324392554,0.9900588346447634,0.3602639830737674,0
0.47262065251255114,0.140523138564701,0.2138405261862033,0.3916239399486712,1
0.0456505302439595,0.6228376583669117,0.41784577454981076,0.7935287921289956,0
0.14005363316972996,0.20788486001414253,0.2917683206353914,0.3240081024872029,0
0.2768840662828721,0.5042934226660867,0.7652235840374786,0.501810132790361,0
0.971806729879813,0.5451273911481911,0.7641243116594225,0.6238589718208111,0
0.3314328008207667,0.2836096785556439,0.29239081355009944,0.23200210599954016,0
0.4821711631002443,0.9488919771772446,0.08126122479889375,0.7186783915748222,1
0.19614373668404378,0.8428728684609625,0.0112789090424954,0.5470380900556645,0
0.6109480315013688,0.7227164671401463,0.42744350543433995,0.44667505164159793,0
0.2807541116517632,0.07798374627942462,0.4103245303694152,0.8097968841038489,0
0.20704180599654454,0.1061353160265357,0.9885807080586488,0.2433225238831089,0
0.5167128873701572,0.49299850326431294,0.46980998632952264,0.8832128810909657,0
0.0054957799526041545,0.1607485541506115,0.2563510144789589,0.5609800734634505,0
0.007654648065450992,0.9787486357828561,0.8913859995528597,0.6091219900997745,0
0.21912158765033857,0.15855423729744444,0.4910833612868757,0.8750932144182146,0
0.03672052216410146,0.4876820813928173,0.5992291791072901,0.8175981011093233,0
0.10804588070116099,0.3642677164701711,0.09554465493793174,0.6015066845573015,0
0.3389486524272484,0.6396839092419544,0.38289367123029905,0.7531820126159906,0
0.8028100400433349,0.12905425687207828,0.944398925376376,0.43320896698134526,0
0.5722052148996108,0.43049935858366783,0.5895555171346345,0.5473046111368073,0
0.5128068366521866,0.2748026980615004,0.344465569277169,0.0618379420380365,0
0.293563484806063,0.8881851009622848,0.625730068753775,0.08963483035897538,0
0.9320160614882365,0.04055509468186003,0.9105744139429461,0.8294446987193423,0
0.3971201445029666,0.9141753034994187,0.27392944353802307,0.05943867494576516,0
0.08710673806510728,0.8333977112295852,0.505137085453363,0.16920210643180017,0
0.6172363250594152,0.29768091065600366,0.9588710076769829,0.7958409439640018,0
0.11386022924151058,0.7896702805849696,0.17229915147775188,0.0008937889676798594,1
0.3453130167680813,0.03117780753441135,0.7197599687033787,0.282244345408999,0
0.5075495039603367,0.9673424761091578,0.614539950684545,0.5839775305263519,0
0.8744679498131361,0.5268306277198587,0.6797570692071702,0.5953925440431642,0
0.49368006850302193,0.3033943491722404,0.35118571432840895,0.7771550712343254,0
0.7024536255761423,0.36272902958112496,0.3138322863092853,0.5058395270208593,0
0.9930971365370542,0.0663888835520785,0.684293208099497,0.5093162811404667,1
0.13151614582206955,0.9898387596600733,0.21546151235147448,0.7252957479969664,0
0.27480067157331595,0.03926061879467735,0.4196449672828422,0.4985353427421879,0
0.3946804616906774,0.6552131153070127,0.18808321970169573,0.6084379731808724,0
0.4219405780557206,0.44292566335478245,0.008149970228402026,0.8978157630396975,0
0.411130296976326,0.9493833088960049,0.9702417231226192,0.4013300399426347,0
0.9078662454965843,0.24608167686083693,0.4316974507912974,0.38499875266809325,0
0.7142309660956573,0.5323255182746909,0.9695337278649419,0.0032976177649925026,1
0.608072329170622,0.48256765366059184,0.14021521513693358,0.6133747655682124,0
0.30945205008671733,0.7031987149098038,0.5874161580777297,0.029529127475429295,0
0.8240209798838561,0.0679946414167798,0.20088712110133145,0.5040611796212126,0
0.955329706853854,0.19384245843684678,0.7901950054952138,0.804244827390427,0
0.8214281160107143,0.2146295322817533,0.7838216200343595,0.5498487616908101,0
0.0015539272308386365,0.7385023592911892,0.1124890681566697,0.26947199720528925,0
0.6365768644984103,0.18918947659417373,0.9122283604234838,0.7861735391537408,0
0.05113877951749646,0.5737531455384373,0.1945404976910794,0.2695528625648804,1
0.25767133102140266,0.21530890473950492,0.6130357536903972,0.7330194839116686,0
0.059530565284841144,0.8620442106499775,0.9858234773056935,0.610205921036101,0
0.6039613595626401,0.942648857160477,0.8825499777025243,0.16979947326108893,0
0.6867801656437751,0.5187242207020759,0.9567435321775903,0.9051779816952835,0
0.11450966473982756,0.3524490715079258,0.342561814087901,0.20045690369239713,1
0.3839401118890027,0.23413316812338802,0.10545508114987712,0.9896588592637793,1
0.4563590261700077,0.049755422512199665,0.18825550768703891,0.007060347329434537,1
0.3691499028533614,0.2685943415247145,0.500513631827495,0.26331719264731734,0
0.12104894945685866,0.6545414042504945,0.7933516698465013,0.1996732612664681,1
0.4190593427321957,0.5338564640487826,0.15004880688179156,0.013745459072456119,1
0.7513872919653631,0.9445056978268322,0.6598064357250593,0.7323553855360905,0
0.07101690601192116,0.3964415417046938,0.32353393767161975,0.6934005247986039,0
0.08019195267076527,0.6941906800528965,0.3411646226115934,0.7923581082951996,0
0.3548639734156221,0.4895380097794364,0.6619934047484719,0.256530138342277,0
0.941990985917786,0.5128042196711196,0.46700634159868315,0.4442282540546283,0
0.6687576009344811,0.2678681822594937,0.8121619171007097,0.6590769989841994,0
0.6788578799769989,0.4551472054617136,0.15581570577185033,0.43966009420429153,0
0.3620147744774892,0.47099010179218403,0.7900691039060135,0.697301771173134,0
0.5938237177457077,0.7069768616624348,0.06410010520494325,0.6339286465072849,0
0.010122524904670582,0.9411025550443552,0.19396452764617322,0.1144328398948771,0
0.6362714509447284,0.3294488690142128,0.6562233545714591,0.7810465590408536,0
0.9135438595160251,0.0421707359137411,0.8550694097867719,0.7206600127537062,1
0.6127419561151349,0.49651420823090664,0.25261095389586075,0.6557967902929679,1
0.8739438645334265,0.5447068069403977,0.3271492142091361,0.15489189865034306,1
0.7241743000519536,0.1684799901136662,0.5371524038849245,0.26783174339146243,0
0.12058222817728285,0.7608284373169552,0.21148963324989012,0.3930533522460623,0
0.9027070336163667,0.9854159319544396,0.8112845763114791,0.279768827171337,0
0.06645174385266493,0.9462400863700937,0.7737517256299,0.22763241486039512,0
0.5341128463894599,0.1971611846951804,0.1451851597395546,0.8053690768551944,1
0.14216728074081536,0.8757900281881144,0.46383553585457804,0.6381888801974289,0
0.011698414858757514,0.7048267988707657,0.7749432674169299,0.5654049193488888,0
0.4221467202423883,0.4540423873871209,0.3372907153814424,0.22577422624353408,0
0.2951158255804724,0.5408543593722666,0.633172334986277,0.9181249108918221,1
0.486131763049545,0.8500128467257202,0.05007303265307428,0.1909931592480953,0
0.5773579729771959,0.4803451676001176,0.6087456599413983,0.7949589288656971,0
0.04374029551511564,0.3733590074631499,0.1525490242762899,0.9667369419743382,0
0.12302782580881112,0.49346490584475866,0.8307184922458148,0.7270784857546974,0
0.5587950259018748,0.5793942749749741,0.3554170392083478,0.9929316325587868,0
0.34325662263840767,0.18912840059829428,0.28149537354391896,0.6510119520081511,1
0.7293762613114825,0.9013485153332876,0.8410277789018963,0.21727907574791908,0
0.6524718154100663,0.6745035051242931,0.05000390989459902,0.20363375527615496,0
0.8458413730072901,0.6335630531166894,0.39659089288130644,0.32441811811296506,1
0.6926848145596641,0.0994978879954953,0.3699762497870296,0.006879819749671778,0
0.4300458595474932,0.6044521317276228,0.284743030190441,0.6816693493243032,1
0.6731528686453534,0.12097408521837405,0.91191813016124,0.26850329924419725,1
0.2754505113370667,0.07868794070849816,0.751035464377054,0.8151978591670953,0
0.3063919314451761,0.5275469730698426,0.06378791125973748,0.3590378267908425,0
0.789205521179962,0.40295337938419795,0.7147817372149916,0.4798612547915281,0
0.4465391469499246,0.5890800453845655,0.527327324399586,0.9657528694200289,1
0.7986034644107213,0.08921820033248373,0.9010278526446456,0.24199895410713892,1
0.8226525670701986,0.43116635866260555,0.3128982008149208,0.7212379404360201,0
0.8578028638961029,0.17482963132679608,0.5742067205763064,0.7551127306298533,0
0.9168931323381554,0.9875880989965928,0.5007741033342441,0.22081804913321904,0
0.43110031263922144,0.5614048316863194,0.48957578628929355,0.5009084935979556,1
0.31894894226545223,0.6877606773565423,0.45610847899148155,0.3500641615235809,0
0.582358302741043,0.3255437336168088,0.2055442059325685,0.7719066868890729,0
0.3712699277357016,0.09473796988586347,0.7558186799166506,0.6224347913910541,0
0.601239273224986,0.9763527229458635,0.4513374299395423,0.47588651395373294,0
0.705781700514101,0.28636303150645315,0.9586965672600698,0.7793661524639336,1
0.6885958043711331,0.4239875496058607,0.26074262057857567,0.23498010149804102,0
0.3746513853364398,0.6501671505035747,0.682826860103205,0.753616331647102,0
0.1668976284154477,0.024657974378446745,0.9408910936786725,0.8654053883423336,0
0.43064429653696934,0.8106502458350775,0.6635345410119768,0.8786570146563677,0
0.14262443541512615,0.5368193453522832,0.8714224269742274,0.7836778930812969,0
0.8903471281783712,0.2783167767634831,0.8276150326071203,0.40789535030578583,0
0.3459675271050668,0.061588886727115266,0.3600869377251712,0.9818772583732659,0
0.154493527612322,0.1625345985384561,0.6001778183268129,0.37946551272887175,1
0.0254436045897726,0.8954714254065239,0.15615865684508634,0.6385821617895789,0
0.6460006508315638,0.6863472663150691,0.5355569757451164,0.1608744304917018,1
0.6370779590722435,0.24998579623202666,0.23034544714327865,0.9805176888592567,0
0.3406926823473862,0.06558385417255685,0.7438413491645619,0.7039641054848647,0
0.07172133740200314,0.6909408703943987,0.5280868809829116,0.7533719162318614,0
0.40973770723828684,0.5726685136304193,0.4112146125086653,0.06554572351242853,0
0.3112973697402054,0.4046883199139515,0.26873410735456815,0.763415475754043,0
0.6773081074660391,0.3637578295856896,0.9988929473602326,0.7747247960000714,0
0.6059457393971543,0.21688022067875679,0.07157801474668446,0.6717403525897581,0
0.3646892980440413,0.6699253056397421,0.0434182452869436,0.29175274556834796,0
0.21794498692819386,0.9711470371288682,0.21717623235181094,0.48959799351399513,0
0.9883148578879177,0.17575867089511377,0.97125717976283,0.11021802729223779,0
0.45412348124651036,0.5973909466027152,0.9794257697034396,0.47148908483293717,0
0.6884649832028505,0.4243646266797043,0.6550009438178606,0.24365122498990535,0
0.14058265870789743,0.4468806232762601,0.8802593024494527,0.348958860577535,0
0.48572084811818284,0.2542336810227841,0.21387940023428342,0.16240116102507987,1
0.02753317880779442,0.8255341419547575,0.9722271573261523,0.2298772273938323,0
0.5055921077539131,0.4854686379120423,0.1426774136809641,0.07634119881768481,1
0.9642892362429902,0.5436507486526656,0.10100305732648707,0.9199503131123555,0
0.38430804998944806,0.3048750467892516,0.11209331882323426,0.5303319849106942,1
0.038995841094287595,0.18185522942762677,0.5731722794948979,0.3966194602768216,0
0.03095325522836194,0.08590460583037007,0.7810920695507235,0.5349520233564478,0
0.38808920846541833,0.7144575775569013,0.36663871026870254,0.6282466049544322,0
0.1600603532844458,0.19628894989113643,0.9780831157492003,0.9219283881168631,0
0.02334732478671679,0.6904006163333269,0.43441556866277153,0.1784989789980861,1
0.7564243388048113,0.39053749198254817,0.15034381749200776,0.29539682431420466,0
0.4586461984368764,0.41594976363114267,0.4659733060027875,0.9758565994651797,0
0.28931818561620876,0.4693817200625432,0.6791188784626314,0.3710621023653048,0
0.9003362124169227,0.3678571334545593,0.8323615269705158,0.022316507771927882,0
0.11616147244226714,0.10062225478255282,0.458772308698407,0.14743934335326603,0
0.9561882767106407,0.30974861294100897,0.5936584056886929,0.02609479663508142,0
0.31404740045723467,0.6640451896257531,0.26728121105455926,0.9899950376851866,0
0.8886532673734331,0.6660963536944813,0.6459865569744352,0.27870970750922286,0
0.6031085323943864,0.28632828433442015,0.9861619205035623,0.9235928970228935,0
0.8269388131345982,0.4603018780679964,0.048913074781651744,0.9959601253518723,0
0.984290872046,0.19350036908456492,0.8866855718536613,0.5997852728964456,0
0.2884786046578478,0.2104344963609126,0.5623230335409133,0.03295465743221411,0
0.961406467109831,0.02300686088773496,0.2520297807969243,0.08136583359381644,0
0.389584783062275,0.8971850549081353,0.9550687230872512,0.48149435148373676,1
0.3856136255294741,0.21076926323678702,0.4833669938976257,0.4060525924805737,0
0.34047555619387704,0.22760569535528763,0.33164944683762343,0.6061234340920036,1
0.5415551689453544,0.2797017808195701,0.1814038467697472,0.4387390982837761,0
0.1541787310294193,0.12742502745140616,0.24438063439886548,0.9341304417492452,1
0.5538626648853695,0.6395603032779924,0.8329850078972214,0.5346624311227498,0
0.5418524614003,0.07513127092591887,0.61446892675567,0.6937008825669618,0
0.7621142100624191,0.13422310496262213,0.9134099436621881,0.8965265450436712,0
0.8338834567883482,0.6450571569684183,0.23189247296872395,0.1466674736634563,0
0.44055922299353434,0.33979387732478195,0.12102350221150004,0.22955740898410745,1
0.30241051163443994,0.7082828818399545,0.005931877980351885,0.10710129532994489,0
0.2593995160245779,0.5576773225985585,0.5078833729408672,0.1394316263964719,0
0.19466942726035846,0.2561086007323077,0.9985012577910197,0.5124994214285251,0
0.0576528951734296,0.651131707517651,0.6950526000961617,0.3210319834335801,1
0.3425370367699437,0.11628453510055348,0.30834557017212205,0.42305899086230503,0
0.270315519722752,0.5366514464560082,0.8770100725893215,0.9825592909022206,0
0.9666899207004254,0.4373347789169264,0.7818401986112704,0.1565031680717148,0
0.557861181187129,0.2679675048655721,0.01526280316966222,0.5407367766309032,0
0.34736751694078605,0.6042830987257668,0.8169908072845686,0.09865102136611772,1
0.5806266481008829,0.871758172633454,0.30047496026492126,0.31834815843469755,0
0.13922599366798377,0.9993991810237235,0.14956845791025586,0.5274462751715677,0
0.4441626811611705,0.6080429287525693,0.2262528720222079,0.9466894531225739,0
0.626406826136648,0.4048747718929313,0.46858728388155413,0.3911039032485366,1
0.4890299530005695,0.2252776437072841,0.4248599883105868,0.06467543118411698,0
0.40188530469359,0.2571841060526543,0.28883139687502535,0.388036124836316,1
0.9941289897627721,0.47966483353525113,0.17212126766442282,0.14553640313423885,0
0.8805619786865685,0.3674260905525868,0.7623418471380887,0.22981245171607698,0
0.6235776312007242,0.9142623798041312,0.9903012198069163,0.6180406558866856,0
0.569533147227654,0.3684444145997414,0.7779081265926564,0.06719342613791685,0
0.6208313455637072,0.37359635948626124,0.2958835517652858,0.46462352527662787,1
0.20135966505004999,0.38369180941897696,0.24473751138932442,0.6094087906946878,0
0.395242294514552,0.8370257699042245,0.21758485200336253,0.42174411291266456,0
0.03945949770745456,0.6510920561606657,0.13658549001544174,0.018880081770129856,1
0.4756742326277613,0.6144525204590447,0.5513672174400668,0.985589808892534,0
0.5431726210240219,0.3342732559294266,0.6054561114691666,0.36698354680971357,0
0.2278050672601145,0.8182994811562239,0.7055937087402455,0.7785798167241458,0
0.9643006796547238,0.03833202646796163,0.6802954988507324,0.3255006807223936,0
0.9097103959864589,0.8712214587067599,0.29227862427809725,0.4749198993969419,1
0.7223439419870197,0.5129779987087053,0.33026971406670214,0.3883384185267692,0
0.5335318318111596,0.3984155951415502,0.6815971223124109,0.3423989543863625,0
0.8702133340825541,0.49738684133432187,0.3494130994196638,0.021606001440854172,0
0.13067912369529666,0.6677283765158881,0.21254038687610688,0.3598863920995099,0
0.7907306038495959,0.012719565293025425,0.374310391128887,0.8895289702016518,0
0.12484587908952731,0.8719765563464703,0.27202232819369243,0.6903670674481658,0
0.7944325603566903,0.4469314546801568,0.08818607108837284,0.1452179820321412,0
0.27583701895135126,0.34310158796889123,0.8302739126490479,0.5910962095986174,0
0.8773368494921141,0.13826845965714263,0.8532545024956306,0.8922707380299637,0
0.9443080492516007,0.4396533179486113,0.21967001133241126,0.700010929415242,0
0.14882808437209505,0.4965418691627992,0.06463724606883403,0.14848058421210727,0
0.46280001568259965,0.40381501169310496,0.7389302399039863,0.8678643786172293,0
0.9812641972724576,0.6789791011245452,0.2114454370404033,0.301390302597102,0
0.48353794274186,0.4210742977863742,0.3934164636786761,0.45397242374348845,1
0.8637898086804493,0.9618915185150536,0.06400007411389907,0.5260626578748219,0
0.588892999227229,0.5995530284473016,0.2261915954374203,0.8505328079590343,0
0.37542863471729027,0.8078675270493081,0.7930241544207348,0.9316602783315677,1
0.2858559514059691,0.10936296740903906,0.8045223772847834,0.9297050203778802,0
0.20327121023433492,0.39745612778400385,0.20700006862581688,0.0077042509136572845,0
0.7620105583656411,0.3369794169872451,0.3358745300371382,0.92193808350945,1
0.38664253007387117,0.5697415728975486,0.13412796809682703,0.05415225328689677,0
0.5114141635042766,0.8615325003958425,0.0740409925937513,0.26560822292673314,0
0.49245860910208517,0.0783282863149708,0.9923638778145332,0.514904097060369,0
0.5774371387474624,0.07256170860506561,0.6556673952816396,0.47983044023690913,1
0.865820028596886,0.8507307730640461,0.5421299198708596,0.6046554412425698,1
0.9810160897591524,0.2129138586605217,0.7656107105038927,0.47935082283359454,1
0.4076924196811365,0.6690668334206942,0.8402156755301249,0.9344293700553623,0
0.8277506141376295,0.5431227396578269,0.8068415161437059,0.24037514727041884,0
0.7647409642767949,0.8332971124721915,0.016387482945596332,0.27386196430173493,0
0.5736859582673791,0.12510459483710523,0.1867159897533881,0.9207871565415426,0
0.956316629097911,0.12980122277159722,0.6549785032510016,0.07651212674354069,1
0.2005218264637577,0.5570706059460999,0.3757340872319972,0.6095080591118122,0
0.1092847010455396,0.9468443536392526,0.982671396854137,0.6817068435912382,0
0.8542014345087673,0.41517229524161436,0.6654816972022743,0.505454869934128,0
0.4392673095420824,0.32706838814646844,0.9567285070477567,0.694206865701726,0
0.8472062654502317,0.6069688950261822,0.20135973660033102,0.17255872653274026,0
0.893341178325358,0.9309055721558703,0.8641039669796058,0.8526591329952696,0
0.06246432096727163,0.8373335609390171,0.32130785452942234,0.13981904356502456,0
0.8837129057748585,0.9959762174515987,0.9897560520834148,0.4006912673664498,0
0.44843924447322425,0.022528093492657497,0.15758649256238755,0.07502972863186966,1
0.5105709424332527,0.11286712802111154,0.5163641444870137,0.5451372263592639,0
0.6267651211337182,0.6097488576059069,0.7929663895602985,0.669712769360824,0
0.9266433694210531,0.820973207889919,0.43263728412456715,0.9412775691696653,1
0.01911007730079843,0.28534778244185777,0.46809136483278735,0.739325965039409,0
0.4769720449655733,0.23928930483250088,0.9865459074529284,0.5410277176072893,0
0.6879126274818748,0.7873541568935156,0.4253003668213893,0.9326701312099734,0
0.7229078299906884,0.05635989169555433,0.6041273716006188,0.4783411013247727,0
0.6927244310732754,0.36953219023304484,0.054401097948407084,0.5611370426230542,0
0.13446302160014312,0.5060335184512166,0.8423493483866622,0.5960413528116603,0
0.29947198684156195,0.5606028544088586,0.6482388737163447,0.4098615533765899,0
0.35880936679028447,0.7289615363324797,0.4040048105604441,0.8385049534888799,0
0.8046621125809913,0.3549873007582258,0.016017443134032305,0.1849840902586421,0
0.2788302029953266,0.6129672013987522,0.5917197166504238,0.5547714943661294,0
0.21075528304448998,0.5856433159383254,0.012504492995901728,0.7222174200981017,0
0.9577179164485625,0.5478633040602974,0.001046238235034025,0.9040198993078554,0
0.00885425316737283,0.6407813819469759,0.6161580751823479,0.8839555502298715,0
0.9981026246405993,0.2595384770668243,0.18892593812622493,0.5086544842166624,0
0.6770086785678665,0.08464227991552065,0.19179743300012575,0.6431197004736643,0
0.828701270936913,0.1192841695589042,0.6533441907065836,0.3941144044178003,0
0.2946943903868006,0.2246525838389326,0.05355832805159366,0.4680786639057659,1
0.014307848867968667,0.5004191567482161,0.3133583071748234,0.9063102703932409,0
0.7380748493732916,0.840850404594911,0.1493268102636094,0.9307564802671383,0
0.8343782372978438,0.7016247509868547,0.5802232121808615,0.8954549793936507,0
0.7406822292344954,0.78942009309793,0.6618407755008064,0.13816367356378165,0
0.14288065395243366,0.3511150806818071,0.7212324158912367,0.8501100864162064,0
0.7536378279847888,0.4048226106468711,0.2551634430839016,0.9484220058108951,1
0.7691372440665842,0.39384474310002826,0.08912343202025852,0.36111555152523434,0
0.6587225199544731,0.19192546299993474,0.07855361040177655,0.5185637307514184,1
0.7663295694063614,0.06119734515548014,0.4261440624584125,0.779098055393196,0
0.8461585429308522,0.5911870219143456,0.946020231638613,0.5620098130335586,0
0.6137729050670427,0.9897058562557692,0.21764803246190922,0.9935565838317283,1
0.08861912982391833,0.16686826128931553,0.2566743602569588,0.45561018116260166,0
0.48775955742797994,0.04665754437504788,0.10076658787145476,0.7139241580162574,1
0.0776605291194805,0.7799059604266141,0.6056260733383851,0.7925983628508506,1
0.4076512300315805,0.2526715520997458,0.6799548817625052,0.49400981254548715,0
0.40721455976054277,0.8300455422570039,0.6430001857338539,0.8570121320980039,0
0.06601761602027618,0.7042695243093045,0.8612761848321213,0.5460810479711238,0
0.3489114657412156,0.9461388509721633,0.4864396092703487,0.41153317196013506,0
0.11101909937351377,0.40909844636179216,0.1343466668834452,0.10760647421845265,0
0.8084612317053482,0.6622797015354518,0.28934941085717014,0.3932899745328916,0
0.9479550534693919,0.4650566362061266,0.6625058286928223,0.7339244541923471,0
0.07232610158965984,0.6308813644952336,0.6131804368579523,0.9213358122833889,0
0.9553844187437541,0.4497924021378239,0.531032627505283,0.2515093507891578,0
0.5227186237160034,0.18868274918871908,0.6830475169685641,0.35509940322555833,0
0.29964212643824034,0.5081228560613171,0.6374578737247134,0.15375891528708174,0
0.07687303823206067,0.5288209765566236,0.8814779544052129,0.6906967310903778,0
0.5007598374125917,0.8109951524616577,0.5860652797782535,0.9602505801674467,0
0.7947375319479306,0.735870869141122,0.7787181905024241,0.6409097451160014,0
0.7072827563895654,0.664102484249927,0.24863708093361225,0.6170262303740672,0
0.05022914214102983,0.11339636869281478,0.6782639961973942,0.5534187913120225,1
0.0729116338235405,0.7209582873263507,0.9023545444178538,0.08823219350183742,0
0.4029801085020389,0.5005264363302375,0.3857105850454161,0.7294903731608656,0
0.295365685423426,0.8945365907089684,0.7792211965006501,0.6019943190472976,0
0.2324410170035507,0.9203221098434646,0.7248871521492717,0.661441020737848,0
0.281075489517212,0.0551339570766789,0.05938939302013324,0.8988531276814156,0
0.8037073675401161,0.821038364592785,0.5815556218166265,0.7839651812462595,0
0.9294896530205292,0.03766519035065041,0.13007746999646486,0.7809186482112862,0
0.40521017595087194,0.36731795574825554,0.9675025694883459,0.9272351022531823,0
0.9063658040005398,0.5425442661244615,0.8115359060435949,0.9900068505976946,1
0.32157859820972023,0.1481290926999188,0.10960470333616001,0.5812207014473367,0
0.47656544346637375,0.7466698898623445,0.12163714238006662,0.10866476312238582,0
0.22608382299341112,0.008306426147996149,0.5945257403747419,0.4590278435019156,0
0.6406527346396222,0.1686385742623715,0.3448530249249231,0.7876067337201922,0
0.9792573443471468,0.5810622142190169,0.03476037101732743,0.027481874093316858,0
0.6036589137492152,0.7147261457472158,0.5416747580153185,0.05665354513386177,0
0.3579076604198904,0.9170925097576124,0.38782410205847384,0.06692725511206683,0
0.64799629717874,0.7058303639833179,0.10095434434036576,0.7310228071275434,0
0.12294518485719748,0.6720945072926616,0.8020454492596443,0.5010783411957026,0
0.8889087504323259,0.3945043646934181,0.9152417353432298,0.36876630707134006,0
0.5032202433865652,0.0012322734333061192,0.7567030032511823,0.105399122438749,0
0.44947023421470333,0.12017224259663539,0.8225545985550937,0.7322276937593063,0
0.5860254225923877,0.5347945912489873,0.21640912864297235,0.32087248276018376,0
0.6249559410006604,0.6754469588094558,0.2635081194205213,0.2651584888286359,0
0.07178527357563667,0.41762416350164777,0.20844329291882246,0.6522804521794948,0
0.6828063052127197,0.7310265219310725,0.765175488004509,0.5589415628211223,0
0.2419911816434614,0.5220953872683127,0.9480936325924816,0.36227687924801255,0
0.714150930608041,0.07416398362010934,0.7169322527866768,0.6414451714939039,1
0.8227650208431934,0.19206860795488812,0.8816198798628108,0.27105787194915865,0
0.8041832716932358,0.8404056337197456,0.6387665796848907,0.7948382180971605,1
0.5526517909849765,0.7252570974755317,0.38763883760709916,0.22914156893253088,0
0.5203112090028432,0.8951994045968625,0.42575399139875714,0.15863721483052268,0
0.1429063355404041,0.11756880724384278,0.07519019968717089,0.7824433050753917,0
0.7755625011400888,0.9907122585936383,0.031310490760930065,0.7078714944868398,0
0.27147754963070214,0.20946859982011112,0.6955631154745419,0.1824462956636833,1
0.49682983689139315,0.011733475042042585,0.4384257365426052,0.1160313132667248,0
0.28434604495329635,0.9979166084022468,0.5522520477939636,0.8384213240104178,0
0.1338560767733214,0.28117504043135444,0.5577001483644395,0.776600463496706,0
0.6297311788389254,0.6683326294059926,0.2773158504473159,0.32711209017690934,0
0.05433637286753877,0.17672626912740252,0.47590256970893563,0.658160585333561,1
0.7488537335145804,0.5804936051732037,0.47076847026140456,0.12394834096183485,0
0.317668542817327,0.904477485061153,0.3884064289291942,0.5069612990999253,0
0.00012309443413988097,0.3203037507529718,0.820807055755516,0.018483893404553274,0
0.511267797514794,0.670568377316572,0.45116534020893795,0.3914776853479627,1
0.04685404705674942,0.1879536923043723,0.6036996446908489,0.07461481285718563,0
0.2762391267250857,0.6250848915410572,0.8956781923312889,0.4750503653046454,1
0.7071727342363093,0.3365818496349222,0.8663813647349627,0.421567309472365,0
0.06269641719741488,0.2112711315916238,0.8905784775679422,0.44427812995043725,0
0.839573659907234,0.31330079895108387,0.26994243370901216,0.045093621474998874,0
0.0038094077223079365,0.17888620632090557,0.034837027281305666,0.36148231839643286,0
0.24688480906774163,0.9023574454318597,0.26100108441559655,0.7564792381300038,0
0.7411102792632631,0.39735166394693877,0.2786478523992031,0.36878274228899843,0
0.31635151012865287,0.24536084677502235,0.9095232804596591,0.7151538022839312,0
0.1019107111330229,0.4486006845170918,0.6493139366424359,0.369347277526469,0
0.3603282066540968,0.32065894464842604,0.08157497839780348,0.42312561465353316,1
0.27046115678817995,0.7447742930071932,0.13526854718288206,0.5638243828004178,0
0.8429480616558825,0.9716992236183692,0.1555732361561084,0.9507409713537456,0
0.3134284187082406,0.4382208157963152,0.6304863133450453,0.10864358679992633,0
0.789152817542337,0.861452336405871,0.7355156240647531,0.03267201842747103,0
0.8921227597725698,0.5661202751631382,0.8597893280863929,0.6079038954486645,1
0.43393334450466425,0.15726896450104455,0.9408105364412975,0.9491556040649186,0
0.9101990725556913,0.6909483041601101,0.20161790337068908,0.9897949622689329,0
0.3774173653710662,0.5136629711570064,0.3097239489479904,0.48407038774858746,0
0.9643502635550745,0.6509101589521853,0.24024984837004126,0.46798249060162966,0
0.08930414174692354,0.8901220496074416,0.35873031135523803,0.6449226107387854,0
0.6872096449047657,0.4406230453050135,0.9148299322862314,0.5555643209514081,0
0.4939476072659198,0.9016185561680672,0.5751576231947624,0.6340433332555115,0
0.38775115459938475,0.751027477952368,0.7382944757065673,0.8740333285392385,0
0.632886288176366,0.4888197948610742,0.49013431312528155,0.7462982229355387,1
0.704052421163109,0.6034998076848987,0.028710292019795247,0.49678769858613925,0
0.00435291448408015,0.32570667468580883,0.0640603291202666,0.4617632909348831,1
0.16699054277713582,0.984083393504064,0.5379549698511923,0.6395588311841751,1
0.7132440821572671,0.6676639737631085,0.7188847693310052,0.4556030981054654,0
0.666569724638443,0.04381802194422235,0.21524867973077733,0.4576768443674375,0
0.9663199312000381,0.32674801819327115,0.722006409194897,0.016058708573013135,0
0.7612499336443663,0.6236031151054569,0.8107939152001649,0.17386864709428662,0
0.9510406422804794,0.05631128902493199,0.41188496460556223,0.48842120580066484,0
0.7027354439230203,0.02384442248017571,0.7465247132115636,0.8226705341797205,0
0.2981282120913239,0.45021796871398845,0.4040146614995308,0.27856581810297476,0
0.10538426640927832,0.3328196171715403,0.6784321003369342,0.5225621844649214,0
0.7820421188398277,0.4384859123085523,0.7641087298190783,0.34482260369053086,0
0.6443269940303831,0.262784393463396,0.992118695222743,0.10458580024975855,0
0.04818854321289326,0.16475514606147712,0.34536069181891094,0.9583600138270009,0
0.36014469981070596,0.6894681084488354,0.4110279646394872,0.8547014395901567,0
0.9570695222918535,0.514800213095004,0.16552067749653787,0.07826561195544311,1
0.5005366494437118,0.2002110273282458,0.20398723981514166,0.7197706247413616,0
0.4328447409403362,0.3197116853474764,0.6934817800040349,0.34744128123998985,0
0.4578225525941375,0.5920793254090535,0.9172112546722886,0.9949233169668469,0
0.20893250735663116,0.07221606954802162,0.39458633840141033,0.302245089188943,0
0.3688039502605075,0.14748094839102066,0.17975008221633004,0.2385641510859943,0
0.36991036062490523,0.07323288222740576,0.2850422608327463,0.5678241287039374,0
0.05235877689508972,0.8127095757976521,0.4550544126181393,0.8351473262147017,1
0.7677816919967836,0.7527686504135733,0.2905950487306015,0.1923294297697577,0
0.41661526598420756,0.7536728442510245,0.23350367204231048,0.7093827286303401,0
0.822410008915592,0.7166649889686703,0.736086288531375,0.061174171000897115,0
0.8505864059941471,0.6696993490298428,0.0076898881205522684,0.9189833729896043,0
0.21204475293040703,0.47720042115970873,0.5392629271061011,0.08084895000883016,0
0.6575351374098294,0.6425772357882895,0.7938889880615818,0.9142784647652097,0
0.4724090394629362,0.038329718636379795,0.26616439142208037,0.4907155669537845,1
0.8804039079924331,0.6217520903131071,0.6033465062801184,0.44798543072256836,0
0.2157924790952928,0.7782510778642653,0.6689782430662632,0.9733735290989144,0
0.6780008716870624,0.5005796695125859,0.6550979396515899,0.9904562240600888,0
0.6079191923163062,0.35765636743506946,0.4458490962100612,0.650138674881477,0
0.2953766721769977,0.27752589137736283,0.3465424343140171,0.1269084160735471,0
0.13662943268457928,0.6431014095002938,0.8360611239734936,0.5060834380959054,0
0.6518197356090668,0.6931279543662656,0.7585556794913799,0.5290839890129809,1
0.7388030029932001,0.8713919796147858,0.32121068786710083,0.5143624930233839,0
0.31570851514694664,0.34246880419385395,0.102897731650053,0.5694259437174424,0
0.645010577523989,0.7701412384630402,0.0716750735301872,0.01847831331033086,1
0.39523545685172723,0.5616105561028304,0.09415143115734281,0.7112078383379292,0
0.7134049620980698,0.8832673738382475,0.5829171534612669,0.7123752412939106,0
0.1992622155523338,0.5280484603561746,0.051522598141929166,0.1152550814396597,0
0.8904651303188198,0.5178606012076195,0.33688791721526457,0.5701737926592302,0
0.2874824704796152,0.5781408659674048,0.753307573921397,0.5682949170775988,0
0.3678824962798993,0.7496730770928188,0.29429419019952974,0.6824215458722617,0
0.058097395720788494,0.9651662128414511,0.7634195146620968,0.08517314272174106,0
0.11153336407748328,0.073550806442916,0.7455721827118467,0.6264560971190883,0
0.5160019526490911,0.053411025324347605,0.24575604174466292,0.2805914257672857,0
0.26765972361821533,0.9380112003246621,0.7289214535430375,0.50691661590897,1
0.8357142587781997,0.5301131082568036,0.7478825974301486,0.7733244606949711,0
0.014686071038607487,0.6151870869830605,0.39743631731102624,0.7056246640281203,0
0.37919388230733825,0.48263508359971397,0.21033690404928507,0.11868944913360732,0
0.33743310434484847,0.09365591514053584,0.5212968718224076,0.5911260018527179,0
0.019321675990497153,0.768457387356575,0.9215647875756474,0.9691816071497082,1
0.12439333109151489,0.747581221460961,0.6396845409073109,0.1565682789428911,0
0.41375266750530915,0.31182125948937855,0.17282569146480142,0.8529340780287419,0
0.4929978720708844,0.3063541892538,0.682839949825123,0.7025257929430097,0
0.40439698963272985,0.8382476095669666,0.427195912172202,0.7740044436818871,0
0.5310821613491626,0.0723440491032381,0.591579644022616,0.28179819753539737,0
0.5952950339531248,0.8815350828497044,0.7341651574057124,0.28773074343871097,1
0.009915101030135917,0.25674946852977065,0.5149711860053614,0.9060638528634816,0
0.4642199874877081,0.5932568103357978,0.8141132867018186,0.3596974244265291,1
0.9637709176471803,0.9364541892418741,0.7222525012913934,0.06278350581518105,0
0.5191732623091588,0.678441214267429,0.6151324914302094,0.6005410029308422,1
0.6777298591687331,0.4146040381391538,0.15068820398197147,0.12460603893591324,0
0.31194392265533993,0.6898591745362603,0.8360861706887306,0.79660477667419,1
0.7742073305217696,0.3441152597095609,0.9360779022259393,0.6417042280634702,0
0.7731371196443602,0.27735748069761446,0.13685563458879813,0.874760646512036,1
0.5214376954898539,0.9971765419954606,0.4882555439770968,0.7848419312154151,0
0.9762891799255773,0.7511487612697572,0.25882225823568916,0.1118978546796292,0
0.12557549436411058,0.6450203876238803,0.7546316463012417,0.3809430294161852,0
0.016941010138445498,0.35543146378709434,0.7217263724662075,0.7745615632144821,1
0.7703730369915432,0.04913491032863426,0.14077701403004284,0.4172257134588653,0
0.8073812415855263,0.031021037377645833,0.8771788203253195,0.9724316257849398,0
0.12023093762828292,0.5544320561485065,0.1808790974500667,0.7357290405849246,0
0.26564928885849415,0.762397411308501,0.7973824384720984,0.01525245932727768,0
0.017545886425815546,0.5376207846655188,0.45698374772241834,0.8800215564712699,0
0.29338321938741874,0.8411929135586629,0.32823028312374447,0.1005852848992545,0
0.7733575764927357,0.03339199285919037,0.1581372773704146,0.1403172414986468,0
0.518101194745633,0.3669001776883567,0.16751557763566893,0.7344805822730541,0
0.3481863117726984,0.23714743500481283,0.6619662197059952,0.8649995027006279,1
0.3718369658917738,0.4474651898191162,0.5504667381854915,0.5362728712335156,1
0.0013423855697363568,0.07236319504106259,0.12197068399055411,0.28889192744064207,0
0.2998770451066393,0.9546015900033407,0.11257981155183217,0.3511781464360554,0
0.6466371933019699,0.2233248751516923,0.07217828028844053,0.342749169212874,0
0.9744692654779958,0.9227602864327649,0.7438718923551946,0.32653263043972114,0
0.8472982652714732,0.42607366190171536,0.7119753834877542,0.24273674460208314,0
0.023590264518980636,0.9860112828044514,0.05829380069654633,0.6088141044775043,0
0.8988131863643052,0.5543091168337719,0.5603098965373619,0.9004478757026195,0
0.7834170729770564,0.9312900463390221,0.0845482224054237,0.3069305175192141,0
0.7805939533610204,0.005299063726473818,0.9039067439503654,0.1865029464943054,0
0.4581187935218335,0.7485959382499594,0.9072795817856729,0.8385999604213793,0
0.3981106874017236,0.9034926123561551,0.6983214736969288,0.741773902044978,0
0.3029931623930119,0.13974426921028726,0.9263578110371,0.9308895622359086,0
0.06570253821366544,0.09612566679315115,0.8115814498153853,0.1653214449920859,0
0.22829083744832235,0.4247523904735715,0.8286730218246277,0.14404605309696125,0
0.24666451008445117,0.9341376477486794,0.5697510004477522,0.541354302456364,0
0.48420777338331455,0.5426308981367356,0.30600935267182194,0.6143824890401561,0
0.7476525528842515,0.5276926209113615,0.2177181380505715,0.48007827428939465,0
0.4739375130102308,0.14115059068464397,0.32715763338774906,0.5989104014451228,0
0.05784982030996781,0.000737087817648252,0.6285593158049991,0.18018634841573358,0
0.9580597988989374,0.81053114083692,0.17255963585861878,0.47951840316462335,0
0.9429898870314122,0.08756969247721713,0.25857366524850534,0.6580557036977375,0
0.7854087883144057,0.6341442728120663,0.46806815925830136,0.4325957250821454,0
0.9916077612832668,0.9150647511027676,0.2329745008590649,0.6794174772825047,0
0.544630798514619,0.20871338544510554,0.5886934987271886,0.45108661451406884,0
0.963039812095936,0.6655845081568499,0.9233438553318649,0.33345637588298604,0
0.07561563394423605,0.07868884271457954,0.7481954351678937,0.3034520118683076,1
0.3657766377438484,0.6040331079196086,0.6665038791347371,0.4107841887594803,0
0.22543590272058184,0.16396868937874398,0.5827692160902203,0.022844652731697,0
0.19587903026643344,0.7363039610399627,0.4879622203746976,0.668491700325311,0
0.1408327135286953,0.3013434947764946,0.18647186511908842,0.8451300744761866,0
0.6225850228186622,0.4635920621422276,0.8948682417884157,0.35449078093667963,0
0.7815399636279133,0.599706136499,0.24846586660973458,0.04579568558434283,0
0.5784568086783628,0.17131440187738,0.09118328426664846,0.9868464610892415,1
0.14699428548897508,0.7419913337594135,0.750121927975691,0.26353214137863057,0
0.8113506410045996,0.30275331268816874,0.1755196780695769,0.126410082639456,0
0.6361300701384053,0.6626819422795762,0.3718693762703893,0.36962115159448294,0
0.38826820726429423,0.15831692400781705,0.028137104868605434,0.7385465544204896,0
0.6743168839626368,0.6884418486567849,0.136958489586668,0.29376038642724145,1
0.2599697655817139,0.12820545595813915,0.17310692376009484,0.5746390170639287,0
0.3452820733644313,0.42553670907966445,0.054271519333958906,0.4154436507766598,0
0.9177439897482326,0.24728867128799603,0.6567307756080254,0.11755005043370556,1
0.2905782897370333,0.7487324562595861,0.8371452290047117,0.3301427218881233,0
0.47011482904842694,0.26212572738020157,0.37328928375517734,0.7248555339440337,0
0.8903912433587405,0.8821475763127555,0.8747271613258363,0.6119519352198522,1
0.7079178160734724,0.8922560170824125,0.2132640269727304,0.11956509822603578,0
0.06220987871668511,0.19649609686746228,0.32534739661976886,0.1631233989608128,0
0.1473347202544396,0.6141294382160121,0.15063236149070036,0.6406908128470049,0
0.007832258398737024,0.08771284960911618,0.6206202818280318,0.8134294618193312,1
0.6310956732851445,0.3916987815025923,0.4198598890756742,0.34933649376469855,1
0.4477934246680817,0.7136597292017992,0.613341866878585,0.5952533188032786,0
0.13430269596473748,0.6597317135616736,0.7617857668159331,0.170446977405459,1
0.9582041614045183,0.6249901103232185,0.545737698809944,0.31122584861045977,0
0.5298038311028515,0.2826428224607609,0.6276939354842455,0.020024311700823805,0
0.2419527841534384,0.37817922752435873,0.9354224001701397,0.7682752015134598,0
0.5007391344109966,0.10294969685416255,0.29901199679370194,0.40088870751051875,0
0.6798085354956347,0.7193639439744697,0.3591328244493539,0.8161405093665731,0
0.07624999777957485,0.504112040377243,0.7177987132764727,0.7083526174408193,0
0.27477295295348225,0.7091011355906316,0.6113633394624287,0.8287633370285525,0
0.8071911392218671,0.24902707436022453,0.1784380773069998,0.2854997527074844,1
0.45978839571963825,0.32456314456219904,0.3761221862824158,0.1849168598148754,0
0.5467262237209234,0.3343456104296969,0.4678452309829453,0.9719716729633666,1
0.43293163267292223,0.025703659095427156,0.4193799669529952,0.7173103432576874,1
0.04390121315275859,0.34118188980126174,0.178179890052391,0.8340630755676682,0
0.16578688001962033,0.8036918781746749,0.9245983609990489,0.012885140747849924,0
0.44566101115214407,0.897737303181839,0.7624298502198172,0.3543252525577726,0
0.2092353377798714,0.5184494108996862,0.4813678180362899,0.7428076004007771,0
0.04998208671195792,0.4556984257076593,0.6801431024888771,0.07775585346754081,0
0.8438860992940735,0.030788652779405012,0.8974413657817308,0.5672733295104184,0
0.9814694085981108,0.8796332305534111,0.13606437414228623,0.42896085240362425,0
0.7933644578230342,0.012964486328876923,0.2503035632765318,0.017369743458904026,0
0.8540243371982267,0.945214888135129,0.5427348712352966,0.23580037735413248,0
0.24203664500945504,0.48943145263774834,0.7991344019194386,0.2846327881497488,0
0.9608978076891672,0.34206899635793686,0.036109883224348494,0.11164406954072498,0
0.1969719718683109,0.9246719927133595,0.9842074375980374,0.6314913492835235,1
0.9516979381306274,0.024351501966731526,0.4549092595113464,0.24222478129898464,0
0.9951001803216288,0.5816906233748753,0.3592000501409274,0.27745794802636115,1
0.711920448171606,0.5491804492236074,0.2926698887945278,0.8982804452275306,0
0.9814205968770517,0.21938771916053845,0.17426040736987858,0.467023648066337,0
0.5696956133712612,0.429069578890906,0.7916953164722713,0.39200412387149974,0
0.2596064627179278,0.6525685498404341,0.9555933628122943,0.7238557389842037,0
0.4371127452150597,0.7274767633046517,0.41363285739662103,0.9096593719614046,0
0.5937238325535574,0.0006643956220573344,0.9525988369485034,0.024792004293170203,1
0.07309141333090009,0.9373139111468287,0.8239303890781997,0.4481332128995734,0
0.6225146251757171,0.16456266610211845,0.4810630059278722,0.6107289932967565,0
0.9814547118760197,0.23365556577542534,0.6741061246671052,0.3184149651845475,0
0.19015191236389795,0.2635649567427478,0.4349798086661849,0.772408329964371,0
0.7928165390476699,0.03778800373719715,0.558762683604968,0.9715429201106772,0
0.9081541213440559,0.12306669255988023,0.05790901118352565,0.9434840232200296,0
0.9439674481228155,0.9868375249743648,0.6963512644876957,0.26581717394737303,0
0.9604062920947682,0.31533660050544476,0.05268547682862845,0.22615992019177086,0
0.5216013346607979,0.11531141222841512,0.8172153528380548,0.9575517969827297,1
0.9775836451607698,0.10699702979867887,0.8250801084952997,0.4585262588249325,0
0.7575212544400051,0.7198013307401157,0.2370031103801793,0.20811345231698272,0
0.1617073372080276,0.8549840581963508,0.323619144711941,0.7069761340744904,0
0.4770286997700558,0.2570402373781704,0.48132234845412825,0.2842610011791319,0
0.7185307609748248,0.020868113558712764,0.596715564527571,0.2670820240383557,0
0.2474014075449701,0.22315940190838113,0.28729721829075316,0.8792846665627037,0
0.6407919169268954,0.05649380197333542,0.5925375890710143,0.16227986625876453,0
0.6667848533464068,0.10339873469375593,0.29773430990118754,0.06416151306189306,0
0.16273594715132178,0.43169170336130325,0.05535249380691454,0.2690221247696484,0
0.5652398364301776,0.22999149583360623,0.0023706411429813556,0.6068917928840308,0
0.7718421680809886,0.5161757286361395,0.10102893618816466,0.12287565637615672,0
0.4990307255858627,0.25357979606041425,0.792372346427328,0.47149669314327125,0
0.012095037495733998,0.9409998006890774,0.9616126328468226,0.6272901735448172,0
0.009029488645674766,0.9063875125350016,0.4269590006364652,0.8487626162102374,0
0.35712268952515624,0.5670638233360874,0.5127069895841814,0.22969239029144276,1
0.9264547756834561,0.3545653382325682,0.14674216584824507,0.8173616591778606,0
0.2287323833557156,0.3813028707479944,0.5510679148937143,0.23473071091360956,0
0.6345385840107635,0.41202509649217056,0.14454812516207483,0.6767358041152497,0
0.2221295334619715,0.7279251341022066,0.6112721214423544,0.43056218107063604,0
0.32175293787052983,0.4518336094900528,0.9334300508534028,0.11446629021061938,0
0.8482798164272777,0.857146524916879,0.19560976681566444,0.7142450147522693,1
0.7290641242757198,0.9445592347951068,0.7646755984347635,0.21758144975913088,0
0.0954156910945868,0.3360773749272168,0.023352912487595745,0.17642877448010766,0
0.42881644174231437,0.5609488509147802,0.37547188829818623,0.3581878263372681,0
0.02916670277669932,0.09505576597604914,0.11062977135898677,0.653251813630304,0
0.48101991316804926,0.2005260363559085,0.3524419682122115,0.2338206304054539,0
0.662617160859849,0.41363946414565333,0.17344033019831073,0.18346919387351485,0
0.11852583087017039,0.20626284618193402,0.37327886383805975,0.009704350636467698,0
0.2889582467445603,0.8769879350944851,0.4175122765436683,0.47154513383871266,0
0.3979419703530663,0.15832013112387777,0.300539348510668,0.4285335142560075,0
0.9197897726536407,0.455857639232784,0.6566957561104161,0.2336918530611827,0
0.9935354418058087,0.6059782697849148,0.9190183529603857,0.05341721047466054,0
0.04491286689258904,0.6921901503207968,0.40057887381608737,0.42914401955508263,0
0.7612200581067186,0.38322641184246997,0.19225320046086125,0.7882108962705401,0
0.37182173290987697,0.8695224246390749,0.27066044861235383,0.7152640171109532,0
0.392561949561573,0.5685776984579158,0.8541442505605161,0.8608244652725857,1
0.7544751252079646,0.43969574727359806,0.5716835545674144,0.00933329106688146,1
0.9186848553398828,0.06722462182500522,0.4550137257707547,0.966483509042006,0
0.9511965748898688,0.46489123325720794,0.14953170187538944,0.34127160815439816,0
0.5772806495508579,0.8211326967138168,0.4497281380870106,0.9904698469170593,1
0.3572145318537527,0.6148248922861415,0.2784324341793223,0.25244971562014884,0
0.7877690248433743,0.8325655706945723,0.9433380046748283,0.4714383893427847,0
0.25106355151740967,0.49422950213947114,0.8842241426632,0.35379113384512706,0
0.5642282554451065,0.11847375880254507,0.08377433611828167,0.3556247730150317,0
0.3586722625947934,0.013594463737963025,0.5166779255492742,0.8423056068704353,0
0.6568125165248798,0.30333283613855766,0.22497992895952734,0.7464110301440295,0
0.24045796351438486,0.6983200706302846,0.41076418057878783,0.9922240607841223,0
0.19163764506316322,0.7906400609373776,0.8769994840810966,0.6134632157432166,0
0.9184974547813676,0.2958620327502697,0.5275427871316012,0.4631558925840322,0
0.10182197993299234,0.495872652273591,0.33417537917986806,0.08985084607854385,0
0.5060950454226908,0.4212967953091553,0.20780388126780025,0.9966354903742735,0
0.22090608608527146,0.4106948692171297,0.8004493536261208,0.5514588716199742,0
0.0389297724233999,0.2314226219100357,0.6245804981474095,0.700454503467656,0
0.03601777137305166,0.13639297196567224,0.4680727585107718,0.40662315369203217,0
0.17526165752480788,0.19674347534955317,0.21740326577302227,0.5476426765758847,0
0.8670135883389095,0.05530984996373167,0.3342064709292032,0.9426341104076897,0
0.2825501680842033,0.19818644916809358,0.9600241871153372,0.16622144218275028,0
0.9507270129294922,0.009153083262188666,0.5201155860144695,0.2922158678399238,0
0.581781679631146,0.627549243028918,0.4006828176046966,0.15185702584910674,0
0.43673093708132493,0.3164959053943539,0.5214481606233647,0.79222300348097,0
0.5802477704011962,0.9736250778292375,0.7791054742578964,0.06181305759852432,0
0.516838681128964,0.19377033969488178,0.34007110114616523,0.08140586617400822,0
0.7589877321508338,0.3459652068026742,0.17861135479761003,0.2983394025363655,0
0.28256749517352553,0.3579843772797666,0.5849846396047909,0.5141041611724263,0
0.35314256715282605,0.008403271074205243,0.6652809372570445,0.40615541381578746,0
0.8943455709159154,0.8396149304967429,0.71281159606594,0.04457846131709635,0
0.9467231785315597,0.031959135224115975,0.8821408894575882,0.9575528241689951,0
0.892809044189485,0.9406421384462131,0.37114724279375366,0.9529292718525129,0
0.41955969358590595,0.8925102960220332,0.07522367555226595,0.27919534086567854,0
0.7805833296739674,0.5357624926377405,0.958528816739495,0.7315128246110942,0
0.4764641606504355,0.5438405753218447,0.4350075667206994,0.5785124935857034,0
0.4976745145222261,0.6540832963844121,0.6233195478445595,0.23730198720922432,0
0.20472865663861795,0.38720923519317374,0.6663825453317642,0.2620049373148893,0
0.591292485710998,0.6475240647467073,0.5465486774296195,0.4910616051832265,0
0.18617899244814262,0.0447400630801269,0.2051721289420314,0.4191218029012418,1
0.3316505567967764,0.0540243861822951,0.755251607590445,0.2910722370558587,0
0.8552699832854488,0.45742809734055445,0.8038776773521903,0.8075237089156222,0
0.2071250612428075,0.5498706037846333,0.5530128340103317,0.4813681726735758,0
0.07116757094178265,0.8882512528536539,0.48857568801144424,0.6548101418113598,1
0.06901624597451796,0.10466512549435159,0.11382057173410232,0.18908299449585153,1
0.9410495180466902,0.8230458307954125,0.08382347311559357,0.5334299744388293,0
0.5070578586795934,0.21010957418366782,0.33952681829244113,0.31782772410876137,0
0.40952082040370064,0.3942467257601132,0.310797998451676,0.5263335973478185,0
0.8111053799817566,0.31672305723088545,0.9538350290401993,0.7808292001620334,0
0.8360600625995208,0.4003216769849063,0.78374134541194,0.7689126726583767,0
0.3322770750174039,0.15052510429051136,0.6599992667156585,0.354084231330942,0
0.6938103762359983,0.5037931433496405,0.5176728761256513,0.6942521187843893,0
0.77133792472615,0.8020289838251644,0.16726876518951883,0.9413459068579683,0
0.6548315473543505,0.4417230874518916,0.9786439979146593,0.6256218464543074,0
0.1516280128381644,0.490829545495548,0.37501518418270763,0.14820622535049663,0
0.8761289969288679,0.8491798008176277,0.10680551754213496,0.6796788563800233,0
0.5392414341849082,0.706392134333079,0.49381527062149644,0.10468622996303256,0
0.2825438486195012,0.49067029090339,0.8741484921817104,0.872143692697407,0
0.42534158471949896,0.2577839933673438,0.88744617111346,0.5165772863175531,0
0.03757049992289849,0.885358775334443,0.010811983788684643,0.38501442319454837,0
0.1278927620112768,0.5772837168102694,0.8864505630356803,0.056772740479096806,0
0.7657602197597775,0.22121592925574962,0.2714221765018223,0.38065599353297863,0
0.0,0.2692143575090622,0.03882831026982814,0.9032501431536623,1
0.4166766806161562,0.8035202996300885,0.8479315068108164,0.02073733592052915,1
0.5226521859346989,0.04411689520917328,0.8640136630115691,0.4745511793824534,0
0.05463884696133624,0.9925829354596694,0.5962835851213057,0.9312107270090826,0
0.9733526563939245,0.1303702483833833,0.574478574118757,0.3947178657641476,0
0.22618018475372798,0.7964518651529477,0.8132492801008127,0.42806347840623094,1
0.3042765304568617,0.3949387730126013,0.7864291033834476,0.5784971323688402,0
0.3040202477383637,0.4924330310131717,0.8902616355128288,0.46283651713048135,0
0.23047277747827005,0.8810802628813725,0.5527846151195135,0.16840441068955797,0
0.0014626172840710439,0.4130845831512193,0.9678306056562676,0.018309083141316775,0
0.72954761822236,0.5377354106683647,0.9963403964216866,0.6097589773934728,0
0.96711816051931,0.04927381965467337,0.11642791795618734,0.9208558303557395,0
0.22434779813803934,0.002295904257790582,0.8496856145012188,0.1061464550510117,0
0.6632305212665298,0.24488115210372285,0.49984075724359656,0.2107693186202996,0
0.7421028418450616,0.6809031538993358,0.3875452423464054,0.37009828576878034,1
0.8486632186217908,0.12127848303859512,0.6131307554814285,0.808754744953046,1
0.42274183206830507,0.11377143734634654,0.05582749748437266,0.26909602528079,0
0.3030083436629569,0.4111329328015305,0.5064819599531134,0.8820909471788314,0
0.3253791482001285,0.648139156804385,0.871039954523539,0.05472334904215527,0
0.7128192397341583,0.7124093071708071,0.21337900909431795,0.9410124684789911,1
0.81700800062251,0.17849559799982284,0.42638249284777885,0.5606783171067834,0
0.18165573278734176,0.07957890080805541,0.9396544657188812,0.6587410457827959,0
0.3710384444086603,0.9408594566740671,0.42855720268769915,0.3675574900452091,0
0.9021937722005953,0.2607563555164223,0.3583362372708052,0.7819980352048524,0
0.8069190880600534,0.8537612221018689,0.4405342361126827,0.1663683024510392,0
0.9851363601389336,0.8639117337539846,0.5194781901801448,0.04867531816838894,0
0.7544584066284042,0.77289302982338,0.6320564629430407,0.39539403063699685,0
0.3932991810776748,0.1688732610041006,0.8008174249184634,0.853722962744818,0
0.5907998716375623,0.8221988990443707,0.4521038732128062,0.7549217153802521,0
0.661196985929392,0.7696192044337744,0.8176114806833965,0.5170729233889834,0
0.07846724790924008,0.5969971010089203,0.5337511176552283,0.5720727195197418,1
0.5446454291190552,0.3373339448617063,0.3384421006249596,0.12968285949965427,1
0.7095177646017745,0.26259958664284166,0.6580251034851727,0.8407044921703435,0
0.16735886630392255,0.12190314384732925,0.7178176129746632,0.7869650599926845,1
0.7808496223724356,0.5099835259308882,0.5580880131327959,0.6564330050040407,0
0.5839327995024222,0.5855287058924885,0.056477142422181714,0.46609128623461316,0
0.9524901463450806,0.35948302987196445,0.16978499684808668,0.9645228181403526,0
0.042423134218389974,0.4755666787642525,0.28524055225761913,0.8790675242195527,0
0.2653925179746087,0.36366078461945683,0.28256749479763954,0.6443891587345774,0
0.6017191267830341,0.6413044325674537,0.6735005322556944,0.3716703127005957,0
0.29663547685116715,0.9017001854505082,0.01819733348346375,0.617972289004326,0
0.7146226008255637,0.1639572241937266,0.7557905245461782,0.5753769814526503,0
0.7592168282608686,0.38156494213642933,0.26527826746384164,0.3941186575168485,0
0.10253447049470223,0.1408929352344659,0.309973398396032,0.306521942263395,1
0.5139939238604377,0.6252333445285476,0.527938234621935,0.40689164670377964,0
0.509028555617782,0.7292170289455635,0.21584396303816789,0.5738469596779329,0
0.3693777182769425,0.9323705064608516,0.8846254883376474,0.42802262226957455,0
0.9331875489972816,0.27897187471164653,0.08524109079499453,0.26340833356608384,0
0.8277380081988874,0.9506790061447639,0.44438130676919485,0.7609601748697029,0
0.6974027566932773,0.06324447991978133,0.8495640815494099,0.5313891392457021,0
0.7145250438113159,0.6032914212713667,0.6159033176265964,0.06744480551867277,0
0.46184027230275115,0.057111168612859586,0.292274827498602,0.3681846786193047,0
0.9212536994322338,0.8942110640942618,0.4207508201245034,0.8849509371238625,0
0.6947880334090275,0.5300465033333168,0.7067858487687246,0.7552315114402669,0
0.7291837788354195,0.6696622558091407,0.9734462363612408,0.3231001860104885,0
0.8619326440183969,0.8319767203995658,0.8932959503503213,0.9382380903015425,0
0.27414054134313515,0.15034012740166425,0.3423957927129422,0.07637547658612369,0
0.8072965832010435,0.03855985181603483,0.9983921682318595,0.9612971969503149,0
0.19528637487080452,0.8793098617921098,0.003348099494381529,0.2455330814223907,0
0.34543186114694524,0.31505293524143596,0.027481701290447802,0.008844623555152989,1
0.33569750164527884,0.12899672440289756,0.8239733039461612,0.4336976733805079,0
0.9788015635794944,0.4686650685918359,0.1993752420539252,0.35883553964368675,0
0.8567774485501444,0.5985810540303582,0.06063290300672719,0.5390131463306641,0
0.7013644009446648,0.030934717493019015,0.23707392102831903,0.7967814537204142,0
0.727258912958592,0.27499342796223836,0.4260926498604434,0.8424543590079809,0
0.562226432555362,0.03276499067312866,0.7306661590676384,0.40110895950989034,0
0.9473575189613184,0.42051285075335176,0.6243979449659349,0.429734081986368,0
0.496393038553927,0.8955376318764579,0.2375472322419867,0.14797375613398833,0
0.3806179621298935,0.98313798751935,0.5032901638578977,0.047310654669560165,0
0.16307163895480264,0.6373437597385063,0.9263830038792307,0.6411726016219118,0
0.7864251962118142,0.16167340522709228,0.8151374502327826,0.06420620679125082,0
0.734648255600813,0.9062928827852703,0.32314598167043584,0.733818084030712,0
0.38445641914259693,0.516477838757524,0.9824532302230793,0.5390142865196753,0
0.025189183853357597,0.15378070120690257,0.7087125482164254,0.19839552359615295,1
0.8392323949504943,0.9221788619911733,0.06231358288573574,0.5394472268533046,0
0.011409702711680153,0.757831240387385,0.035015315126258884,0.18280515413594434,0
0.7038950629005628,0.7320533454526164,0.16830955045424645,0.4386284598346082,0
0.9705307736228435,0.7095164344725085,0.7279548006582033,0.7995698229396727,0
0.4377783833696123,0.20039673887787934,0.18364593490260717,0.4618181433165083,0
0.23503086025758363,0.2110694542651883,0.511509383066489,0.1484955150447125,0
0.7050666377127465,0.6886172839525893,0.0931352151210092,0.7238133686107254,1
0.8173567786597634,0.21979028852152016,0.9210531770115438,0.18657708959423233,0
0.5465793545926111,0.4388592055076863,0.34392413680894407,0.7385393858084068,0
0.9673079917792469,0.7823774576805169,0.9082945770539581,0.47925685252515005,0
0.051672276560931554,0.784329219041588,0.9450511227782172,0.453637928935698,0
0.5049323942176308,0.453457275677116,0.0059730088211935595,0.8514615457184903,0
0.7186535690262064,0.7925711528087191,0.46414109897838074,0.7085832213109675,0
0.8628824905985267,0.8390284524781473,0.024506952291105222,0.032669045747304365,0
0.17929668346892547,0.6550816714598708,0.9088554845724701,0.2960188440714655,0
0.8002270829373376,0.22849815947381646,0.5184325997214998,0.8709535548321979,0
0.5528579599013503,0.2741090657810483,0.07481264709304725,0.018079637443898657,0
0.3966586495940167,0.31496081274152754,0.11015782539669061,0.5451796076891299,0
0.13174212093115656,0.11681525318260366,0.3834864974240446,0.7278116659145033,0
0.8655385591400709,0.27325643883519213,0.9404080365863123,0.6218073522801865,0
0.15730781586102194,0.20958117183133496,0.69299575760202,0.7605289179216271,0
0.30986731350447894,0.4555253855338002,0.867767096674875,0.7256771463276533,1
0.2901191810677909,0.9088824588064508,0.3664281044743518,0.6920049606267007,0
0.8716586334880602,0.10448470953792022,0.04307114187571415,0.8215565710898861,0
0.6728891629405025,0.7206097297269158,0.9745035029944376,0.6456497466729704,0
0.7969040215130099,0.6876067365250744,0.01702124778384473,0.4022978436665118,0
0.25052991017761606,0.09575381008177963,0.9478281131167918,0.4718112338332945,0
0.6250462043522041,0.9230250608553092,0.3686496653068545,0.7167071412726151,0
0.5719024656774525,0.5687308333992034,0.009936163939663345,0.8763406886231172,0
0.8330636306417352,0.36387196403558164,0.6892425143632153,0.27205547924855866,0
0.9063418553093109,0.756900263321894,0.9807283647103802,0.34193636929215476,0
0.012148707974066031,0.2574536226565014,0.9658085227737274,0.9307918950399361,1
0.6742064750293941,0.6938369810720948,0.16083597746147404,0.5784488537617586,0
0.05183940315147757,0.039680110945748304,0.18115393644657019,0.17876793196320373,1
0.5490084176430629,0.8398151247003529,0.5655805940103136,0.6636601178315261,1
0.2877056686693815,0.4483635606646281,0.6373718194369573,0.9908343257778293,0
0.30685516836290955,0.6369889262728075,0.7395209244943217,0.8234709018223273,0
0.35305065198536256,0.22130618838099636,0.1809564212086059,0.7457330048182444,0
0.621463500617962,0.6773918507186902,0.9591875521433906,0.2078623012145128,0
0.33413655418579685,0.7726105592627182,0.6388067552568728,0.8761743891560256,0
0.7329028610367515,0.47341962215966404,0.8471878931199868,0.5257086257304998,0
0.4046346978287809,0.618012543803248,0.5400984096452959,0.889328936337451,0
0.06836166124897262,0.4565231059364274,0.41426517309589883,0.3296833883305149,0
0.7839786672496152,0.8945284193857335,0.9773697830366359,0.06181885171043883,0
0.2858307130537018,0.49808912572803177,0.5821688992542917,0.47587942543053585,0
0.4328824956183148,0.8422171115373045,0.8670215504049708,0.2696735028253052,0
0.6856337983852663,0.8017382930709669,0.9534708460321255,0.715211158242047,0
0.3325422770096786,0.41067689637145843,0.6754350411261711,0.9571676929744447,0
0.05659065686398622,0.23015770785333878,0.5489745025941204,0.6909480703586686,0
0.3740193595378998,0.406251784226745,0.003354289056410664,0.8869720718006919,0
0.9447146576477077,0.8266172352107422,0.03987595644091613,0.4529199482122602,0
0.641911459779028,0.2277044082970976,0.2007642610406961,0.7716410936686008,0
0.6716649575295902,0.5246708482121658,0.1859162414272717,0.8430671943110322,0
0.6324564367056352,0.8064855825538979,0.2546908547303204,0.7108560692016712,0
0.1990390140050628,0.3536183027416735,0.30488439549290547,0.5076911652461475,0
0.4184452361233194,0.6425086717356434,0.3600346973669133,0.6258186906363673,0
0.7511489724635124,0.24571330887083231,0.42052822392940925,0.7004840391330954,0
0.10139106786507,0.10928646777367135,0.09874341084849192,0.25291481061778565,0
0.2779228399407092,0.7947666419579145,0.04221907383892187,0.8095920511715861,0
0.2763887213450942,0.09896999613032875,0.6740243657857903,0.9503834563821438,0
0.43213432367983584,0.27147723918887756,0.5373665559513796,0.4651392531732491,0
0.9806453781429769,0.8555251124626064,0.4441430626832812,0.7010444101571384,0
0.06751075748991674,0.346606274644361,0.6345059236608606,0.7370149177707594,0
0.5188418791463236,0.973525661472392,0.8278135500509904,0.6622120520142122,1
0.1794057856451819,0.9802183118765759,0.42768596680004833,0.5470418798876728,1
0.9709503326407158,0.26837016301227745,0.641187803578319,0.8816843642670666,0
0.11332518320945568,0.04094781986798601,0.9537507722030867,0.44882130104978,0
0.403708042215457,0.7053967587957315,0.8397628520382128,0.06087044483728754,0
0.738090320194193,0.45118075909438016,0.4259932713410777,0.8445806291946144,0
0.7047499626065307,0.10075519432218005,0.6447864452237226,0.673949622361959,0
0.42284130118871704,0.7078576412392259,0.17697557900567062,0.8492844210744153,0
0.3466144244828313,0.031139135129137685,0.5605620947606837,0.13834031206649655,0
0.3977176574644336,0.8706206478344916,0.9815166297600868,0.030510482096929345,0
0.26434233486441105,0.1386756461268579,0.5183401375872521,0.9344282304240679,1
0.20538167825132647,0.12732878179499707,0.9278077000193008,0.1475241843629427,0
0.48317009619489204,0.17571569949413401,0.4073207974193309,0.8096651462750306,0
0.2686010796802623,0.9607396683645275,0.9990393443232151,0.8232271996890039,0
0.28753455422189905,0.6934963177196876,0.5792665402889483,0.7086849308421572,0
0.6569375430445403,0.8017577809366365,0.04212610334063527,0.13105269308913972,0
0.9688104898995478,0.3978000088929461,0.5868039594501226,0.6673648172419401,0
0.6038030606388434,0.3364441499128743,0.274511744064462,0.8891254309183574,1
0.07699046453967336,0.23455963343733988,0.032334978785726776,0.42541856919955645,0
0.07559420088105752,0.48085853741457285,0.8209850398063736,0.4133998411095431,0
0.9516913466767278,0.5520782451993815,0.2756690934475259,0.4427509125331356,0
0.2973665698657467,0.6320681607732626,0.7966717162695218,0.08204631682822389,0
0.09208242001058638,0.2572065329380342,0.28816144423106493,0.8920653798300399,0
0.5992090967814846,0.9491210279754858,0.19423709738255468,0.8692151884258963,0
0.6238205227323016,0.16979865934124216,0.9741213051313196,0.9979838344054991,0
0.6486838734278243,0.966129436276411,0.3616150888179348,0.5851223892855368,0
0.26746901868788364,0.014811406852937914,0.6014305315377158,0.7511852910379889,0
0.015103489303014986,0.4813364626486578,0.6100388482053063,0.2024857917623516,0
0.9652874920284973,0.33349764690975725,0.5605133748604345,0.6674950535743265,0
0.25095518208977574,0.44931664952049655,0.9148605791898063,0.649693251744917,1
0.6762134339917544,0.5709244115081988,0.6745211632506383,0.9012515562871518,0
0.7068260147371295,0.43577497767938134,0.40371761053570054,0.8308124654903074,0
0.610175150307795,0.415021304484295,0.8625267672675321,0.9385214937255963,0
0.31298776580176985,0.7330720460211237,0.18096896427511666,0.8688656826392315,0
0.2711643308738076,0.6861992363989504,0.5442709232016796,0.86872605909194,0
0.5978323876343626,0.833675006569683,0.9507278544295445,0.06349167382651545,0
0.8663386690443332,0.25004308720930357,0.6254604229253431,0.8459866668352285,0
0.947000475819268,0.60980963727856,0.8170988153021028,0.6074249492257084,0
0.10592530760744502,0.5854625795622548,0.6536334524128335,0.38031659951196206,0
0.1548625014508097,0.36988754813036007,0.8395091302521109,0.05628060898157708,0
0.945002418327036,0.486271015079085,0.9446632239396138,0.6776433349758657,0
0.7367401668013042,0.31390122036629364,0.2728601935801649,0.32805677652023624,0
0.8832418291401913,0.14186926357433194,0.1695631247117717,0.46767703442667496,0
0.20268057966095965,0.21386550444155095,0.4840036656620157,0.6816993261178296,1
0.587747011329025,0.10551860538501501,0.7019521909005135,0.9118208302561531,0
0.7013341248718798,0.6833909986070585,0.22711358895652722,0.8254549029705741,0
0.6803002327475461,0.6610365744112814,0.003945096895037636,0.4504922683395842,0
0.4082600688409987,0.951074388385238,0.34289827734357914,0.3876577103433241,0
0.01538778035046244,0.7300253757850284,0.9690432759793453,0.2396057858357948,0
0.5830858268152381,0.052021500734073634,0.6950547926564639,0.37229627124060616,0
0.25316432498117214,0.8846768289592113,0.4013092011657875,0.11083024385449775,0
0.45037500428549093,0.8630949989625183,0.19248622349670086,0.9711712364313049,0
0.9578509516014926,0.44351037663177806,0.3560574752006289,0.5738529995829539,0
0.39914101496626025,0.5861312108647132,0.16974153966549466,0.1275951920185055,0
0.840036910393452,0.9765603063152266,0.10618551779565166,0.35266909892605713,1
0.1885844075434014,0.5325431773830749,0.9069044028898503,0.5469658902833973,0
0.6726465954511378,0.9057650320913639,0.9978444341882025,0.5328077447035416,0
0.977282603113447,0.0830314019643481,0.16401452661268934,0.03526246718758855,0
0.10191142414954553,0.19110369727461496,0.054383990119312386,0.9509001209175733,0
0.008310750512256895,0.44094359363448365,0.3296896112715544,0.2752133945041051,0
0.43369864856918705,0.585024362522744,0.4616642191921443,0.015937435986145956,0
0.09264108120434346,0.8166222376656149,0.20473569239389633,0.0762165251012934,0
0.7485927723520849,0.9887507649348084,0.30137343162638786,0.5801325162146755,0
0.9148059467933776,0.38901170683296815,0.20078378756630144,0.13757814058844323,0
0.43413695749126624,0.047388761057332474,0.7743758691298694,0.04148593030110018,0
0.2587760775960479,0.8015576391632377,0.7126714869521109,0.379498346076256,0
0.4345194162172463,0.6046590259408111,0.6350176786985458,0.6227127557710239,0
0.7236489079908385,0.1985987920270169,0.38719663820779715,0.11162392143493821,0
0.009045185761100666,0.4950467357091082,0.9092037823937673,0.3131779834298093,0
0.5896156790206202,0.7426641291233018,0.9697167195030545,0.4176450492030692,0
0.6134603838477667,0.7707810685408649,0.17354275930138385,0.1592598212183465,0
0.6378641196143437,0.49983931568164053,0.2229335032861215,0.5059872193835017,0
0.24208160789064154,0.30532891267463924,0.5256586308890903,0.0849894773145638,0
0.7142510509110896,0.9742232760364269,0.09112495540395571,0.04628120485723493,1
0.0914067216305988,0.6636732361927624,0.4364445447854379,0.5197531981873135,1
0.19931729331582188,0.40840835203007675,0.5818386767755754,0.2477256800445408,1
0.8777164267094836,0.2805640445868267,0.5220999192227325,0.09515252800731078,0
0.7389287325470801,0.7314507257160274,0.3308675025283563,0.4237989812645043,0
0.013737957686204852,0.24226329105760946,0.5424793399554062,0.9151881259686109,0
0.24843765671301488,0.17175121940236515,0.9589813469297468,0.7241772526604139,0
0.21445789059440673,0.5300713488316529,0.20593227152374993,0.8156306840267649,0
0.2708743198946608,0.2900934316734034,0.6549045334453893,0.8719472082892903,0
0.24762092653589823,0.6291968896291653,0.0432542010285033,0.9726939683520611,0
0.06253304329276173,0.11795044199453386,0.06628203097695717,0.7632441789259656,0
0.45906382891907616,0.655247115346163,0.5518650675135035,0.6083547813007745,0
0.7329372953549991,0.28339890085269026,0.10481839476245369,0.3652931059362422,0
0.6068984947352596,0.00019021166920651922,0.022196870475198693,0.18145023018100026,0
0.6730578869280356,0.1269527547960676,0.17141569431993986,0.6866323792506313,0
0.08116140210588126,0.9340740846413151,0.5648906071005371,0.9950235288591837,0
0.9517588558530456,0.8677770391916635,0.7034312401086424,0.46725931720384406,0
0.838726752436092,0.2336841792591109,0.20239218313701457,0.7236640059452477,1
0.8053154154430183,0.7787455476629477,0.6683373486761752,0.49500217190457596,0
0.8232141635314085,0.6088521963681899,0.18238289481091385,0.43182244584925467,0
0.9329731315298972,0.9713838504726695,0.6135160080702065,0.4101875478547454,0
0.5444023646773074,0.3737575161302624,0.41194718807927444,0.5045375288897888,0
0.2003292721994464,0.6817811543234544,0.6538723204262311,0.36676336919827823,1
0.6169533336055715,0.06351768013763426,0.995245932058971,0.7487661838419875,0
0.7430882982404952,0.3964116096374859,0.9379899563298082,0.874306018933776,0
0.7381227382432695,0.9642929169518348,0.004125467899861235,0.8829221218610613,0
0.5215907169850186,0.539223346294186,0.8855932803683402,0.22752080104231584,0
0.06846721130024018,0.28798438737293974,0.06635644790972606,0.8959502223133994,1
0.3712104252367598,0.12028400819662366,0.9532249491223226,0.3414106329304166,0
0.9210257197817819,0.7038609737188075,0.2817672857917799,0.30915649921433874,0
0.584609127560126,0.6451565282274538,0.3820117833577399,0.7267417035895453,0
0.5384786004608907,0.37409075269272485,0.09151272802623112,0.30454366252245113,1
0.26892093201911194,0.9514095522193928,0.11215455949835729,0.052731227327628444,1
0.3685456233741402,0.022162122858988553,0.7268391044423907,0.373487682714296,0
0.8955977256210708,0.3038374173792642,0.944507524943127,0.7214495126815488,0
0.6666473814151724,0.9215213187439355,0.6108061208858331,0.32681303876990975,0
0.7876069180837867,0.3210584349371235,0.7159447133727497,0.6295128473240473,1
0.4544673842122716,0.25233819671237523,0.7620807100160079,0.6600832513018718,0
0.6304209041560144,0.5344602733392634,0.2627491754508853,0.7337239454932237,0
0.24844500724719598,0.8242002857445643,0.04508778431495131,0.8971719501646789,0
0.7056566313882588,0.10315042295732457,0.0017156042639427938,0.4324537285798917,0
0.4277154308044252,0.9434845699840251,0.35061516543905924,0.16623408505575946,0
0.44266400622102586,0.7954556753865765,0.2413915984059969,0.3187777013328418,0
0.6495016182714936,0.18129671344808873,0.062181905838755824,0.43205635429463995,1
0.9365442946504201,0.7123452410360391,0.17943381635897282,0.713872899343234,0
0.06401352936439768,0.38511680000044457,0.12438501190034401,0.012873888913137455,0
0.8249741131940375,0.4024622544557275,0.9150432807065982,0.315636340144024,0
0.2924574468776,0.7836664304148915,0.1401588889676333,0.7798456255241677,0
0.44403834991675006,0.9632594978055931,0.5376803057242867,0.6708250296731207,1
0.02190813416695074,0.12667241644536986,0.593157358082081,0.731727253180848,0
0.30112296162716734,0.42080785999471537,0.5435233597086722,0.8118242910393146,0
0.502767402118975,0.48115227804977323,0.0989335736599628,0.7832398754329593,0
0.056180957628920516,0.3764651563557768,0.3187530096253042,0.6821542042461289,0
0.4912284968784718,0.36333527270397337,0.0511306165632206,0.4395530876284248,1
0.9273716056227773,0.05224445163575098,0.3956516764751612,0.9836681512796405,0
0.1054125705865646,0.6858613968616023,0.18850765457629137,0.5690071635835521,1
0.764653872095836,0.43640057938949983,0.5616728347973989,0.20258312671350806,0
0.4097798781156605,0.19484768155501708,0.6928949643432887,0.2926562829066103,0
0.6553547288079227,0.8164277816135126,0.5321497518655747,0.6935372234557384,0
0.26030148183590784,0.8029476452386106,0.4342320624514713,0.924790097522126,0
0.15952752273095766,0.48660528432357975,0.3873122427474982,0.1785261648244989,0
0.16049815979072196,0.29856133751747116,0.8418308534518673,0.08212094634849867,0
0.07050103547574958,0.6383895047202115,0.21928764140699286,0.881567419419896,0
0.18568965574990298,0.28825716920098277,0.7343195163385019,0.9153254103422082,0
0.6644030591330294,0.23608439199242426,0.7575917073346332,0.2762173872808614,0
0.8819382329468739,0.7308620743714052,0.41919006929733627,0.3771568368916156,0
0.8143534393693097,0.04029447954556531,0.2972476643060773,0.6601518270038964,0
0.6853241340084536,0.0947675423360872,0.47054965748618827,0.3297856132398179,0
0.11045269749297258,0.006739037639157175,0.09308900453900293,0.877193646679026,0
0.2892608430830087,0.15297413387311476,0.04578843267273669,0.10736142279474442,0
0.309886335209497,0.06897495503104523,0.11148476445131195,0.03774213183587123,0
0.2500188075382555,0.9962951491571728,0.18705324194038297,0.20830199774777827,0
0.5151454578700225,0.2889153638295472,0.5041968557953354,0.2859290019634989,0
0.5356996551820127,0.14929694630214296,0.8492783475056882,0.11271106406019246,0
0.35697927856895884,0.24107545295539978,0.23556764867920776,0.06545942116689533,0
0.35388155152189055,0.9365856537751016,0.9353340653756987,0.7556028153915569,0
0.8287875947697579,0.5203923823316341,0.9550869284322161,0.16407786785917083,0
0.7895133000539845,0.36496513787043927,0.9590850340762387,0.9139691861591259,0
0.307874700224598,0.8738171657836835,0.8377003636186302,0.3678677306003383,0
0.9140455032769846,0.39515384457114244,0.36379557069951574,0.6705730535094105,0
0.953083552088416,0.3351392777690556,0.07255174820321741,0.22522344970945476,0
0.3268269818144347,0.20734324449622488,0.5688615680300515,0.24014899345345345,0
0.35451752853124546,0.37795097700088487,0.5587207045278078,0.5746450179780817,0
0.5057711959104395,0.31680502330807236,0.8501177744364767,0.560574130244507,0
0.9413859089632239,0.6776222235191041,0.9961845614869844,0.7687286302818237,0
0.8765654748618172,0.2896885219563554,0.5081787460337068,0.7578091304338536,0
0.10258648430187277,0.5774631598119386,0.34516799284935473,0.6706550353112318,0
0.39283458674833716,0.06587541392847562,0.18580948348463977,0.4490252244853341,0
0.5535222692139184,0.19134111528138575,0.004643717616211518,0.8906797431077703,0
0.5032687794259944,0.4075756482755537,0.5091354693034873,0.6225299937742492,0
0.19390843478991454,0.9374097874699538,0.5555568117031626,0.9902704759680147,1
0.8590576662665221,0.37740584027000246,0.8250716558717457,0.8193858168994823,0
0.6771281978413692,0.6643851362991002,0.5045971444920667,0.04407179588700735,0
0.838143121879975,0.25517413834580616,0.9166338095764743,0.3204464397061142,0
0.8590051590127304,0.12705032652903547,0.6281472169811408,0.571810602948702,0
0.748564267962401,0.05851581858819177,0.84047484544692,0.7214534514851478,1
0.43932811203164057,0.30552799011074505,0.14819624429127742,0.5502643250831493,0
0.6107146468349257,0.15769455927525833,0.8554800283623081,0.7861355277129519,0
0.16040092305538511,0.17405293895210505,0.6752241942166393,0.28249575168812946,0
0.6738318633241022,0.7611233009061156,0.17013527763475622,0.1837197884261604,0
0.17929432660758976,0.01579389333647807,0.18967269224351213,0.05368181694713858,0
0.6941420067589555,0.5580629148285094,0.9266696185853505,0.5732491023414585,0
0.22965403543627522,0.3796164457576241,0.032068923388955284,0.6885726616330038,0
0.11757422768756913,0.506774701666953,0.46254029062961877,0.32600407057874137,0
0.1653214535249657,0.5630857770139803,0.31342806022932024,0.6135327406598663,0
0.0019810828257222357,0.31348654442586366,0.6651542290970482,0.05192178737633252,0
0.7189393235580086,0.29521770545661585,0.8397677454710575,0.09907335097613118,0
0.7326047718781233,0.7337508516819709,0.36034743564441385,0.7017322246528113,0
0.5150731268110145,0.8717015373987671,0.42689486606420957,0.36793779732533805,0
0.16139861127291993,0.19263429923907083,0.9821063310519875,0.6713015135547288,0
0.08356726831229673,0.09761939361655969,0.7840352162667088,0.8317411671995167,0
0.01912295309330829,0.8982348863191758,0.8973627968745674,0.852649334489585,0
0.16578527669336895,0.3500343285430141,0.4387591827563426,0.17197153360458073,0
0.8911058510129888,0.5515666221441968,0.23400096825142924,0.4861924079404366,1
0.2415962269281452,0.3596872957397741,0.4118509396326786,0.7339147199023267,0
0.3543638617833033,0.1258184122597461,0.7161867010023997,0.7739817195939981,0
0.10536482292411957,0.5896017058567624,0.10931120343681755,0.7846806093081391,0
0.22241505144810791,0.5253757401491095,0.2704067065633211,0.22798957558057817,0
0.5193656095024787,0.20305193105470654,0.046494549882481806,0.1923453808997644,0
0.6079197533241509,0.4520637846759925,0.43234243789574833,0.5899532988003867,0
0.2454128213243707,0.7973313253968213,0.8275797964054306,0.7410761402874444,0
0.057737497069219504,0.59069676371137,0.024514587574429925,0.3189915715049291,0
0.3911362133479795,0.0969175758068479,0.675403929954868,0.10448693518166041,0
0.23426059976105773,0.548268922767587,0.9326669887302472,0.7167287485803938,0
0.21960684442507716,0.703070499933995,0.2368536316288683,0.29954351562975323,0
0.9601334101860097,0.7930849016622217,0.6937217027301656,0.16616470997582927,0
0.6164700696177625,0.6294094397401704,0.9752880435195621,0.14751940534376123,0
0.5570305539367741,0.15268895576432318,0.9624596792848976,0.3147602171887499,0
0.4158857231461659,0.7105095411304365,0.23485425816686245,0.5926197700501653,0
0.4290588254374922,0.6776601310620602,0.10020864224578929,0.35826716243440104,0
0.5410524176463395,0.02438741146264345,0.14817704060821768,0.020416085977291207,0
0.6966229525873869,0.411920423615153,0.702125493665072,0.0966876577380518,1
0.7023409225959739,0.33307982694179916,0.7258570684000034,0.29034591806102283,0
0.17173275576328345,0.669726004210986,0.6743165813763028,0.6596681531882107,1
0.5002481710085929,0.21620138530504995,0.33603913071096514,0.09829482308059076,0
0.4120675922735849,0.591142827859068,0.16967902407934332,0.5605880631640124,0
0.8707713047261236,0.9136534855401939,0.5808081405825973,0.11967262439502588,1
0.6315929504546848,0.7981866620039488,0.4836932516352235,0.21143214387681383,0
0.5326490099461663,0.9219097813974937,0.7289334247936736,0.1719924225396854,1
0.11541693555550185,0.9789892709668555,0.44135795711932246,0.06699813152112787,0
0.6058043377012252,0.010623117688544959,0.33860134109171014,0.671297298457331,1
0.11722673106696539,0.6230296436695726,0.2934242943174965,0.46330288373393014,0
0.3372940922773162,0.4130127519834925,0.21138711066082294,0.8310732689950128,0
0.14287232901871716,0.8602727808001971,0.26568231130961095,0.09867071274622446,1
0.6922655116559103,0.2518998247975581,0.09470608767463773,0.14452783016193313,0
0.20630112366220316,0.9815141758811592,0.3468215557854819,0.30630563105623554,0
0.39196296044039686,0.6139913871501346,0.036424911224791856,0.7658644508241446,0
0.8959265107368358,0.7939193550880601,0.18632179973764096,0.3056064938047838,0
0.20436482402753536,0.08559360013202078,0.7468760488680033,0.40830002338830373,1
0.5079427447989616,0.18350555229777665,0.3254259894470337,0.30144987512300825,0
0.41938330894432596,0.7587663748129065,0.6683149205371706,0.07999804688316363,0
0.018117732205541942,0.02194571339658502,0.7169792382171423,0.9394889709763259,0
0.7929795842611098,0.8172727279292795,0.58123254100623,0.5484662302868107,0
0.06905457094236524,0.01390380600133323,0.9588780976305529,0.7878388514922464,0
0.47438283649718427,0.6574260431020615,0.0212896287776303,0.658320321639522,0
0.5608315230420908,0.3652411129286035,0.7387553914893203,0.5141702809760664,0
0.6285996059229391,0.6117770576763419,0.9589670315637022,0.08945511013699337,0
0.6888224818213082,0.6963599326770993,0.8624180737708258,0.6426916543408753,1
0.2533352195607001,0.3426100182532439,0.1677941115052235,0.15516873901673353,0
0.009970072720308476,0.1079687488844332,0.3267777836653707,0.41426644000898816,0
0.7236447512738349,0.06963117343848069,0.172354867701344,0.6290667886681788,0
0.5358024698734765,0.5892058666953224,0.6013626599777169,0.7822328270902311,0
0.8363519236921692,0.520887784341932,0.7122813881353238,0.685017151782765,0
0.8216182522539115,0.7425548328560057,0.3170278089312717,0.6715010768888198,0
0.8435625079067333,0.509961957222127,0.5395390711224124,0.14883851829972472,0
0.485225662872943,0.42262440795605727,0.6910064746830926,0.34598944129115616,0
0.3337148603921662,0.3982524491695605,0.4213306334015101,0.04267379928652404,0
0.7917793204483532,0.026408537963785506,0.8541589627071104,0.7194601537306515,0
0.4514151769425381,0.33568821012380745,0.7716642798776618,0.9526456398861717,0
0.18348449902098252,0.9765020994909781,0.06453055277410158,0.2639444111776279,0
0.855213784706771,0.8739813740280988,0.6211865851786698,0.08747291321738934,1
0.882807753481247,0.32950568968303884,0.23525075590274014,0.4754734004994463,0
0.46643523537189713,0.5880646242122829,0.5575571149756584,0.8567264559187797,1
0.07571034847969678,0.8477081551438559,0.957068160713554,0.551902559323834,0
0.38792849119079387,0.44146327153819875,0.8792142713168545,0.04653994347220587,0
0.8037622998538183,0.017914847655287502,0.4045012858701753,0.9743390064435645,0
0.9020275551362614,0.07449843300136827,0.29145888229768246,0.8286689503389864,1
0.20352093505531876,0.5106195286775019,0.23433062491265133,0.13138466781187966,0
0.0669816672992365,0.9699177117865609,0.5325449007470553,0.9218473246924029,1
0.8775967980216153,0.6935365217019056,0.11413095130414064,0.4505834577173352,0
0.38950780451000167,0.07090219318650881,0.5493109508354905,0.3717673373462064,0
0.5419086297691955,0.18941177779971152,0.0011763096800692097,0.46095189662668534,0
0.968338831601048,0.7716929240550936,0.323806060328522,0.8345929381095685,1
0.0665726629566704,0.841847960303773,0.2198540899022987,0.6594432756518042,0
0.6484970058293579,0.6179801882109164,0.9714035627104849,0.05901533296445441,0
0.07411557494280437,0.6447234172398426,0.7273410357642618,0.957665674387067,0
0.3755676961428898,0.028300121651142263,0.34961891166776127,0.14758003028735564,0
0.8040392670023317,0.8289313863323278,0.09272003507813054,0.7455597632434613,0
0.43358805618230656,0.7886542776776819,0.5168250828663901,0.6360924774258285,0
0.9974639351114591,0.2591242232412805,0.21336536947205076,0.18733697022869653,0
0.5592120369832418,0.7090121744920754,0.536460957692313,0.17053549376681146,0
0.3212449515185203,0.2149194773986407,0.8354992069923952,0.8703602933181114,1
0.22016441100311884,0.04029940357270867,0.6158519571970302,0.41957993500022517,0
0.3506119659394348,0.2011938969252336,0.6338541722296611,0.6545385046005073,0
0.37263117821281505,0.1786738982996301,0.5410633236530487,0.5039836683547348,1
0.06872224466060443,0.33788020558030407,0.927434902011818,0.7273393590757358,0
0.36967123377042027,0.4186259253827389,0.9320735894042471,0.47914690232592105,0
0.46436338992822124,0.5087646830439914,0.5127462510514178,0.2872215624926764,0
0.7229386335863347,0.4769622508589393,0.30570953588361505,0.3632499272286378,0
0.6569109564761645,0.2707700627984666,0.4595913134026688,0.8591067070776649,0
0.7089624281107885,0.029133796393152167,0.18646591558223946,0.46793554705925544,0
0.008354503023474472,0.6053803241048765,0.6364109695306226,0.21326674983969537,0
0.2177197660474789,0.3959088173206453,0.5001109305404725,0.9346591537756967,0
0.661867217104069,0.29878295512330943,0.1031791142367453,0.7966089931460917,1
0.4841200460644084,0.8673632162819889,0.19755969617820313,0.05543185257364028,0
0.0053033999082087585,0.747099620427881,0.4796433340741473,0.999017813355832,0
0.8047195642218774,0.8581826942283088,0.8877442651630858,0.6949019110347653,0
0.7730251781520969,0.49520115836774625,0.5664327004748699,0.16006658679088082,0
0.5485687863246013,0.1309501383647076,0.6816175942969736,0.23699287222757934,0
0.06647123100163312,0.6965500659333062,0.3389903333079758,0.6924198826550664,0
0.7667288035028014,0.2061338395685075,0.5714551438037603,0.7797640730651317,0
0.5838735893141604,0.44141857940477003,0.44737982438484636,0.23886174637364746,0
0.7821782726768333,0.06498354942719065,0.6592046038812853,0.25680053436619854,0
0.7519564038497513,0.8257077637981043,0.05043560511773393,0.306968811854217,0
0.8032265548606669,0.12595679274349791,0.49331641524807424,0.5979618191760974,0
0.5181487474163318,0.903539491975974,0.29593922886948576,0.1716199512533046,0
0.14035414214798797,0.8646512905615609,0.32614231462488874,0.10402482580420358,0
0.6713431876541267,0.4647844707841857,0.9610985707630206,0.678834039401034,0
0.6206445958938865,0.7447232155259291,0.1826014534869529,0.7791007402530046,0
0.7424598070194408,0.6197316349979349,0.3111972362843076,0.5008410393023726,0
0.16991932102863028,0.8034628215544553,0.5099146272769275,0.36369941376474757,0
0.19502089377338833,0.43198884702650453,0.8631735589519138,0.4319317718304695,0
0.8906597020985803,0.7861862021411685,0.41665925286597627,0.38828259149724575,1
0.7501866896782033,0.4626573585242344,0.743969860413408,0.9600469916939819,1
0.9084839132108611,0.9414285222127887,0.8565183623918315,0.7680890979604063,0
0.7589267816403278,0.48658574636011753,0.3099679060651823,0.20790287509147817,0
0.5973192600822321,0.4628199024078974,0.39273091605613075,0.38406252706945143,0
0.6543134452142033,0.7854491758372903,0.3565241896979785,0.5439380460203282,0
0.8893777319694389,0.8219750089404547,0.8329917773106033,0.6129342217763384,0
0.578965313250694,0.5547400837082348,0.04420470397381138,0.4680847990643803,0
0.632565639497796,0.17984347554444113,0.3083720763817581,0.8101396046622279,1
0.1565110894780491,0.46796167725905224,0.6794904016345598,0.7676050536131822,0
0.47404893748288857,0.9685500900597948,0.565485145300741,0.5050709393462762,0
0.7165961288536191,0.7533459263785565,0.43628544915883793,0.854456875995788,0
0.2710107302734491,0.8115542142436718,0.5399808801415631,0.7510831515652729,0
0.20230201476665893,0.03279062925611509,0.19749647859635644,0.7785844800393532,0
0.3139074501643037,0.46806296440424333,0.43071074583028235,0.9564616882451534,0
0.2415600025707315,0.6469225856140435,0.5017221470502378,0.26630173453208306,0
0.2149641934711755,0.830434633613061,0.9013491935026039,0.26748334281728403,0
0.4249641311930987,0.049247796577070346,0.26076936562009223,0.8889910592582595,0
0.9080938237227932,0.852853112820573,0.8679768065944842,0.7722269217924742,0
0.5071971083905267,0.5486485701894228,0.6443108405365408,0.9265966656399703,0
0.18796400023362891,0.19736923038114806,0.02019020556500095,0.0628983130608526,0
0.07698266456268844,0.3173761965365678,0.7247291321352947,0.6277102780189387,1
0.6963492102194961,0.2820311755892826,0.03540661736001738,0.14442320066779224,0
0.3828996874357101,0.5310970558734152,0.9975751276689451,0.503809805828472,0
0.8220609660793831,0.0516611445446129,0.8727866880870963,0.15554543835046594,0
0.6596930582260447,0.15857017049557065,0.29729082783996574,0.12786794757043438,1
0.7964639454976141,0.8130854923251967,0.25734422530681655,0.01191979614635899,0
0.27201436640588444,0.13262379354061693,0.3814178256223215,0.630192826491787,0
0.6925508709772447,0.23347130010044914,0.356134794022978,0.3588877437502733,0
0.2641279933913562,0.45356616838911723,0.37231135095507994,0.10497022153618674,1
0.9393329723955923,0.5173513820556206,0.3182310099369019,0.3226910457521268,0
0.6365497678830166,0.7639760343963742,0.6211946957959782,0.16874692312013576,0
0.3245955840147603,0.44752468090771647,0.16416380337258119,0.9417509206590737,0
0.2695794735150167,0.7902445614409768,0.8461218908225518,0.31985722534422345,0
0.19097108845802202,0.6186322661699455,0.8125312383288659,0.333810434329438,0
0.6948335784379535,0.11310885511092206,0.47649347508821194,0.8398807170608374,0
0.21876828768983259,0.15636424234011592,0.8528729440794649,0.647715516312704,0
0.5954666754309135,0.4372203366488181,0.24707444401096268,0.7101518182890534,1
0.26470120412486414,0.39705400771121724,0.01741385125760786,0.6359577068320842,0
0.6621519572006983,0.7438988293947002,0.6192685348122637,0.9462538483896433,0
0.8151677216863134,0.5810024914564842,0.45791312275717644,0.2068161357535496,0
0.778242381663222,0.38829289771446973,0.5672067990871597,0.9891108473350406,0
0.7610634194963921,0.17080099349998967,0.8994988281267453,0.8309759737775835,0
0.18776596689638725,0.22690853895552365,0.9701098901661354,0.5889130785981249,0
0.08839929821673571,0.5757635010620374,0.6345191269035766,0.6623361695533193,0
0.6991427147516532,0.42361796693485143,0.7641672910006747,0.6487859822415584,0
0.3684438873454401,0.5151568009686693,0.08368019458290377,0.05816282531879795,0
0.4324617187302072,0.17071809995624587,0.1606144730480139,0.21783541294741612,0
0.031146613942421145,0.6632166275249309,0.7333056242638065,0.9615334549875424,1
0.25964113901038055,0.8529530227490634,0.43135980947040053,0.534287021574067,1
0.03367466817403034,0.2580279855842873,0.4459647732035066,0.3782250657636106,1
0.8794326571618746,0.49173068892886285,0.3085587350044321,0.7620356728608566,0
0.24345661532750107,0.9760090009482685,0.6074128129273717,0.5244383086597569,0
0.5574894152252248,0.3333714802503627,0.18507255750414942,0.012914548104477154,1
0.03897914427228409,0.595319537130039,0.6269796080241719,0.736226350339023,0
0.6670318382094788,0.09019226591005669,0.17370236008652284,0.7322049961699204,0
0.32311069309279494,0.6062942048222686,0.06369074751753345,0.16495029989975352,0
0.8981715800395936,0.08962803001785069,0.3303164138352699,0.9567210822205906,0
0.8883677000529985,0.9597081803150314,0.23106407072577184,0.22372897685112728,0
0.3253746312110244,0.7160019344516177,0.889147407749256,0.457646850657228,0
0.9012141831804854,0.788538794399618,0.054815037097007746,0.11452102702615855,0
0.9964389534021583,0.7044373099320778,0.1765181883877176,0.6032274989723853,0
0.8256467376966647,0.589999314730921,0.5487553523860385,0.37532163131348384,0
0.845108142231016,0.4501064491994544,0.48107907496498115,0.35303667229705926,0
0.24907031843047256,0.8587908586704156,0.04571039130093624,0.8269953692858931,0
0.576860338815132,0.9573070976120066,0.007097185907994685,0.009312309330006784,0
0.06726405225162833,0.49925675755644594,0.9882586578248791,0.7979557487745289,0
0.0949342090658813,0.9319926160718142,0.6589092874882709,0.5713833122335729,0
0.9991746961396246,0.5835996839669466,0.36537721849307303,0.9861691552797672,0
0.3267236588373306,0.5386263317931341,0.47044038057237003,0.5893838645685364,0
0.748392275786435,0.4546789051163689,0.26648633907777963,0.05514474660154199,0
0.8068906130215666,0.2093495822218303,0.3448376290163466,0.05040938746268887,0
0.8582639327785345,0.0036688430808009542,0.6491156011394921,0.8831898893157331,0
0.9979100097394185,0.2415857012464997,0.8829653882774835,0.8412373036275839,0
0.24155585861660311,0.5099496120610842,0.18403717009107368,0.34575089864842434,0
0.040351053759381875,0.380115290609921,0.8405001215235046,0.6179824978486507,0
0.4113007898236941,0.4486781139070093,0.12144170533947118,0.48949927606614774,0
0.13010728160123852,0.9811326974183263,0.2149102564622396,0.9672284914503008,0
0.02242084527130643,0.3504114420863562,0.0370306004777774,0.9500196991148208,1
0.36052117171944914,0.45237785137844,0.14070372971255551,0.9839089098214181,1
0.7839570694918357,0.1335358536246769,0.9174689008280126,0.8664802090247562,0
0.5663355372963287,0.04793115438901374,0.4594430018468856,0.909597145466473,0
0.3128583227472052,0.775781534506014,0.07753545623662461,0.21709745140600287,1
0.6545227752140036,0.5709430177888786,0.9599075572920484,0.8310266017979847,1
0.23207476659280468,0.7610687686991939,0.8791445499394683,0.7088368932845279,0
0.014374036729674786,0.14989205842499675,0.7547909159023547,0.9628495104670375,0
0.764566504774133,0.5720892416144263,0.9336442507470863,0.5711965137277567,0
0.6239148570366954,0.2537285986344271,0.22004926572656558,0.08494254174595886,0
0.7625151398164087,0.2281339245968388,0.8365065009959025,0.5973421425033969,0
0.0389378281534723,0.01147947370779967,0.690076773153038,0.6865534074152673,0
0.837354142929412,0.1303592862343832,0.8699082350197571,0.22014069840317932,0
0.6196967322428277,0.309384715153886,0.7970348560088922,0.3939900110465189,1
0.5635493777603472,0.11688994694467425,0.3464594803654677,0.5984470273587609,0
0.6247860763921397,0.9863457731395275,0.7745138863796157,0.3739758076437206,0
0.8646757934796615,0.30874890398427723,0.262391077617373,0.37481806351219615,0
0.5870974558342423,0.13034250017496785,0.3285502654195511,0.13287771909806212,0
0.5811095689554902,0.19913854157371613,0.10778597802866585,0.9408025015067353,1
0.9909588260228492,0.5879723969803212,0.9352486404885383,0.7504878105678072,0
0.7569410438145664,0.06402575982185077,0.2909482072893752,0.0009913091558363743,0
0.4424122228428038,0.8628538340870877,0.5206483014157754,0.765611665087903,0
0.7075933704643648,0.9619736648920414,0.39131306905012764,0.7397849121650386,0
0.38933328592117405,0.2468297669033772,0.9601089108339309,0.009481612103322531,0
0.228931124657891,0.45028903669651754,0.3350095508768973,0.36947289266149264,0
0.597015741756997,0.02209372344256888,0.7786626336351787,0.6066940055707637,0
0.9284433899415947,0.6410084378762626,0.8555600809177406,0.45264649687887004,0
0.9294010933710131,0.41410000769887567,0.4356023464838046,0.7779885547976262,0
0.3419941764607065,0.2701535853287229,0.3781474048178026,0.4253452330061418,1
0.5278209905001896,0.20689758850528683,0.7478517692206381,0.15366085851038058,0
0.21168649148654972,0.6543285854164198,0.913060181153682,0.9764830926513887,1
0.9959122345672204,0.41639223598813846,0.7550402160097818,0.24186678053218966,0
0.9813947653596948,0.1797048751765562,0.22704867847870247,0.7176749862252715,1
0.6496882782729074,0.6894338141745013,0.8884632754052646,0.14295069177377737,0
0.8046389577723383,0.5653290513365921,0.3875605768903654,0.3288679055148437,0
0.7152987968135875,0.8590896974941131,0.5762748619722302,0.4419199391342723,0
0.5933209977963426,0.11748741242456529,0.831571087049376,0.1920424684605621,0
0.05335204567926616,0.7860442420986704,0.18830341869153244,0.4498545066562276,0
0.45488642687967584,0.673832975905178,0.7846290516516774,0.15696179352589984,0
0.674973083491362,0.11502109973153196,0.5962152791049107,0.5589372077833398,1
0.677719202460803,0.6951485921845633,0.8934989453746311,0.6636782373758011,0
0.37322069617121306,0.44173637322861037,0.17187325985327107,0.06220220870136972,1
0.9419572510401373,0.9454497220845726,0.42067282188676103,0.8711650843673934,0
0.1673946050454561,0.14163608888010426,0.8329790570743612,0.1849490249672592,0
0.500494937687422,0.6431327673266596,0.01908068673733254,0.22518374725335563,0
0.6910754913622503,0.38213649069752,0.11208314275352649,0.6613140503656184,0
0.6973291590405755,0.9572860891548096,0.9907568094698433,0.46865214934967203,0
0.648818049520553,0.330102844963557,0.2803352803566881,0.49930673137522086,0
0.27535752319857854,0.9626602711578434,0.9757294917981696,0.1279444482124139,0
0.15624086272481708,0.9019269529410137,0.18243813419778832,0.8057473525033916,0
0.6361156855728796,0.2704785324909853,0.3610640097595308,0.6170039391688356,0
0.5994667014964012,0.8039292114556078,0.7529772000207515,0.13517387551906998,0
0.1793971113723104,0.9960968745982308,0.6578526217868159,0.37386940249154044,0
0.705334852084619,0.25274858977500436,0.5811695760016846,0.8104229952318873,0
0.45529419592906006,0.436963639945696,0.5299282841753765,0.5682887786173155,0
0.6679453070316108,0.5204129071141343,0.8435801458208658,0.10843184991534213,0
0.8376016676316356,0.29503988369437906,0.23487363480332846,0.3726466806577411,1
0.16976669868973115,0.015220347942825008,0.4424691972509862,0.24252140068354436,0
0.019138859328678287,0.22019700534191955,0.1553493238189887,0.5173826080150002,0
0.779320041704885,0.28203851219728193,0.5959939989014345,0.8433849906301819,0
0.6098650672284478,0.44378991026028647,0.2504749972885847,0.43615757759925755,1
0.6998336589973749,0.17114337596438656,0.3338020185053523,0.4332315145039636,0
0.8383897945290684,0.8736799894432661,0.4712591382269764,0.905395080305644,0
0.803035361523856,0.7052445239522225,0.02662222813454207,0.5761217114233929,1
0.9611910653112334,0.08519430620069368,0.09181256449381436,0.5661241108230632,0
0.5360810312643318,0.6503958051607333,0.686013364747339,0.26174319169355853,0
0.4886276356022099,0.6539617832887821,0.4289634888561906,0.6076693826428645,0
0.40199373580456454,0.9566922670084468,0.864937454752635,0.5758466762243789,0
0.1537245971972882,0.0029696707260962185,0.6947592314798143,0.39672899524263017,0
0.57276396866441,0.24801544536346398,0.00794599883199254,0.9907677143138723,0
0.2770823411027024,0.9282469950503689,0.6167720602915452,0.8819274542833556,0
0.921566782583016,0.9325918104559845,0.09360012492730618,0.7495794185351727,1
0.583350652136513,0.7209283996656772,0.7810508340835227,0.5372691581581114,0
0.5930028657464198,0.7661300554518649,0.9916996174261143,0.4619586978500536,0
0.3550173875544936,0.09148022897597752,0.5312283610195507,0.18470545534827937,0
0.051993001161352706,0.5141045506347792,0.6828625332486595,0.30558513766684725,0
0.03174146138424669,0.2316570283685877,0.23724006726982338,0.7739619166623097,0
0.42344798679017304,0.1812644838600308,0.4375942951186005,0.45364512613695007,0
0.08457860619321413,0.8106944386427486,0.8562394980857491,0.8823061299693981,0
0.6070137594413446,0.13505927323368905,0.16732420175607388,0.14770707477785544,0
0.8812204157324204,0.4688555728283452,0.2654714663926967,0.5082611619368999,1
0.8831627975969119,0.9390396657292959,0.4454329905783396,0.6469251801120105,0
0.6592275628798109,0.18588102400098183,0.7123423194842715,0.5167653084247813,1
0.21128230557453503,0.9784764469308698,0.3758587381756868,0.8892657851604102,0
0.863238955595194,0.9947799373519244,0.9279017137614431,0.9896350591546753,0
0.8863423510576046,0.5558687421648516,0.0943325683961902,0.11562008418813693,0
0.19669977235167135,0.17018311185177026,0.3707771891684146,0.1297449576228825,0
0.7376312861919543,0.3162252377198733,0.709046388922097,0.13011428810896455,0
0.28659216122454173,0.4246725722527227,0.22590867658316682,0.6811478044394673,0
0.8028646888811044,0.30944085875874094,0.6564868672126423,0.3725456972793446,1
0.9975194974452968,0.2807364946987896,0.16411708140510228,0.7333024569414668,0
0.030023196236903596,0.9727095742548508,0.0558422302788415,0.40535182286455873,0
0.8976180961699284,0.15339600584623003,0.12090060177649775,0.6275598728125004,0
0.6228019786279722,0.733676870549103,0.9301550116264039,0.7698577778886212,0
0.9736572021111194,0.0003576583739164363,0.5517876989492834,0.548143042985444,1
0.46513461442571036,0.5964564842432161,0.7964688661776407,0.5394278674479844,0
0.8476254650430731,0.9163920274075403,0.3326140361839194,0.0880107055363521,0
0.06240077726707795,0.2880390080436275,0.5927098930790038,0.41066383324853295,0
0.3353660000050227,0.18557477598054462,0.4949689153863943,0.5457034862892156,0
0.06702460564739492,0.6519840186640593,0.9459137444307402,0.4618796957385567,0
0.9756182929105015,0.7129390123075208,0.7476805239609661,0.9008246807777417,0
0.8172024985636113,0.6883546606550217,0.730642511792766,0.9065751967368783,0
0.8527864728551091,0.31943898977060137,0.046211819164192036,0.8219342144794146,0
0.9382293999714237,0.2522877373831278,0.5497057509176173,0.3751685364712868,0
0.08511687244529996,0.956389727645047,0.46699837315760107,0.7172816985195437,0
0.38569933850219645,0.9237525626264889,0.9280117393797127,0.39516547371748145,0
0.07104413852797824,0.45751433484069626,0.2572749588762733,0.23241729081772347,0
0.21084344664401655,0.8466046714539903,0.26977083002755364,0.342762487531149,1
0.2294215833880333,0.4525184666587885,0.41133354069263106,0.07073535365318512,0
0.469233512865069,0.42456870076480246,0.24329775572507373,0.3316337068885832,1
0.2686294994206062,0.15679598798655903,0.12907168396380797,0.46064068139795245,1
0.10099616104228214,0.4265868443948415,0.8575594779256335,0.9555415021141404,0
0.16752870132192127,0.5376585535050946,0.5583156421693332,0.313260764619526,0
0.14730723144690994,0.022463802510831243,0.8615087427439292,0.9024967676167308,0
0.9733512909324971,0.44430349537583247,0.8312701270417264,0.22868074346920694,0
0.7595041371151444,0.7817314967295133,0.2819840379086713,0.1907789477284101,0
0.9680343953273169,0.6803658230924858,0.5477728446946131,0.5189130121961756,0
0.43985815310148335,0.6354521591879401,0.08308925547041213,0.6724792376041006,0
0.2784386971557984,0.9100009518998409,0.9154169158639149,0.04409424280519378,0
0.7985162954772476,0.01798903435776733,0.4042475083381234,0.22088577884692803,1
0.32633821414667885,0.5572999574614537,0.39365724302974314,0.45558047277379987,0
0.2994597685835319,0.7877274103294987,0.3027043597316208,0.33086028047123206,1
0.2325627219318936,0.5415791446682139,0.4606684320264307,0.7126020930121415,0
0.12970547187995102,0.32402017115506254,0.25169038811006317,0.5110755840471031,0
0.2565268352667932,0.13627236597986414,0.37482669227696874,0.16015912367183566,0
0.35541259132605263,0.8879965448464393,0.8000714095412675,0.8945059897264599,1
0.6741807565560919,0.4709674847811627,0.8343919659849988,0.2927491337056751,0
0.06257160110387837,0.8785434931729759,0.3041319701182488,0.7311181890133999,0
0.21055720061402738,0.586120276782049,0.46902206336264385,0.7799188475998377,1
0.8092498938240775,0.6745086757413015,0.8739701939806537,0.963220823547504,0
0.1469534874914969,0.8046489831814201,0.05253411080245485,0.49841830765607475,0
0.342734262434498,0.6594638646278455,0.8893007852696897,0.6157848091083319,1
0.8649015348286964,0.3982200938933129,0.21910385719166214,0.3347335069437001,1
0.15495922843053755,0.513861966937335,0.6786207816254048,0.6781490192960548,0
0.08274952603507556,0.8034326873899991,0.5825993766055575,0.4632828156393525,0
0.48466883428726437,0.3738021774273781,0.5529779838939817,0.4375432615076329,1
0.30249679892662173,0.388281267111366,0.8595055422107833,0.8554953585657745,1
0.5635623953582334,0.09568969236317493,0.10145017044177962,0.04993274835749775,0
0.8040296094534128,0.9150327142647585,0.3469926305032587,0.8819989405880279,0
0.13717717820222697,0.09103334125942464,0.5382848012267587,0.8520965537357618,0
0.5808581997287285,0.6485114995534644,0.8114172154386239,0.5062796702935872,0
0.5056457660067859,0.41336802758952906,0.21636162803978465,0.49011097362521394,0
0.14410951390227095,0.40578878836864973,0.8030552544356979,0.36167340775625,0
0.6241703328017,0.6798713324894381,0.39962164468533246,0.9942470800328661,0
0.2737092430766437,0.06707763991008076,0.18882269082030945,0.11095322960997561,0
0.4879661270282848,0.5939782406138132,0.7590963535769291,0.5901561326092635,0
0.08228487810535946,0.7724019551023922,0.09077316355429588,0.681652463821728,0
0.459707558767651,0.8286137106663931,0.5147911450838407,0.9343836836637606,0
0.3065419448079322,0.1705709734758516,0.0637405142174714,0.7802066596463759,1
0.8226113924835325,0.8978579235664874,0.35638577236139213,0.6438056768667082,1
0.0569838432963002,0.6564527628837542,0.6011310134907504,0.11659806307182052,0
0.4187187273352477,0.8822851460763657,0.556153897020323,0.3736034651689898,1
0.4585545867561194,0.48549376463532923,0.4046403496936719,0.13863460858946788,0
0.7252076246425935,0.5422774895037765,0.4290415296280088,0.8812489995202379,0
0.5744448049737096,0.9194889964977113,0.22669174038107798,0.7496142954486414,1
0.667396891409577,0.900349781477134,0.4558855893073712,0.7575325209118869,0
0.7772661371920658,0.4483535815473756,0.9534332921451636,0.6522177478558174,0
0.8624448644623147,0.2745101366725331,0.8505950934135527,0.5069571756379967,0
0.31395615297910967,0.3933330114303679,0.145126296094773,0.14976767300479377,0
0.5381692716383251,0.38792394318873846,0.029633491525160593,0.32955040204070085,0
0.8403434722856093,0.2869712041640504,0.9336957896888123,0.13670812734983764,1
0.9897304388236341,0.2686739132366167,0.5267777473704385,0.7248981850559941,0
0.8897692341597513,0.8614818890975044,0.5378697316775956,0.1600287513763707,1
0.37156485361929686,0.06984734475833676,0.7808355740987878,0.7020911201500895,1
0.1952122673482068,0.6779296146593872,0.3146421722629924,0.6922297287097325,0
0.4895248040818577,0.17286189012976383,0.4819197493756704,0.45920247193087127,0
0.7418478917768921,0.3446418051431328,0.9688467843752662,0.1350204360566546,0
0.4927022714815519,0.061523899980321595,0.6722279702352978,0.31465146016426115,0
0.4833113034591654,0.27006870960152174,0.15364146146529833,0.3199454775722975,0
0.8384652628069922,0.7687892618019498,0.13311594014593453,0.7003621366588865,1
0.3614984109158194,0.8854474015717617,0.20417900736366335,0.11352775975713972,0
0.8600358574605339,0.22159567901252775,0.7668243124358938,0.8290878238270161,0
0.40691278287586236,0.46374897852975927,0.295323390421224,0.7610041617061125,0
0.3283179837598558,0.470528900145494,0.02123859083359747,0.18611544024940405,0
0.4541117678067945,0.8740011143712909,0.9443495970150408,0.7191475399121433,0
0.762659516431479,0.7631641630470476,0.1696154783098649,0.6684797394282983,1
0.12602744032014868,0.5133054966328796,0.009403757339036645,0.7481134482768818,1
0.19646533435499208,0.6710618720000436,0.23705744436546894,0.1887379367262018,0
0.9517129578471051,0.8477664954670612,0.23495388738515288,0.15738943279707107,0
0.17553159215071712,0.009491324896064413,0.4219963023513529,0.2363089527808109,0
0.5678826187846597,0.403057933645556,0.9205566756147618,0.36573907489473567,0
0.5794731746923869,0.9076874237655943,0.8793372278982474,0.79367255562537,0
0.4897567969224701,0.7406658200851144,0.45689791281140657,0.7379132437757,0
0.6449231963918078,0.5430859614900028,0.41088703936637216,0.9255023579574135,0
0.22988266768899795,0.5298818831462535,0.5550470517338155,0.05839623683032619,0
0.5528131387838717,0.3479077979327334,0.24338208402465256,0.01130753118357599,0
0.372271053837471,0.5207528903763787,0.05204559868953851,0.6991154247590929,0
0.6618501833261272,0.6556894524825756,0.9393976236125638,0.279126490861919,0
0.1412534316840957,0.41853941926210236,0.18660703802363088,0.3339358476627423,0
0.5710336439730754,0.7144916016570235,0.1983129098877967,0.5467286948654744,0
0.18531319556719522,0.8616512726389045,0.47246917711764524,0.10219415026628667,0
0.27871335934827984,0.15471674990395456,0.49162894884805297,0.6426525127947675,1
0.2187624733062838,0.4517415863933669,0.0182829116854748,0.325001471211248,0
0.18287990475894755,0.40819080483191517,0.14784912586338095,0.6326699499840411,0
0.8259421119620369,0.6877886357764753,0.3781304029307506,0.8340277091273598,1
0.28577994119691646,0.24995152108271856,0.6838140620745605,0.17091487528707022,0
0.9273847624964133,0.6405488764283627,0.2283412254714321,0.9309256354090876,0
0.9702000920343317,0.8779171949345344,0.423005853715658,0.5306095289288312,0
0.5714168097066585,0.4183078538130731,0.557383853932933,0.9229777037062907,0
0.14303153367014498,0.9114620235790962,0.8887481230282432,0.2075456253982659,0
0.374646740330447,0.9936550745075801,0.3260277152663065,0.6045082637399949,0
0.7979551966748466,0.10609732586063991,0.13344757495964643,0.4037669480523628,0
0.36748712099571734,0.23312803064004584,0.4892870041345816,0.7742233936622098,0
0.08703116735724824,0.9508476441138569,0.7468271887045361,0.6058549835717172,1
0.5569369941899055,0.9587999340831512,0.10974070709675487,0.49442498976890725,0
0.8453577193378747,0.09770795696875823,0.4246754878845991,0.9130320865040659,0
0.7961487894560149,0.014953862736714285,0.01763361430467114,0.3769881214162,0
0.17516299654680773,0.161135440089188,0.033413218584918525,0.2197997628890286,0
0.6729508012633633,0.9965056800540575,0.48296591263396493,0.6080479456855526,0
0.22055746407647175,0.18004538923550495,0.2981446795193321,0.6239804159241754,0
0.21826005984467345,0.502770115419934,0.845247589102776,0.4389859910331806,0
0.8743171541050175,0.84882975026611,0.6022089006743059,0.48651698561909695,0
0.249730729196932,0.02035993361342836,0.45393527494454844,0.9596153563405271,0
0.26331311567299726,0.6047673484378926,0.40792145976417515,0.7326732809369016,0
0.0006419447129443895,0.27712438556648156,0.4972630707911776,0.11038546232244503,0
0.8709134143570127,0.8627545660227751,0.04029529477345051,0.21194705609752787,1
0.7928162358793015,0.2835636123212,0.892950466573815,0.9756438278467571,0
0.6275017616751217,0.6870791634752154,0.9984974818115688,0.7264511047766324,0
0.7504747398406237,0.6745362066506493,0.18139333965279292,0.9150924812600175,0
0.15208163881111436,0.2215620575574393,0.12026762661514567,0.30370851280673894,0
0.45844672550520504,0.0347654117696381,0.14347030656437454,0.7418574586173111,0
0.3513110244983349,0.40942096101154757,0.6611024186628285,0.7139841749956135,0
0.09379246287183939,0.2892987558010427,0.6615163448297849,0.29453402844257204,1
0.48626179269057035,0.8093681628151126,0.8480654459533525,0.5507443100282563,0
0.920998753734081,0.8007498819653511,0.7519337760316773,0.6273681999534021,1
0.040059260174305666,0.4572215167824325,0.4496904898577867,0.48103695734835483,0
0.29153497878912615,0.6067917001129839,0.6129137306409831,0.8271972648695358,0
0.20759032500727553,0.6045377564332304,0.6883696452326689,0.8328894649316843,0
0.23820504201446002,0.8275585233475677,0.512759524943462,0.8506267826711106,0
0.9086900369823602,0.42518243291806535,0.47566095813873943,0.8034343419189067,0
0.4681950507839412,0.27554475142090773,0.6451671873014604,0.4879909020226376,0
0.46642488913014946,0.26512728477843517,0.5575133838644319,0.38131077161328464,0
0.7607876499552734,0.5364332231509774,0.6440116395480686,0.8313962176189461,1
0.15452599393777267,0.44934145190516706,0.6129131428317578,0.4901095775184493,0
0.4873969952815186,0.44030907369136063,0.7192924387690525,0.24619960593756238,0
0.4301000121971973,0.09113442075858469,0.6428724413132372,0.5072572693425007,0
0.597074572709927,0.7189446346016437,0.5197680122912658,0.1416437738464886,0
0.9998399829254536,0.2138009464063444,0.6818794977201605,0.6916036245835985,0
0.769663510743116,0.19700869256988351,0.449482708410045,0.3357788375672961,1
0.39797105641851904,0.41293163007660283,0.2415986691926406,0.26049168823847824,0
0.8277847543412779,0.22785029398794165,0.0012609201568807293,0.9565696904309849,0
0.1707469215730471,0.5841253291493134,0.560003860177666,0.7768830696479166,0
0.030461005915647335,0.37161402207353955,0.590705765145799,0.7870749157442019,0
0.20449685190394667,0.4491048421894561,0.9722340303486874,0.6236738475902801,0
0.34050001524364926,0.5374108008307266,0.36144803625438016,0.8391952996098352,0
0.5107192544866095,0.20359419130721346,0.39411446318506194,0.7591587480750347,0
0.6152983798015784,0.15578410911025475,0.20171296084375,0.5987174060242262,0
0.9108618407440313,0.8808514629910622,0.07040137421509485,0.9611868587600007,0
0.509992292878805,0.43390850034562867,0.7729192799651727,0.19140520483273168,0
0.5014114055038166,0.4122665552119962,0.24961133282812398,0.9434363603488224,0
0.050246145498370115,0.03557880761997456,0.6089618366661256,0.4013171901191702,0
0.034910180148705464,0.49819630649728364,0.6878578299438516,0.5283196210307137,1
0.5513103911736001,0.5544205159908868,0.47124510394660035,0.12252700829043953,0
0.43829582057635474,0.5590942248314876,0.876503423945806,0.5400319138220677,1
0.8394155160433278,0.7073657221908842,0.4437935782145104,0.6111545284941025,0
0.1607151940310449,0.17752622802938056,0.28485131716469425,0.9977759863269581,0
0.024967366805512536,0.2523084808142899,0.8961737696528687,0.975259478559268,0
0.4491591686639008,0.8111218388100694,0.8617103791344007,0.9664614768933532,0
0.23753674864852148,0.9476367510706059,0.16394000781794915,0.3482497018454962,0
0.04961732416498238,0.13595437411102207,0.02581237523084212,0.9913388342744301,0
0.7247997152814685,0.4978693793776472,0.08985949626987377,0.4553748905131598,0
0.11161417546888967,0.214240752017945,0.2864906707135333,0.8518628981170623,1
0.6084867369075972,0.060053228806186354,0.9724449416821059,0.21613832742229452,0
0.2811207540814254,0.3256288376664811,0.5585553554492364,0.5057464216814068,0
0.17353542832913194,0.14371350111468661,0.37323559048623167,0.9660761549045306,0
0.37985154988364656,0.7102692163637343,0.8888717666144856,0.9470892350602834,0
0.8016698015002783,0.5339650058525471,0.4531383636887867,0.6837064244650517,1
0.39219723302405646,0.14386042738307658,0.31519202066947827,0.7978232570272054,0
0.7509787732792476,0.009193796338320404,0.9413937200114901,0.17623198058279405,1
0.12551155760566435,0.8085470125331558,0.8496595119359966,0.7216425250435452,1
0.772987013307845,0.1762380937723469,0.8438081579727523,0.618000828008353,0
0.23699135647862912,0.6064959550495264,0.5123076383730449,0.09132920323359031,0
0.6775806777450623,0.33705366928015934,0.7895590531102883,0.1129435555316298,0
0.5659362835470354,0.5857538920179826,0.179258821426572,0.10822662129510144,0
0.9294062920954624,0.3157737294985914,0.5732673472995273,0.7243417947446322,0
0.3874247711749007,0.0869343422417943,0.9840351495003574,0.1415091160572029,0
0.06617300639325742,0.2230193153041391,0.29090325855811017,0.4676330261367777,0
0.01914948000516417,0.1881087549030811,0.7944747168077129,0.3568462640927472,0
0.8270900588262696,0.4282010243275298,0.4904936108951219,0.5504320230339124,0
0.524878296901393,0.6585916257834104,0.039661923455867054,0.7064554870851217,0
0.7754603725500319,0.26389776825522926,0.7631307334732611,0.6846944075555425,0
0.23448289419223584,0.012023692990168477,0.1684708026939461,0.515436332622003,1
0.34517357849014185,0.5191688535220758,0.6315385033115248,0.4642345151865115,0
0.030101086015423495,0.6060385516966296,0.08553660971550414,0.39769343600049123,0
0.9617634112041606,0.9633452307772377,0.947043580905266,0.8619398891605101,0
0.6680526536850513,0.5897409402522182,0.2916689852160701,0.33070769937090716,0
0.9334678565865464,0.47137787651749186,0.22638677117543438,0.25919828720456795,1
0.2655628379157143,0.5736629581551966,0.12902415346211882,0.7433065669539597,0
0.6116317726448125,0.9283562053447039,0.9461780715693706,0.35962883155777603,1
0.6786878416123443,0.8287791890035408,0.7119970483388016,0.8470236536420993,0
0.31763143690609064,0.32310284957904933,0.7417646906995046,0.32774364202824346,1
0.8483469815853922,0.23733150829315708,0.499422913543377,0.7019223392557031,0
0.9474283355704014,0.2627246632389717,0.47473743332231777,0.0448712528582319,1
0.8851036693156961,0.5046445749369308,0.10990224999559928,0.3854367053446004,1
0.7392726588609709,0.7444042877938184,0.5598807652124833,0.3430901262913384,0
0.27753462945702684,0.5034420838758127,0.24684578846541427,0.8166938562802958,1
0.28168721253712786,0.06778068812368598,0.9773321959888293,0.9671198039335217,0
0.9636319563563647,0.72392432141329,0.7967041136615052,0.46077978640438955,0
0.010275881893665045,0.8063588938846742,0.41297993252249654,0.8248540676690714,0
0.7162488880622514,0.2896036359185947,0.15123684029055084,0.6996714781941433,1
0.7064421945853463,0.6644367826660904,0.7854508968959237,0.9674504967130059,0
0.6228610033300997,0.4267727907884282,0.12193901825527576,0.8111218057893478,0
0.9903883473451989,0.8895536815036884,0.18924273599179742,0.0772509210114503,0
0.3119595050828152,0.8456358328882949,0.2114373260612865,0.7132629525619218,1
0.3400601936320306,0.5256670462191693,0.5569292672020723,0.53542268021024,0
0.0789509767363084,0.6918315916134521,0.787176468184704,0.016188907375564138,0
0.4429167022329087,0.8837808653893582,0.3142679451637136,0.251142785557383,0
0.26111364883132987,0.49593577603754113,0.08454187920140299,0.9218047992832868,0
0.3434760361425097,0.31336952637396465,0.46454451754963344,0.9261123383120679,0
0.8348055561680788,0.7540262438161047,0.7482163179880033,0.7988597342533855,0
0.9357479526151145,0.2201339814148362,0.2215842292069965,0.9818488296193822,0
0.18577604824991178,0.3886911828340205,0.21984432066645354,0.8065570205208239,1
0.37260682884895535,0.8661487454688457,0.9474033376063815,0.009954994326153446,0
0.9288919858129385,0.7247664224084742,0.954332480597742,0.287676136469627,0
0.06181499716124279,0.4039794124791163,0.9906572936853806,0.030381681626379456,0
0.09237604835490897,0.21480931305190332,0.8077866829399838,0.09388627398700436,0
0.16282721937950356,0.35611058331114354,0.1880927461757551,0.2186600015242773,0
0.5953762170390173,0.28420696460821304,0.21189849172353092,0.5034710428732985,0
0.15050487888595582,0.17613291795376096,0.3401874471893436,0.8475572321619291,1
0.9683494041089327,0.7436873575131884,0.3180869443533254,0.8619967156311624,0
0.4468342445541882,0.2521551494638894,0.9567073399330326,0.6161512722646616,0
0.5016537924806855,0.4543634695845373,0.7891945086379906,0.9282275976089983,0
0.24671950707883034,0.38601801773937616,0.7241063678104851,0.49997367730429576,0
0.4710870991351671,0.9825626395794629,0.18587101768349612,0.8890748751612287,0
0.6620966287794172,0.39125368229629043,0.9096885713786733,0.4539615321947862,1
0.7513863808431529,0.07997345230385378,0.8280045897142969,0.2770633265399419,0
0.7540781178659931,0.08982211557379216,0.16354176164768575,0.9164607214891333,0
0.5780494021902808,0.5910245614707978,0.8713198151368218,0.38780967836474134,0
0.9046140619172234,0.5996391095031681,0.27218576461394406,0.5033165547776647,0
0.8176365661970433,0.4189355882728636,0.08074047037978005,0.32871587445200734,0
0.7572590849364592,0.4320274596983591,0.656896183822397,0.662802298164425,0
0.05561023419124188,0.053909278636261604,0.6538774722934875,0.9951047943681056,0
0.0068683464935096195,0.5167766896085766,0.09480769422266633,0.0252693733197919,0
0.212498108696349,0.5049631850848462,0.31880647566348586,0.8998903804938043,0
0.6637070634616032,0.14957840632782737,0.9930068523347586,0.003674806466937408,0
0.4113067624673811,0.1038434277050877,0.6785081647109905,0.3640947141539138,1
0.40251294784147945,0.12358734469753774,0.7301748820130527,0.16840952741790155,1
0.8848353609769919,0.10103074775717857,0.21283458659604548,0.7573374508768704,0
0.8958145483372645,0.6099894215177981,0.078652059176882,0.050374890473968426,0
0.9094309669614359,0.19653745669777756,0.27684155961979684,0.5534138127648067,0
0.313958733530249,0.2515150642667008,0.24882837761163046,0.29477025424261505,1
0.6912473780787609,0.17361439492438802,0.2344690300541643,0.1334615200593082,0
0.2717014162665226,0.9583072822557881,0.19266451090112469,0.7718186267406842,0
0.19065424332056613,0.8550328840544026,0.5748006210316774,0.21723555213974302,0
0.18467510995865777,0.2305682781909848,0.3280614058612201,0.22349598102907645,0
0.342196578717275,0.32769292383289006,0.820476570872863,0.2749144002082827,0
0.430072409741901,0.2099549945430308,0.18385450044787177,0.5867065306236663,0
0.831181871743922,0.492092620765205,0.46463315614776945,0.6596295900975321,0
0.11991470902139285,0.019568421938220837,0.013504853665430971,0.017355755436278597,0
0.7351303126263072,0.6716830205891542,0.481694423544873,0.24169636803808717,0
0.5315995492184724,0.5233919518007788,0.05570011618414128,0.43085954951959204,1
0.28801837422508036,0.8990784702061907,0.977910578999186,0.3318332154096785,0
0.49295285892413165,0.1644299053329803,0.7907131898943902,0.8842078949815987,0
0.30001862893861736,0.8044969916278708,0.4901265508979904,0.7877143534041515,0
0.5962455937136932,0.792342103564299,0.08646009947078426,0.6258428044601824,1
0.43395985557661265,0.12719802065549235,0.5924966107805361,0.3379006671104722,0
0.16444223400422486,0.3987247537290157,0.7588735852871196,0.7006494424910896,1
0.11660571738833532,0.17019301824423838,0.19062672349408416,0.8436619653485649,0
0.5468447986172094,0.2548072154413159,0.5682509617509979,0.594772786883268,0
0.902666747774143,0.263337561349263,0.8143402905530337,0.7844660251689418,0
0.34404718841931353,0.5564883208125515,0.7683609574832246,0.7490979321098352,0
0.7332040061941673,0.4115835032752573,0.8031174528597731,0.5716721522778035,0
0.6588433947567195,0.9481992462768316,0.8794757838437519,0.3120329929694625,0
0.9318171979066705,0.12638652898256186,0.937855045687165,0.7457740397122797,0
0.8212107868732361,0.9741728012062358,0.40550639235957675,0.20661160354270172,0
0.566760229819959,0.23071215984867877,0.5688119212809681,0.7794912748813135,0
0.6572120585010576,0.7732445669575077,0.790780611062317,0.8045578330500444,0
0.8986389970685594,0.33910280455898967,0.6972279122393275,0.8221617880204121,0
0.39962462407320387,0.14310693917188821,0.9957135727344095,0.47281842488080794,0
0.32687916098083564,0.8583063988473603,0.01352467533312307,0.19229131323234946,0
0.010802624435180777,0.3089772797638677,0.35510067939504353,0.09950374575462931,0
0.826782481629136,0.6591635597964496,0.2809692515750797,0.7433523387827297,0
0.8012045889261177,0.5667012048288553,0.2622505752568287,0.8862993062046854,0
0.10447359455613729,0.4719619463886282,0.22245047405681362,0.6507991241388148,1
0.5770153666622897,0.4960382947508677,0.709216166172439,0.14395476946169572,0
0.4641064928380376,0.732586278675825,0.08463156982638509,0.9349503096067203,0
0.11873236349376377,0.08776815229840373,0.7417126175637421,0.989173640691405,0
0.9808449229199911,0.6684939271840049,0.6935126302997645,0.43326810605896793,0
0.21474738016337658,0.8962500943797806,0.25073479712369817,0.5947676971305086,0
0.06724231198402063,0.057767005450058306,0.2527651636961181,0.7772307077871361,0
0.5950106549528842,0.14067755256570447,0.628924599859765,0.7363785935530373,0
0.739072301157186,0.7169717501885353,0.7622821419275141,0.9678518324714561,0
0.03244134779808351,0.43746839528980797,0.8766369710947686,0.11466820506362843,0
0.6588996950941047,0.4037168842750889,0.8522823344061621,0.5806626527969108,0
0.5324367570874767,0.1369888277932807,0.9650655321211516,0.6919056526106268,0
0.10328373555833513,0.5069948630447598,0.5814321639977891,0.8901376033948589,0
0.17256296905491497,0.12656179421369984,0.9088182664868114,0.8741435668366103,0
0.5681296707934571,0.4768287585557971,0.8086406557368093,0.9780677811266228,0
0.29643311867301747,0.7639808563845705,0.8948253955679633,0.5119937427576527,0
0.9385800002518192,0.25835301468258276,0.011472902057668932,0.8307805990241243,0
0.8189693401591768,0.48099675297387634,0.9660858896016151,0.42716920608306186,0
0.9838447842165647,0.9925066760652008,0.4735393884671737,0.4221997476797513,0
0.2597355564408319,0.6869738088512296,0.7983067283038352,0.253178858378567,0
0.9699971398269887,0.8417649261801499,0.1270911871687872,0.8182529148142974,0
0.43134903503228317,0.41502206115762963,0.3959229538453286,0.985885654730463,0
0.34760934431196244,0.768228806884589,0.27139861371470175,0.2561732032831725,0
0.05035269396588529,0.04047851354980825,0.2916038455683818,0.05589744708015092,0
0.05276913519674921,0.12292567428494383,0.12314129504817117,0.8155571820174536,0
0.69220310223223,0.20312900699322345,0.8058902452234378,0.6201807864224052,0
0.4580520093203079,0.4021193131872236,0.009087774356302702,0.9597607902397992,0
0.22657659606981467,0.8461554376082043,0.3124578851962809,0.252069349476858,0
0.6141392048328342,0.346402926992881,0.17431426192456456,0.07079839902433799,0
0.2529208324742595,0.6549270290031073,0.5890889090413154,0.49235111421810196,0
0.5777899675768349,0.7096500986810836,0.2541842835277919,0.08524149594621433,1
0.3593027333867309,0.5864506893834625,0.2589320094916232,0.26162326162847027,0
0.8237827522446336,0.3573848584895627,0.48835259275842446,0.12576661094872868,0
0.8209258465794071,0.5773166748823231,0.652761458743214,0.22395309839850916,0
0.47747912383180613,0.34240027699456466,0.1211896915261832,0.10592690291388554,0
0.35091062878365703,0.08386684022326385,0.1754155594916469,0.9539660906122162,0
0.36265476833225263,0.9932951166337833,0.24710412904214252,0.2784014709809236,0
0.8059398061623867,0.12719928576393613,0.9739338790583361,0.443790529553571,1
0.3282643451114325,0.07233517033562453,0.3971347852665801,0.8986537769754115,0
0.2091092090017887,0.8789592730909908,0.5990435690815588,0.677291032745339,0
0.08470160612852486,0.3019471914822702,0.24147021064147367,0.6179874958667767,0
0.46681871284373644,0.6506004401600505,0.4904747221843735,0.7055418909071804,0
0.4822622306783628,0.32913314829352025,0.07398751783956925,0.828841353965964,0
0.8411443396734707,0.3916159073104417,0.03459660012084953,0.8777043735889949,0
0.22129211304537894,0.26220373761142923,0.46874106054959697,0.6425977489696006,1
0.38109166517884313,0.34317911651934274,0.39864210432344294,0.8900464240283645,0
0.8086318107334787,0.41087258277480476,0.1367708005588142,0.5353204587227567,0
0.8238541573721444,0.7207579560461124,0.6876861627891842,0.27712919696745697,0
0.3847125318845081,0.5117636281150277,0.9930959123811078,0.8801126036238431,0
0.45924738956869493,0.9440293758512377,0.3956285754301163,0.5413977497990055,0
0.3033634332544686,0.04185048579033168,0.6246211330283415,0.9061820233701541,0
0.932817456053856,0.5032911166496064,0.9631578076572964,0.03992844112164687,0
0.11866701451615112,0.5844920515038288,0.8316704752478685,0.3973934941502222,0
0.9340123518893495,0.9206483404432149,0.463557929456492,0.9478631100421714,0
0.6840559031583088,0.04913260353172433,0.7375918150835403,0.2494793746108104,0
0.5317168221896332,0.5737609708681193,0.12802243644043898,0.9415922832218948,1
0.03265702593645488,0.854044808323474,0.5121266869830876,0.9539625511545562,0
0.4757244017107203,0.242007433465937,0.2790009084461502,0.8821788859370936,0
0.4078563643034539,0.8767196459045561,0.16106273410971284,0.5636002416296036,0
0.16125457985297098,0.019000987990309248,0.42627346588992765,0.6468989365732312,0
0.6565909811948096,0.7328031124635199,0.1309029662996366,0.8696494651763294,0
0.9714248340843992,0.9335716528245097,0.6990738573490987,0.7758988338159136,0
0.5623424833317727,0.6575049088706812,0.45624317102007694,0.6300478160548645,0
0.714951809973072,0.4392169485985189,0.531174180238537,0.9823287914608693,0
0.06845894210185323,0.04485275257732191,0.14626976887559096,0.685648819359608,0
0.4177781717468098,0.9205651221181164,0.13966316180835037,0.9755491548414642,0
0.11638106195709381,0.4705010596533725,0.5834634201432181,0.05715474559193541,0
0.6129643886934335,0.028959776855449704,0.9851993849922067,0.13875337569508372,0
0.9387464787529225,0.6901461941422271,0.09612673298843077,0.45135426765129005,1
0.6619606886528849,0.4820484142992951,0.28567441291263407,0.3847530621381733,0
0.07681399391356407,0.1243605950011073,0.8696079961255947,0.7827388337569142,1
0.35475885566415205,0.21433636094762765,0.07213970416892579,0.16041412808363725,0
0.5508136626790415,0.06447316142668136,0.8760368677776498,0.9761625424679429,1
0.4033146803538872,0.5745553606789064,0.5243131118328606,0.3149165961570227,0
0.8338775035759198,0.6223174565239127,0.40825297953032447,0.4288117438366901,0
0.8148989188380832,0.5059665575440446,0.30963199615280246,0.27458253878340144,0
0.611999289558185,0.8174969978566731,0.29706415850404966,0.5793009578517274,0
0.37355612148365236,0.8614277442740779,0.30575264639037414,0.05839537787287649,0
0.2553998167132415,0.6159088643714155,0.884957372744914,0.1494740229038507,0
0.1058938121583682,0.012710613580266816,0.7238927304950948,0.74578959022451,0
0.3549904022313924,0.6955577421263159,0.6698014355368258,0.1863091689508146,0
0.41328237154550207,0.41817539840228957,0.7988730873794552,0.23533910066434263,0
0.676010011244831,0.565814517385566,0.25704755350766106,0.7929895865548497,0
0.65834171664049,0.6493834016098141,0.6181030108999437,0.09307921919322706,0
0.07011711661650995,0.3503756661518711,0.4600707155185759,0.4373646610395985,0
0.3953639024294325,0.9175481617674919,0.7825598215628773,0.02281840844837009,0
0.18182068073644247,0.13399542069767456,0.30920739255921603,0.3466685230234292,1
0.15684717758820882,0.6718268977658939,0.6432476817101787,0.6989579460746759,0
0.8275337780271107,0.004309112854884667,0.8823657898087376,0.08988027248978722,0
0.0419159036215043,0.9251049003522187,0.40213452442883835,0.8883732279277481,0
0.4192944975733042,0.11251292257035139,0.0664877864124378,0.9095445804103216,0
0.16824147752307111,0.09488336487780202,0.5160750460542545,0.10477224692039053,0
0.8795771427122857,0.3331372444756493,0.3459367206703732,0.9908045968742155,0
0.5571926716960881,0.37371812106107694,0.6723046909018038,0.297374527024582,0
0.2314370351923825,0.21436463944660655,0.9512105774427297,0.0838766969667804,0
0.5025633866825435,0.5853894150289038,0.48562180388258724,0.0048162379394536825,0
0.7316898135603687,0.4431039313164593,0.46619686679981953,0.4084042457996182,0
0.9583881033390231,0.03414145924274603,0.6546578882756435,0.6297638592734754,0
0.22049918775525057,0.31977435566337586,0.10337620951291626,0.3320355794518157,1
0.8864307138489976,0.8108241241131768,0.2534378066301741,0.8367390498388023,0
0.9345672061611467,0.6900265921768458,0.9191456720946576,0.716588595317281,1
0.9166783778994838,0.7252151814762104,0.6700211185297604,0.350023754940331,0
0.6355895609477107,0.6984465925041041,0.013290985812872691,0.7342977883822738,0
0.6299942137040119,0.31109055922093276,0.2045398488225345,0.9405434305194982,0
0.4033175582504484,0.09966567577846863,0.6829203194588729,0.09287397213437748,0
0.7526074851505142,0.2725636230866497,0.7645110249115348,0.3059517439201884,0
0.5314386060690144,0.8321882104941212,0.8399980117681167,0.4632252500296403,0
0.6776256322993909,0.9809551784213362,0.2921220611725417,0.4979007993367036,0
0.42857225282254263,0.4940647560606415,0.9311991929486325,0.5421208041646001,0
0.7316999208715518,0.009652814231133178,0.5529841314502519,0.30047289527887455,0
0.824702313552957,0.14006869203157546,0.6966269087673496,0.6672257931153326,0
0.14646767770118252,0.322204199397218,0.5967915471665108,0.6450433830917821,0
0.8331629986380542,0.5788495212054316,0.12262554791924885,0.5777583413929774,0
0.5404437666786331,0.07508193653629824,0.9632965736066197,0.11354646818368994,0
0.8449026431572016,0.9438213434778708,0.12276112094188107,0.476871672954466,1
0.43141689152893536,0.36523086036651264,0.2548140593836692,0.3560910982911625,0
0.37914030326826403,0.9130314009741802,0.8137570667481739,0.4909468631182248,1
0.9153181660347619,0.780896623883887,0.6186573557815436,0.9219160262124382,0
0.2512314851695338,0.7557983488928102,0.8382870011673234,0.4804362928850071,0
0.8444489259777519,0.6069991681892377,0.5157603011072851,0.013732836606036226,0
0.48415125956963334,0.6270743994027388,0.376968410017426,0.43872802302798297,0
0.5142349730641078,0.63829996510478,0.9220128571127546,0.8206645979785551,0
0.30854734776579584,0.6290130310433266,0.03610730438831666,0.7800640392814068,0
0.5731990643027565,0.5539787838692956,0.8562743985083046,0.5133057922118438,0
0.32529518577158983,0.986901655633428,0.23074140012992217,0.24959833368610615,0
0.03926932315421648,0.7326389608599575,0.8488778978998255,0.4649885515338332,1
0.2720669477886923,0.7773192504165136,0.13908791129814801,0.5636344271546201,1
0.00636928097441776,0.8728880141201012,0.5802658210987914,0.9999465939436564,0
0.9786308320587216,0.2157050639159106,0.8882633764945922,0.6441366726679176,0
0.9660195475899012,0.08379722264113187,0.47354887586484296,0.6942399277732513,0
0.3952598538843166,0.4831061765916429,0.746672206176946,0.4913626730789975,0
0.7285733920890644,0.5143095237267135,0.8047976452847649,0.3543531921982148,0
0.3458961437936913,0.8295832636930456,0.7365961882819434,0.8129668795909365,0
0.6712788524483424,0.4439738889780305,0.9254983234165337,0.49484199377186955,0
0.805655239888628,0.5711129613286223,0.446834039822825,0.9947635875378006,0
0.9470229982088278,0.5273068844594455,0.1730287045852137,0.4570178514655411,0
0.40031831925559613,0.038170860609227475,0.04767012763261391,0.06777003249400222,0
0.7835166719127277,0.6154991399048342,0.246389001931,0.6825493046292465,0
0.2659950081601607,0.8284441456939611,0.14309021297485458,0.04640419973450083,1
0.9906118707592528,0.15753399262187617,0.5579877435827001,0.2503311578049435,0
0.025765538084415937,0.5946045345708573,0.1848527718031363,0.3536016479689129,0
0.603694634707543,0.5938829499240645,0.038789639955602695,0.7394734030695121,0
0.6596882698289974,0.16422207124324206,0.03584472315592535,0.4941453676062475,0
0.688236237254247,0.12347836814916935,0.8317050133439992,0.028402782356741277,0
0.12041134032823834,0.9805360941085803,0.5915007502922975,0.616799477353202,0
0.9387941180160058,0.3938820471915614,0.3580538072468258,0.4113185422665424,0
0.18122491743770874,0.22749348569216465,0.8943856589428663,0.9218840902013988,0
0.6229248843987162,0.17136556368362488,0.07006357127602314,0.49947349798174334,0
0.22272991838176903,0.6679146615819285,0.9805100564312568,0.7089549647030545,0
0.3072951151894548,0.6097263792565846,0.6163513714437912,0.21868768597323926,0
0.5466075885425815,0.6438518933185016,0.18337116614544868,0.7609704249987732,0
0.41730445523999127,0.08800139341793667,0.6791508232809136,0.7209390555670034,0
0.16026107680273838,0.8939713285426425,0.7634927230788549,0.9041254705606485,0
0.17097502773583795,0.38942683450726623,0.42933642300620534,0.033580189027302684,0
0.41825610458645446,0.3134882573369975,0.8617787252288593,0.4473948220443619,0
0.7574940175744779,0.46256193645014587,0.15062777413849915,0.6791254485288406,0
0.8982170532971021,0.39022694161428184,0.27877813629425674,0.09494255139535279,1
0.08414076164593277,0.8639973333078155,0.09336753844147694,0.4104860992574395,0
0.3932078607645002,0.9297172960645135,0.21079442223622635,0.9422028402849778,0
0.10026340254463308,0.30356663390593397,0.23865521726872885,0.4358248246669023,0
0.01658572144027466,0.8643563342308926,0.917799062700901,0.9854751979205755,0
0.6619016214617246,0.7818984993242175,0.07797943975821653,0.05660515200260409,0
0.6026149527881265,0.9312648407044328,0.42740807988850094,0.7178124968771231,0
0.1630554110677243,0.24583211206896038,0.532428677236993,0.5809541183945656,0
0.23386994709095488,0.5772224316786696,0.8988522449249814,0.5004511842907083,1
0.023703086683339092,0.2746421620793207,0.9978903306570572,0.970913044960893,1
0.8351810819969793,0.8244931867118721,0.75349605338495,0.12944035424059758,0
0.9749655636027161,0.005274252015498249,0.970975612423274,0.8960400646976718,0
0.13548773021156113,0.5650757924923253,0.7872209624188926,0.6912144176064398,0
0.23153164039111584,0.3393364376042385,0.9633845862264465,0.25882841815737634,0
0.8686532397741881,0.3228076616371576,0.7073623976620524,0.9017121169702502,0
0.9267245845212613,0.645206836213168,0.07963375977209353,0.4291830756161049,0
0.41973913518431866,0.8518981535214349,0.4019041539978758,0.8142416416641132,0
0.05062571952460054,0.6094763363898492,0.6466675544914153,0.3887114151671882,0
0.03939177860256708,0.8535876080623579,0.35068441635720404,0.8509571700468368,0
0.5741069966498779,0.26468923862853977,0.2733225471872913,0.6365852268810959,0
0.3929990007014672,0.5197336533276982,0.5774451299643886,0.14084032227801843,0
0.028649214587500957,0.4507305489612854,0.9336733457608801,0.6496235436187439,0
0.5834122582818053,0.011598424299683607,0.03483641227254708,0.19115493585514245,0
0.011294221899719847,0.557064385401933,0.7693447302570533,0.4118050921412383,1
0.7875918450498358,0.6618339421165427,0.7228244016717227,0.17009885885212134,0
0.30651129045728553,0.5921858805183415,0.9641356354636201,0.021770793890758325,0
0.04025820261425524,0.736630478121115,0.9308817070579423,0.21170344486309636,0
0.5885135865463536,0.5715997308104743,0.7623436201652751,0.5362952743979816,0
0.3977897145266176,0.06673397392667368,0.5204345255494616,0.48146625494800277,0
0.9740751191549559,0.11645647305200679,0.2041818032500018,0.5014089164741983,1
0.5443470448054011,0.5967485523321487,0.5452702362750657,0.24751551688500287,0
0.27530847636584765,0.2750770074500286,0.7654641523417709,0.6851332147137578,0
0.7096358354714261,0.07963591369315726,0.8958273371768968,0.7042415613427601,0
0.2715601960215536,0.42978528293541807,0.7898327600145549,0.35783260692784746,0
0.9044975440791765,0.5545734762302645,0.19517801046620775,0.8812063415529686,0
0.3748205185423406,0.3288732646589434,0.5997400382539269,0.6439817483766055,0
0.5500186123002178,0.7207755988413984,0.3321328251350053,0.7130204259799016,1
0.050576336563067356,0.6440704981484711,0.009051114239497338,0.27717827471720113,0
0.4262348998342594,0.33294786880591154,0.20013375846274783,0.0003592983811118444,0
0.8325966562419784,0.7552332958417054,0.11310278544779351,0.8654066887776776,0
0.8058740665325927,0.6489976308615439,0.8428585712680814,0.8224413846334307,0
0.22437288107993902,0.6377418029360529,0.25843963349934285,0.12297972511151234,0
0.22613391091189222,0.5536780885860715,0.28464058870753917,0.37397520508610715,0
0.8175340009539412,0.011343053034328143,0.9601173650302712,0.6613035152195327,0
0.9306603637018325,0.6968359698605555,0.3790626361246936,0.6520720395629347,0
0.09537732377586632,0.3761949825527049,0.00943122101907079,0.8603797645247077,0
0.45017934005108007,0.9430733452949971,0.2837884677078719,0.1400615951971906,0
0.33754186851245926,0.8183801195615823,0.11918386030585282,0.4298281168735665,0
0.8709328413997366,0.5879636333708786,0.10268702464831847,0.09700374454544572,0
0.08353783682990391,0.2522673058540006,0.07735682160736701,0.38947039522127347,0
0.21117638552322754,0.20377616175686697,0.5933109272938637,0.014859859598131499,0
0.7526779611504493,0.3405184913464989,0.18925671105220232,0.898314923433524,0
0.05129729365365969,0.4767762170515919,0.36121241312029184,0.5269641903813397,1
0.49266857153605803,0.29617487949541044,0.8621639709511371,0.8498282335451283,0
0.44222539715183395,0.5151587885889741,0.42433001416974037,0.05967179664374804,1
0.3344878707793183,0.16540818225861198,0.9158565368953617,0.22728011923539396,0
0.3946767003062527,0.9781956822609494,0.4979558882849844,0.2592124659035877,0
0.5300847766746375,0.10793083497552303,0.39881949419253715,0.3865656897595875,0
0.16140316994599363,0.9324019307268676,0.7504958076678392,0.8028769626054113,0
0.5721524342984399,0.9140257389885624,0.07304310922270929,0.3864320250600397,0
0.8056575268149034,0.5255954905424725,0.08935214401004288,0.20446806454876318,0
0.7603728153447584,0.7252546213311453,0.6520458810122278,0.06475902269510649,0
0.1539335204622473,0.4362343692191679,0.48695466909384777,0.07926526335467031,1
0.14928171805927848,0.6303269411062429,0.7905362491738117,0.7600437628279412,1
0.2682415856801838,0.3407096958007463,0.9164362285868037,0.44469623133059,0
0.36116926143240446,0.30127118016585985,0.3883460640882177,0.7261665797648532,0
0.40856404874116126,0.5784937639560841,0.5964625949825688,0.6822581939269439,0
0.6798854422014805,0.4983497621318884,0.5007154357023254,0.1351542875523121,0
0.05668546075179613,0.5798010628620949,0.9817990938610421,0.14268222634527317,0
0.03467126148566681,0.28676479743227024,0.8312197512320907,0.7553370302453277,0
0.39201416524852045,0.3671060458204636,0.9119015005735136,0.7212521411442426,0
0.6973570534866391,0.08389107557233899,0.2542719994195082,0.377902123571215,0
0.19348058403786877,0.05225216056805859,0.7726411121839547,0.07719510009208277,0
0.6416814761303902,0.2535431524088123,0.26540906377339013,0.011849449415243317,1
0.25989290168415624,0.07423468607564043,0.20865836188144016,0.28799885136018366,0
0.886335022403571,0.10377871478969869,0.9444414255437081,0.008972758820617516,0
0.8959416818443948,0.8133209833069799,0.019153425646209143,0.22989548673290314,0
0.2973629827852762,0.038842141486921555,0.9655714199970191,0.4193856880713004,0
0.23004974496890274,0.6592509973884297,0.1491567451453477,0.12120302028299546,0
0.4114132769622239,0.27265423749277495,0.8195693177207417,0.10405939607714987,0
0.24059067481303498,0.871970377212425,0.2758620775811593,0.8964786924420756,0
0.6725699181776487,0.4852051740596872,0.3506682286258638,0.5854093708331047,1
0.8262959489641003,0.3056910401881128,0.2166763669271674,0.9345094033988598,0
0.6732784140676547,0.5178697134893122,0.5855627675950146,0.3456869659059456,0
0.8245812075972727,0.3821144522107476,0.3480605292270553,0.677114324218427,0
0.39709725874571833,0.5645574103904236,0.657467118114532,0.20450622202567137,1
0.15635129721053964,0.1145427692782226,0.015495036920924576,0.6182904318351452,0
0.7381563021533325,0.9974839352132987,0.06423978991545454,0.1293756625646711,0
0.3605688637391331,0.42573619975491805,0.09953850547444887,0.001828783845890955,1
0.6714565728344447,0.3483685923838573,0.4189836745619715,0.9315845597859963,1
0.2707118860901741,0.710546142901034,0.8149257712709002,0.5548236972728467,0
0.0812418820343128,0.3640459446735056,0.8883333925491854,0.9269919164814897,0
0.9928620239116945,0.8336780312190051,0.24473929066546418,0.3336883947585815,0
0.1562358004806897,0.45446678035402144,0.5744145184753577,0.3276409589110263,0
0.9886999989124285,0.7198998302775905,0.7684782138741681,0.40053377322429495,0
0.9775556615095979,0.10745923818846048,0.28877350700841475,0.7060198410942117,0
0.7940398862842774,0.8465299499344425,0.4089942036961389,0.565741532268515,0
0.6596052258479371,0.7360682582232592,0.5240012211710336,0.925405641090878,0
0.5779653150288917,0.21177993010264196,0.13476461989483823,0.0251967017782547,1
0.8663445825488189,0.14531276149077232,0.025833658107060842,0.7081755013625036,0
0.28951299252876833,0.3164128012213565,0.15270190750065638,0.3301834120938042,0
0.4678070949904731,0.9765525556300494,0.6269169278627515,0.18004018347144515,1
0.6195604615146829,0.2569194462870614,0.07348642830289975,0.5103103598172634,0
0.41129974739216457,0.45632428217737164,0.18960547524688565,0.504976774046949,0
0.4276005174112459,0.029983819040457327,0.33781525492621256,0.1368033947736184,0
0.3303701488410632,0.3973923294659958,0.07773973079193297,0.20170968731465463,0
0.5643860896933123,0.5715802070985889,0.1916090880331467,0.4080458975325072,0
0.8508129994991273,0.9535940091514536,0.9114334162329243,0.4086928569850775,0
0.2015759988277247,0.5169663280124288,0.01914813929135306,0.31740967731813385,0
0.9346961686571027,0.8195032897518697,0.6535046056105713,0.1483412977312881,0
0.6892786403546949,0.5473745783310484,0.38438672126582674,0.004122575280098829,0
0.8235036562693818,0.04075450518729884,0.672728199116186,0.9703005052189434,0
0.5563426011630818,0.3151280240937284,0.5887415663231863,0.9435559102258446,0
0.7797342785028193,0.5758120169932122,0.22341978769298265,0.4835563511201044,0
0.016193522855871875,0.9510619759389733,0.8473505191648272,0.9951253293649088,1
0.8186094296548405,0.8595482534381542,0.49195610197141093,0.6736225736774571,0
0.040139023656368095,0.22842788285815274,0.8226683475602456,0.06862756740612078,0
0.8901634153529333,0.22017758052580394,0.4059979466665311,0.11750424223168052,0
0.992242793632732,0.20123034140711216,0.9848750767267731,0.9161585482580356,0
0.2941422939222974,0.922951511973908,0.7706033289993854,0.6300061550998002,0
0.2103687618407395,0.8530805048087373,0.9661331195016629,0.8432074302418493,0
0.7655767791774942,0.7752551639063352,0.5143500944035964,0.89831150683787,0
0.25308910460992573,0.3928974525620825,0.47370041468931134,0.4478362803432451,0
0.865805261803669,0.5046042174192049,0.7555624764120452,0.04828931800226477,0
0.10286119463001135,0.46453331359706684,0.8804439633680019,0.18808951773483426,0
0.12598059506481252,0.253484097954753,0.9643280737947322,0.06634122803300153,0
0.9794278343904572,0.5052519139719474,0.32450858332509114,0.18854916512921852,0
0.6740254010118221,0.03046040217053836,0.7988284965473511,0.41041493524910644,1
0.8471246116690586,0.13182974143877502,0.2105620973465463,0.1179830105217719,0
0.3244131075498865,0.8870225357955839,0.5456089841375871,0.1665353549029799,1
0.676671029975399,0.7520387845312619,0.17975378509562745,0.44571535625914915,0
0.5944049246982162,0.42304725855299186,0.34736209720207967,0.3400298990972097,0
0.603315836977432,0.5173808723761653,0.9315290801959151,0.46755885490980287,0
0.6827215186030429,0.37014876627042703,0.14598442936968326,0.4290601452387621,0
0.5755167181137588,0.7411329121988643,0.6324661584055704,0.6444367067778963,0
0.4291768960182153,0.7845640087554155,0.5930056223952462,0.9372441614943213,0
0.27599219069505493,0.7636505667471747,0.1206231399036497,0.10764715213795958,0
0.7687956924691361,0.7229548148698868,0.3259362244482986,0.09904014310870665,0
0.22632732676132294,0.2045635383687383,0.5630222818439137,0.8528330683006482,0
0.6925462533131854,0.3381023097184306,0.1870868313102747,0.5063101313641465,0
0.23338979550115063,0.4700500249420747,0.800748256025571,0.7664036641149657,0
0.6255024088061909,0.33092138936632143,0.9723416130414151,0.21523996768310708,0
0.7472863057540418,0.7553010041710753,0.21467735071366434,0.8288816832411197,0
0.21876656309147902,0.3294811334508694,0.18682009306033365,0.9238968638673086,1
0.05994928888698299,0.13825497342285953,0.4549377384680824,0.6354387483644649,0
0.13100061737276159,0.3992062453159093,0.747871232290727,0.1056611845095976,0
0.6061635212349585,0.9803985085675144,0.28154213753997226,0.8953356964025629,0
0.8496845459878948,0.22595232590574454,0.019729120615920692,0.7924949161323717,0
0.044998414280033275,0.6124412276245579,0.5412537297604061,0.7508713282381964,0
0.7343554965069745,0.4331574360431443,0.9567801843072914,0.03648768879135557,0
0.34140737180731034,0.07101062878063402,0.3912570682449683,0.7989718360373671,0
0.4786574420090699,0.48809107590752276,0.4201249458475971,0.13774368461850614,0
0.9291210408764732,0.7024962147928004,0.969085672574657,0.22220652270881716,0
0.3320574820857839,0.5134483323147849,0.6946948167496814,0.5770714449443467,0
0.4654621271148801,0.8725310673056459,0.7192677924072086,0.26481507917034997,0
0.013674799869576135,0.28904248014666756,0.5627426841134309,0.6613124160590311,0
0.08161107576120889,0.08624357456340981,0.9747951794985354,0.6080171964582453,1
0.2586559912746395,0.9370259350073669,0.6889516645104763,0.10793250519653383,0
0.027848792537679065,0.3783507215346784,0.8951906516485764,0.6559770413222914,0
0.6315493424654908,0.5766685296739684,0.6994677537959006,0.9240051849885379,0
0.42651210016986907,0.7923842383023301,0.7352173182153692,0.1609101693170939,0
0.5482947455016177,0.3244385115490358,0.29035555706260396,0.5970051618549509,0
0.17468690235943723,0.716504095559034,0.3034279422630064,0.3417248759667154,0
0.29600740945423776,0.13544019497789783,0.7831030274733592,0.45950976539102273,0
0.664008032874287,0.29140050203515244,0.2966531446224252,0.28684170186322977,0
0.9655749307003192,0.1447370726128474,0.5628107735522647,0.3539941601345462,0
0.050419960372472955,0.8116222060007141,0.24928246343600335,0.028668761455150876,0
0.8906344983255797,0.22271837716824638,0.8171137509025854,0.981620889579152,0
0.5770391938450715,0.7177437916903804,0.11038252757790445,0.6247521536667386,0
0.5640737479479615,0.9437624097393345,0.8295814059558921,0.5006171520280892,0
0.5004140028879092,0.5280085392671561,0.6027845980466111,0.38358856923410267,0
0.06940285291342883,0.5402722385171783,0.18681766223973284,0.5392987935338219,0
0.08989164165984882,0.4612333297057116,0.5420687746188122,0.37997803553888354,1
0.6010770644006949,0.32601585487901996,0.28244068097887265,0.35977334470122546,0
0.34104719141365875,0.4758628041776003,0.3234236294678752,0.4638460560281751,0
0.9175261491571828,0.6030849771170352,0.35149423404190117,0.27582094575094296,0
0.40669845627984996,0.9864789778471073,0.0631837810235254,0.17985637139785027,0
0.14331195213928483,0.938225539615722,0.9861516573358386,0.5565357802036508,1
0.7149173569032872,0.8625725081745115,0.03138795095863145,0.84278910267912,0
0.29342804322434485,0.8895648676070289,0.6625727520529523,0.1526257276449353,0
0.5256131826239407,0.4680526794296913,0.37120078874239226,0.03249253156565593,0
0.6980263435993334,0.6577517095653311,0.6460803545886975,0.2466400967805997,0
0.9005171938040668,0.8955043074967577,0.35621611046833834,0.979789195001939,0
0.7924124987886944,0.3931132214923041,0.6738304946125595,0.8287771495687853,0
0.6765483122532366,0.962236607997796,0.7293349287101805,0.5958088024802408,0
0.6798213889340864,0.4159610308810384,0.6906384152336216,0.9293009254377815,0
0.9461911530182394,0.6013591651246024,0.11384437835848615,0.4451725131743064,0
0.2958994457769965,0.7101407858685409,0.6569671369809882,0.9833503208466202,0
0.0011007830286176579,0.9510600220137446,0.2799285077922562,0.29614661645091245,1
0.2720228888909166,0.24469745255355235,0.02865372930897081,0.24013196889981106,0
0.21794381195455081,0.7464869553501616,0.41481919274254864,0.6380047746661736,1
0.6620175580126452,0.5210481045492168,0.4335382239961305,0.3780253650245736,0
0.6338863031591678,0.26865143721558393,0.4671811170438147,0.6263182866787381,0
0.5936242506062398,0.7769795157690433,0.7049149741457086,0.30484293879003,0
0.01623658138340639,0.5524720074779417,0.30879494579947675,0.6178682330692025,0
0.7289807119364067,0.6612831369786463,0.3152339201461558,0.2755840950659535,0
0.3236139077499126,0.32302514223771084,0.060415814306175264,0.0507362369227754,0
0.6652399091523535,0.4814848038966053,0.686905674660288,0.9121823035838532,0
0.5567304510481454,0.6176396665280439,0.5678685775342416,0.8832421219302125,0
0.3428200665629913,0.4050798241278404,0.34939056338360075,0.9708637766068803,0
0.13460420079737329,0.19842837968237248,0.7052799163511381,0.7165094700500098,1
0.09443502316327114,0.9621145551269352,0.5373894884211765,0.6826923921538972,0
0.8317512011619894,0.511694936304659,0.469252659988868,0.5589337377353967,0
0.9186559567809691,0.7342696567517324,0.5113471002978045,0.12573115486568961,0
0.6499674774035464,0.4112195657651201,0.6364147808234506,0.18904479276130132,0
0.10345289126903133,0.3552734980855945,0.6600776036528373,0.2893120208016029,0
0.4021337939737804,0.40733454309315587,0.28890194151559,0.8901955607690222,0
0.7291419049754588,0.40936800200947765,0.1406352068495167,0.17277367554709044,0
0.780038550533077,0.5444254366443362,0.1565316297346513,0.9229230951289324,0
0.1182417460531172,0.5437148015134952,0.639458614716581,0.5227045310218587,0
1.9089701653027258e-05,0.4973733691216218,0.8730233696170444,0.715551615482029,0
0.7123348101126072,0.1348067831976385,0.40948291762616407,0.11002808043224307,0
0.3566893941692102,0.4962944408780148,0.16942215407820527,0.2688691832660055,0
0.2545445231449036,0.16914370287621772,0.7567115705517438,0.9585802110798366,0
0.012889624086993803,0.12615204491912202,0.832625313896969,0.26598463636248126,0
0.5404466424952049,0.9331038928342412,0.8807352461819704,0.2963663637180568,0
0.8513893763425768,0.6052286319431568,0.6068876731988624,0.19740960719766895,0
0.9579015976782583,0.6597985614447301,0.8608743594916319,0.1288634300399741,1
0.5658996685559317,0.4019609721919455,0.015262595468300333,0.23308155092594554,0
0.5146009658405166,0.9094261005675159,0.10711582627941141,0.6422848677468305,1
0.08506975796491385,0.638227179608152,0.09245092070976568,0.4552644362337357,1
0.5490225582651047,0.7695384705028685,0.7126982373918054,0.5536847842961455,0
0.38007917284210296,0.3687115622717547,0.06944852654684297,0.12215239477840747,0
0.6073021695662463,0.9604850512537784,0.4963816522793678,0.8021267915939942,0
0.388829013869379,0.820857995619857,0.4727158338712627,0.784099138653241,0
0.2403581447283677,0.8543635173469859,0.3106553161826824,0.021344449684161493,1
0.09498156139234755,0.17223576320865686,0.8705543832263203,0.3833882486135053,0
0.3149994075221732,0.2710588228401445,0.17033551768115984,0.06854060327787344,1
0.09666161432255109,0.28573024927174107,0.35242930655125093,0.792112842999533,0
0.17693732882576202,0.27100480863560605,0.7742867693037141,0.7372587750004826,0
0.9876148445349182,0.8558240162603008,0.030275244880023422,0.9020311701617629,0
0.44422250645191663,0.03184941019887422,0.6730299663334449,0.23622889958352986,0
0.532016524108735,0.07608883112471432,0.8165278898802342,0.4561928900451182,0
0.8738637762614307,0.2740121029249343,0.9324388726208355,0.18429580307606347,0
0.9958500072665961,0.1999296366283012,0.8764479318435576,0.3711040639386719,1
0.5828741571329256,0.23193380253427165,0.3193389713187855,0.5221618717471385,0
0.8127010890950053,0.7983275562075516,0.5864131662878478,0.05309573097798437,1
0.3270255224843762,0.5633822960763002,0.07716295626507019,0.7148521615258809,1
0.30582222264181763,0.005720967375362207,0.257803160478872,0.5432188794094217,0
0.4028104970047171,0.42950515178081883,0.09409781310016285,0.8289781588923331,0
0.6726933738508053,0.40805556633555984,0.3151406643141499,0.2716170359538307,0
0.6823806481176312,0.11395484842907688,0.8753381134883611,0.9033646180122569,0
0.31532049196918394,0.6764594160257511,0.3471314938151693,0.9987690228951217,0
0.13323745605960302,0.7024290377353237,0.5619384981874802,0.9193471874524616,0
0.6325705730852017,0.7212353674541241,0.43337591207601633,0.7778948812202184,1
0.1283519579635406,0.728817246079581,0.4589205953264752,0.8123825073610066,0
0.5786509745646214,0.0,0.9697562437408607,0.5736797414037901,0
0.6936143892058766,0.9543906367531383,0.2961011290754598,0.18996364576629923,0
0.700805871562739,0.8146020465256107,0.627387942212259,0.6770100378698891,0
0.7536820293809239,0.9044241659963728,0.42005303588845067,0.7127340589594453,0
0.8731044458760042,0.01559901097420191,0.061009948604620945,0.9854555482700812,0
0.5000943656839152,0.9343176359697329,0.4893456305329025,0.5412261824320257,0
0.7304522795995226,0.8101793861456006,0.8134724152020425,0.27120541492925787,0
0.6193431636368143,0.8376250306727666,0.0986300010858372,0.6836440479468592,1
0.18668318270498596,0.09328564448103283,0.06945859394934217,0.9794442582037478,0
0.025685560679197417,0.7391299770749598,0.153527909824426,0.1770194502463278,0
0.2846134162995872,0.9603898079179496,0.764511934058838,0.3258522222452688,0
0.44315234129559566,0.678866286934559,0.7240929550643145,0.5418060099159051,0
0.6172757649640825,0.5708211806189389,0.5650592644757424,0.17001788295214804,1
0.8501976210896754,0.9460949676382091,0.46823375894599906,0.02197538477320965,0
0.19629178417207355,0.4431269676244707,0.8884813490429622,0.33684102638707514,0
0.12557506937500384,0.5995690857277554,0.7668104569632064,0.8654018766000234,1
0.9637516185607318,0.47654644113209166,0.8120708432638537,0.043230108212234816,0
0.10806469147651988,0.9333045067170023,0.813391358927106,0.4288170968672489,0
0.47862013122880476,0.07607356054671133,0.6427860568167034,0.7621980355923854,0
0.5857242744062071,0.5013414271203649,0.45801837722117256,0.9532424510114684,0
0.5415219727468041,0.6872759923695737,0.8648249456676353,0.9855458365875575,0
0.08604581643219704,0.7922875976703638,0.9261762431799951,0.42185513752864423,0
0.05703204447183967,0.5832852492263978,0.02365664002206813,0.9504432313779299,0
0.10550280646566666,0.9093629181730734,0.05141525773091615,0.03517804409047841,0
0.5857482365294587,0.942454743250706,0.9589236692421608,0.7459088638816909,1
0.5444933129332137,0.06430161021658964,0.27710057505201746,0.6427041477973857,0
0.23379788485111314,0.4025381574881095,0.8735196985051132,0.24935109741150166,0
0.63795003982123,0.023419019915908557,0.38877445642940955,0.5072322294961872,1
0.8202970030124984,0.3295443011683501,0.1189842669366925,0.1293436598302014,0
0.04157954787621146,0.5371095322113915,0.08031377430378228,0.8716302666433656,0
0.4982647794393086,0.9112411331420001,0.15640530308176182,0.3577628440575841,0
0.6895014642107835,0.8469653252724756,0.2498235381798608,0.6259971099418148,1
0.2523744806874614,0.12751673264914398,0.4885328662584527,0.1585757856098576,1
0.3078497665074493,0.0930284936746073,0.7015875360646291,0.20597987484450891,0
0.6138067037544799,0.5895373644299404,0.9865887035224006,0.9920289324277801,1
0.8981876912617434,0.532356683862897,0.441504673455114,0.7530806700065039,0
0.8101509387077784,0.26647074379607805,0.5182099188126514,0.9620346044272811,1
0.5832900491440541,0.8998930725654963,0.5218419585115939,0.2956955887745315,0
0.7304247997491835,0.92782169222495,0.5394668271527934,0.16436427241078613,0
0.3649181073154097,0.40277918828433457,0.5177654768635662,0.5029807994092893,0
0.6411423644948476,0.8907375312099317,0.008620049917304584,0.4945778651241267,0
0.4663070326726301,0.3841064183032321,0.0015676302789273677,0.17475131263060797,0
0.18998034860459645,0.7371677053730341,0.09754296724165812,0.7332073340920947,0
0.7019329803721062,0.47615014816066825,0.10143462474487563,0.361643564381979,0
0.5566166264347636,0.12259746851218534,0.7049877433682497,0.1861737721167804,0
0.35871539570298355,0.9283897951147067,0.20483051126721818,0.3318396599031279,0
0.9115955292844017,0.4542925539582736,0.8948718924043675,0.563590893108486,0
0.020928635283744224,0.7348366372860822,0.9287760718545144,0.7264564849262302,0
0.31585436550747886,0.3673221467796912,0.9760797594746577,0.4817962813539196,1
0.05688648545712506,0.018838368235619463,0.9392547419482398,0.5255147084906759,0
0.7667410737988383,0.10053258714646329,0.2718264234581511,0.13873893616483013,0
0.7023022691653177,0.4964385207709201,0.5097988554283575,0.9147381637393771,1
0.33143801398650286,0.6902895584514601,0.17535905730039758,0.9287760362184645,0
0.6758499412934325,0.33486588467040335,0.8063362251055679,0.6833980360250465,0
0.39604201253246674,0.6958166873642817,0.8885872768346061,0.01738465013566102,0
0.7564645280911705,0.698965542048624,0.8514313097775386,0.5369976967101586,0
0.45430557631603574,0.7042687641863479,0.4333620077552496,0.6291726519601043,0
0.41238931964659975,0.49273886923460797,0.7587836875740521,0.9947276687634016,0
0.9349931326879448,0.915334594485361,0.09745578795234877,0.9961408640019339,0
0.25094123218864006,0.4894117111190823,0.040101165730057176,0.8576397673428506,0
0.12047111910837281,0.45045905471048986,0.7533442992653008,0.06359937444961355,0
0.5847033587625008,0.19943721131905523,0.42534750747072536,0.9533362756188497,0
0.969595201158709,0.3077708071744416,0.9957426194514909,0.6126095004769705,0
0.3779386783809983,0.04230483328746093,0.09713071961237318,0.8008967119021457,0
0.06204336723280342,0.6338295753528689,0.8557716824325823,0.4070737638189146,1
0.3393934011370484,0.24861907005209893,0.479994567248589,0.31952170089037424,0
0.5060687842875558,0.3042690566146158,0.8272841516852338,0.4631434295901161,1
0.16195898157702782,0.7711840238098473,0.817257703021248,0.14667011166335758,0
0.6582840934604139,0.32734762397316075,0.916157294252983,0.3569306246071332,0
0.9980311369541965,0.2422757442968404,0.2977972701578082,0.8576460338386493,0
0.4518606708527714,0.16909752630126196,0.9499765710449282,0.03771038673598481,0
0.35482122574368213,0.7752301201204324,0.15156265683970815,0.1506749576174333,1
0.4008103548799058,0.1297244730079843,0.08183988979693879,0.12490462736938507,0
0.11516839871152977,0.45394953298003404,0.4316099586574609,0.4029551074475506,0
0.8835216880043649,0.5071550261154254,0.828457338489379,0.9970611111964313,0
0.41493599596099723,0.6877137033766907,0.47343031779577416,0.17316220844952263,0
0.3873766504787975,0.6335776260929009,0.8294213873020908,0.14527779213140424,0
0.6598726152986096,0.8111120411592729,0.7297863842195369,0.9151030883667004,1
0.44215176175726867,0.04472309902773208,0.2093444565092497,0.8820870585920203,0
0.6484124423266968,0.29655029983001135,0.9490585187767451,0.03199839906651859,1
0.06145272010731263,0.2802347588284144,0.060644807437405746,0.751699783327822,0
0.8139509791925905,0.14604405782218777,0.8984387528691329,0.6554279833206278,0
0.940768867922662,0.2892838495283865,0.3043930335311771,0.7677398881831937,0
0.6489445160874212,0.3098821902329645,0.500166697586117,0.49441198334524683,0
0.9548349787966892,0.5221175660095181,0.4223430464684981,0.9914515909198781,0
0.1514652045486643,0.664015291484735,0.17173736701076336,0.043608851686320366,0
0.47754493453556957,0.38125647691808506,0.3581153934704773,0.23419586095453757,0
0.601972055780037,0.7198116000073567,0.19284468883770955,0.39642341175677964,0
0.5818960676888207,0.3362966802276093,0.20380059106141601,0.44967281232523315,0
0.40156818990878096,0.2903898786894423,0.18696501539581334,0.9214168298463948,0
0.3381721842030181,0.5414317370980983,0.489032068693227,0.5599353598969472,0
0.1268496767123911,0.023676499505952187,0.7980550174869663,0.04487324274523169,0
0.39184600343379555,0.07977998719240187,0.5690129233927621,0.40774409717847115,0
0.16269700700133738,0.4181457088093392,0.89336384446122,0.41637437363913854,0
0.7345699770065495,0.9433765125537743,0.6366112133953266,0.9655548264130779,0
0.2088807036177543,0.721854267177978,0.6894254627790133,0.5991409316704331,0
0.058570888113491995,0.08812200145649296,0.6676849111452441,0.635606859054627,0
0.5525169217479627,0.8467288861050575,0.4494599283761076,0.7132342520278678,0
0.5953931206005401,0.732649169633147,0.6894241688902625,0.7700391473134908,0
0.872157807315583,0.6112284302109732,0.06957453390246826,0.6350066614568445,0
0.5771396344772207,0.8206895738366802,0.8599969626486939,0.23701955080355777,0
0.3455708034691923,0.4042784187215247,0.7779286968699779,0.8740798325785177,0
0.8032363673136335,0.22156956366227476,0.2451586567048949,0.7321072044884297,0
0.5404261228891527,0.5122510899412376,0.7681455581410788,0.7418610848157174,0
0.07929195865649084,0.5490896305820749,0.012489260540782254,0.9966308085612744,0
0.5660053093102004,0.5385684852276791,0.2171654005195336,0.8025370136945157,0
0.9082739081988187,0.5653305606065384,0.0650024139728842,0.8291706078884267,0
0.39641752222011695,0.949171893167347,0.7803443217943737,0.9514647873989769,0
0.2964012977053907,0.9026871412439066,0.7559829665301834,0.1509309945264954,0
0.14350000573517513,0.8761440187046778,0.8137652131994741,0.49763796194720467,0
0.15147841599771533,0.8018030811897328,0.004325473911507061,0.5805047585143588,0
0.432887101714886,0.9438921908319218,0.5012517236808094,0.3291311071855155,0
0.5958433443911149,0.09849575468875837,0.7049270105163572,0.8394259085479099,0
0.08062747178430206,0.26521567649021893,0.1552981423549511,0.7624169560364187,1
0.9398332290266407,0.4952743493919991,0.6498621246084113,0.7208667959171954,0
0.7553440247291175,0.8469454850652411,0.08398196681044112,0.9972237033334176,1
0.5867847756430696,0.5053896547779058,0.18123201401492395,0.25921384454247776,0
0.8286706334205374,0.7483917595948162,0.47580684011975194,0.7354457495529194,0
0.08019869738366085,0.13898319068531784,0.6536378811103063,0.5513326522406323,0
0.47696745303102883,0.25249926404022816,0.14576277839626783,0.3128392227850134,0
0.6302667662509147,0.7321242065733253,0.1851308634775961,0.16038696343767,0
0.828884931595242,0.16477141691674468,0.20436068015422393,0.8959249123572142,0
0.7836882994578329,0.351495599797075,0.23862720017772432,0.5953980971010483,0
0.27713908317010477,0.2649585320361769,0.22647595947216104,0.8249516601300974,0
0.9411451952281915,0.3500005406145661,0.395130687175417,0.5452711754288284,0
0.12437076688886882,0.7086593103630063,0.6538624584519965,0.21979663762094245,0
0.8753793116543783,0.36799588245393355,0.4380284875957372,0.33740690244279625,0
0.971214114377257,0.5555147162125991,0.7760898137849566,0.3814113488897215,0
0.17719397666898073,0.0999337775786282,0.7193644095809546,0.9730011400973039,0
0.7222667480428537,0.805405936573452,0.12641374301296793,0.0053825873753128445,0
0.040285726473975825,0.3700384455428356,0.04870105075482911,0.9857365230818017,0
0.40553040069619717,0.648836659207781,0.8780934355570196,0.9805304295068832,0
0.516423473045192,0.7257342137995826,0.079701424742602,0.9962247268130499,0
0.5808043252470558,0.20972294727201213,0.1482337034113428,0.4764918363331738,0
0.9362008204618759,0.8851068754930971,0.021983282295174433,0.9638723063561879,0
0.6724367230258971,0.6165090479781261,0.6284001949084868,0.39547629633178405,0
0.4814078318174134,0.42890720036765284,0.5824181794891246,0.026050521049009567,0
0.8099014813399139,0.18238223594728353,0.9870939716301095,0.22416817557542665,0
0.9508006849653452,0.9427644038497123,0.8870874391642545,0.9453535144041482,1
0.022060999010606652,0.755429078282523,0.41083029184627406,0.013516667278874121,0
0.9827985424041603,0.20808569127122745,0.37155910824111515,0.5459205395999208,0
0.08614582786244114,0.3378429631743547,0.2967989411404446,0.07537382895512572,0
0.814614609820959,0.8100650529324458,0.1523028775221107,0.28623790339075916,0
0.28040554622239566,0.6960059950739188,0.13797456191578306,0.08786918459643028,0
0.13220688672917158,0.7661510386112083,0.13217256753758022,0.8595577815248429,0
0.4399733401679691,0.4413899968731281,0.11399720807493452,0.5910118869971677,0
0.6441342953560953,0.7168159908290503,0.24043907675276444,0.9021495803813826,0
0.38105222494000773,0.3866526413106728,0.30661899973058837,0.6883262597696717,0
0.05456981495031153,0.21132581989121757,0.9617603435852757,0.9710948342801923,0
0.5996257717762132,0.6329708463060681,0.5785194926539532,0.5097922223013905,0
0.9026569877296374,0.9764958641505741,0.9877863238318341,0.6386673723673698,0
0.3833164114473767,0.3107183053731646,0.3724405259425225,0.5762451592500993,0
0.2163847516549775,0.4611693187656627,0.4576302486403563,0.4841666013254272,0
0.44269584669896933,0.674317825679557,0.3245353458943683,0.8459840787143453,0
0.04836529382624791,0.5417501377316016,0.18279435969094493,0.644483831907869,0
0.820717208961482,0.8438370853755099,0.14305740530419087,0.8013223457278522,0
0.8265721565603923,0.7621072378291673,0.9452547504747244,0.7863691183839476,0
0.5881617255592558,0.05827629119638367,0.9870009541956293,0.1908552356184787,0
0.35319507992764565,0.9989154502754554,0.044767536984110734,0.6501240766553261,0
0.8000069008944027,0.7527618672062939,0.15024110523417278,0.19946091360263563,1
0.5548384911710541,0.8643238252619296,0.4235156795397259,0.583259115570892,0
0.8261635340409457,0.6515016717298439,0.18624140056693506,0.6774041662958452,0
0.6316328335434203,0.8567014627251215,0.36385094305299504,0.9973093632273876,0
0.7846244878246701,0.11239169787381265,0.12898408512730697,0.030299450597195493,0
0.5987273612371746,0.3478755182100324,0.4565149795283219,0.09101976021397354,0
0.41425120735384635,0.8768483114471533,0.2716326493840526,0.0767994034893232,0
0.9582159037256757,0.20171284979966142,0.35187138118593,0.39823930598707746,0
0.5412613000904936,0.07823211446570255,0.09418811765682733,0.8216050875453801,0
0.6052558056710706,0.7884979238268821,0.4281212618792196,0.8440804223880056,1
0.22054083516731532,0.8358910937889839,0.9834466301021862,0.736968592524125,0
0.6258231225564987,0.16268848552816007,0.32879123423840184,0.8969196430208918,0
0.5717640913399241,0.8547612549310646,0.8765806129779392,0.3227132194549879,0
0.184881111114716,0.6870912454069913,0.8433387586665901,0.08793099838875071,0
0.059592980637922024,0.5203148000368714,0.9522364327083608,0.05791954954562248,0
0.6045253921318663,0.8306522619477485,0.7902304032802903,0.8521594561351569,0
0.76390519328793,0.419426115740273,0.6596716830092504,0.7304231466875787,0
0.5235436378236257,0.1940473968688039,0.8567287825987506,0.6985917294923614,0
0.2268276691591689,0.28495590213746347,0.07551356219487815,0.33953512515276063,0
0.6667063279093698,0.5053879606207046,0.4628361088383457,0.3797771596288019,0
0.08011764335438827,0.5315690727521281,0.9894473736205001,0.9581749990390577,0
0.4419519869019898,0.8059693783417448,0.7697138081473796,0.06357311791906946,0
0.1634031578754208,0.7917334794446926,0.9622569256786448,0.7737327787049602,0
0.18450165268141583,0.5816322537449796,0.7797515522991674,0.3094822641670425,0
0.20234179509421113,0.7811604489727815,0.8750327598039291,0.03881488075044595,0
0.38680912926856525,0.19182568224544827,0.7066210426186927,0.7425609397530513,0
0.05115360805481198,0.05003910343668316,0.7606124521277096,0.3307677998672216,0
0.39789877308167415,0.8740596633098354,0.5232047474878456,0.7221316545545402,0
0.5118462754424865,0.07554303700953735,0.9244059021678481,0.7076337690215896,1
0.48342475846322175,0.2467707436566675,0.8251721221021455,0.5347096065983444,0
0.3828850190904345,0.6956470849304104,0.8440248246156941,0.777375364389531,0
0.8393817191988117,0.409619433544405,0.6730886877553175,0.5809762135565256,0
0.1453577872538439,0.8767412791432951,0.30452957977431083,0.2864782565577866,0
0.505833804674419,0.29809021302667027,0.035484562684651166,0.7341033591376902,0
0.062048021928877525,0.011824995544793993,0.9358273579736576,0.589080360405653,0
0.07116496387988382,0.300767525120909,0.5861692877787092,0.012478915637255387,1
0.5740229555531194,0.5783389421852361,0.2980903333540539,0.9016871409254233,0
0.5661732232450017,0.376091510181519,0.14902991128241183,0.5455699076245264,0
0.8782800585855128,0.5351129766113774,0.8296579586875055,0.868659407835825,0
0.5580260790707824,0.877025583758595,0.8366574556600739,0.8827736055400676,0
0.9600616067699668,0.9129321829442381,0.8146374650845729,0.4448599506680284,0
0.04869752884169007,0.2660669458853997,0.6451524284216106,0.507573837187897,1
0.09802486555887623,0.46234084139242526,0.3659866900833322,0.41563810772459386,1
0.044067180868248346,0.5493920558493866,0.3040197376967839,0.44933153425544103,1
0.18531969242723806,0.9495796551220392,0.00839998737939851,0.8951879928261751,0
0.5414176321089168,0.9991116429584848,0.8337437925418314,0.7881497791431585,0
0.6457503724002921,0.23548338137445146,0.08730573695722654,0.12631460598346783,0
0.04558692399245741,0.7273253548516347,0.6308196807624,0.6102552635519386,0
0.9462374124302368,0.3781853436725813,0.50409494636407,0.9959804966527003,0
0.8424013754410256,0.008059783791535935,0.5267173351146681,0.5954933468321351,0
0.29668806226041367,0.00920473635987129,0.9268819197063749,0.7858766460270752,0
0.0771985888817124,0.4607655129762991,0.03146836245177553,0.76906098453936,0
0.16992538998099038,0.4885496340372999,0.7735072190397858,0.35017979996929416,0
0.1269701033177268,0.022529207473780843,0.05191295832142373,0.3717186335185031,1
0.12330839245979729,0.6872509540465197,0.03800926344050026,0.7240611897712498,0
0.5187025324689085,0.2941116281381717,0.42981150529104184,0.4998948564950456,0
0.24590809524300866,0.5601470319691488,0.06293962230370198,0.5705051679115152,0
0.3582333885870166,0.30103110207013106,0.7892645017288018,0.7128868973384314,0
0.989784657181008,0.16717303811549478,0.529592083474185,0.7775773283870238,0
0.684503831922108,0.40734398839750785,0.02889122514054776,0.2713530259987418,1
0.9492480746503285,0.2323477801514775,0.04035717186059884,0.1465893316657322,1
0.1425868353133518,0.535041158441488,0.612726832914916,0.2916377408229942,1
0.3822402039691628,0.1988846199753187,0.8062383530818167,0.5074521259527747,0
0.5548832828320637,0.5086316953619043,0.4377961538150501,0.34200091176402203,0
0.07676899425971619,0.15741189254839583,0.5546184856820133,0.5682964940060633,0
0.004177036760454875,0.6712895056747294,0.7999537735277684,0.053230709487716785,0
0.6706198354336739,0.7542979391384197,0.6105637145007421,0.5096649374527144,0
0.6419966043111168,0.11040186748984926,0.22468171595362918,0.3678529712543802,0
0.4108979634132765,0.46800588254727327,0.6131104643135146,0.5345894466904026,0
0.48977641667170824,0.07085767802465526,0.6283432686028121,0.422419296639007,0
0.41555352256076145,0.5984573561347704,0.7342081184118001,0.2840664641771805,0
0.02400046530156509,0.2644963190272005,0.6209353850713768,0.9041516760626234,0
0.33545858336012846,0.5278607060780303,0.9694262059908851,0.18457300515208938,1
0.17712268788749008,0.5176916896917128,0.19720009698082208,0.6813363457208378,0
0.09844149235172807,0.924807978535398,0.9512683526327592,0.924695213818551,1
0.9569901173549251,0.5493312298660857,0.5383715758287764,0.5385939634734058,0
0.5995243273389066,0.5832650704499276,0.6720353558818957,0.8764431811151804,0
0.728858905916085,0.4018203506133524,0.09933887980729139,0.12463985940787697,0
0.3154448371385394,0.9495467834148377,0.3805523797382122,0.4936980649063071,0
0.39325109540843384,0.7775589027061169,0.7694927253619284,0.456922526447324,0
0.2369820227249399,0.2855088186273429,0.7070025599376564,0.007868930625739796,0
0.09698254534157742,0.8446193038146257,0.0399957461052054,0.44315007508974424,1
0.17907264314349602,0.43258043039875815,0.5466292606393353,0.3688981631330369,0
0.7977369144565568,0.8290683452882348,0.08815153065923198,0.6697657070536525,0
0.6777333979338162,0.8232861034772894,0.9960498922346019,0.9383847648882031,0
0.5470780611007384,0.18892081990388387,0.8974552870881638,0.08556666777838895,0
0.47521793387345046,0.7014724568801238,0.020930295882116923,0.3273311749701058,0
0.922693885350951,0.29074936755069647,0.8587946456981683,0.44395773573662745,0
0.07274469716135891,0.2976028214432951,0.919596105975856,0.45508202100027983,0
0.28067168514348745,0.29645760116595454,0.3535151275764363,0.7748111159025112,0
0.35002911388794167,0.7259129575844501,0.719597640917577,0.44328844489762664,0
0.7826442447094852,0.22989911617396963,0.4421018869514697,0.026917665934923812,0
0.9927948288331385,0.0008534757088618505,0.6553058011148849,0.7100842833525703,0
0.2407296452419908,0.715575902551012,0.3402796424732415,0.8848671476057772,0
0.8745527842030828,0.17122568646240133,0.32251521106191205,0.513820599898572,0
0.8308553651402841,0.1044867892307142,0.42442579700410477,0.5810464340899764,0
0.22471181950301616,0.23759340865646816,0.1454613037947894,0.16273730171941558,0
0.3994383649324811,0.3800558281089934,0.8312743275545174,0.2204657208560528,0
0.40978169456615343,0.47611423842063516,0.34866308954385516,0.23499477542181904,0
0.97849667409115,0.0445416064220181,0.4001328963648163,0.4306306068876664,0
0.1809334540875296,0.9710522900753453,0.8942121677316877,0.9281968693709848,0
0.7993813236577978,0.7164025551936986,0.4966411853877162,0.5217032366335927,0
0.33427934466503656,0.3233182995279904,0.5442880809919686,0.19190806510059286,0
0.7310736184958067,0.3188190275202194,0.9566777051828979,0.2659224049129555,0
0.4201228694762674,0.4487354666813461,0.8868813533261175,0.38388834767666913,0
0.5785181904184088,0.6265351097788558,0.16936868378353864,0.6232107022646779,0
0.8328449628997044,0.14640041397293935,0.47322414438359317,0.4399248300549399,0
0.8043903900094042,0.1889804795778396,0.9714810274923735,0.39232092487192205,0
0.8666663152877129,0.8598526432156444,0.37233984084384986,0.5646611445164272,0
0.05962321751791501,0.25634247964066326,0.3715463713537517,0.2416617155256409,0
0.6922424108805484,0.38035046511565884,0.1949412235731387,0.07867659472244007,0
0.14001690154049135,0.8716963974128786,0.11420563849993925,0.02416977901973978,0
0.4159292004218989,0.6634583369492661,0.7404081144080052,0.25108897266847574,0
0.5487380881539415,0.34184626014625685,0.7701442773377849,0.09136951483400813,0
0.4028462712732441,0.6840213143259088,0.9691969582029714,0.3361983319021028,0
0.5197528283527033,0.0196411446710556,0.7735332144823772,0.7729343205299415,0
0.9968076970984374,0.7359928901821684,0.24328053027860363,0.716276548003739,0
0.13524543590453447,0.4872300388897832,0.03997292818270637,0.610875307943563,0
0.6756430235969547,0.8135748642321499,0.9856271723704495,0.8525271008458245,0
0.3961057714648016,0.9551078777007262,0.3404129807337952,0.2819075307576161,0
0.13303727198389814,0.9262429676896424,0.311923782318587,0.8850912789216892,0
0.1587718014109593,0.9097104078052185,0.9061169624148135,0.3991174771026619,0
0.9495405998400785,0.5123977370757933,0.5851484775800841,0.40077216782255354,0
0.879848503515194,0.3602865935565003,0.21478916402573844,0.4052319243210226,0
0.9072970360294,0.4652372790502728,0.8892520488056448,0.09787397797254152,0
0.9918126957892812,0.6902211671848555,0.993553437860264,0.9755576635124347,1
0.20836500653661055,0.8844292963433693,0.08655133461181919,0.13829963411974103,0
0.3555322153810896,0.20704686263686956,0.8623979656302367,0.3407449074344113,0
0.6694041742040618,0.9186434148587628,0.39049564204320575,0.3191524289988569,1
0.48393316280883225,0.8155740437426946,0.524099499645061,0.07445137065430417,0
0.418500921768807,0.9793395110168897,0.9149808538424722,0.15205749386181644,0
0.3579048248083741,0.880681240178796,0.9735647305535622,0.044620500604908256,0
0.593943593719539,0.2800378619168624,0.2620985819071677,0.2922477875279553,0
0.5757510425070851,0.10596111266131736,0.21276804849028252,0.8666884206352804,0
0.16149367222603378,0.11224971718278098,0.08038715856127965,0.33930091561095277,1
0.4718669134542356,0.29133003481745057,0.5618382124874088,0.12347983298523244,0
0.5536228852512347,0.6144674022745278,0.01345139384006444,0.6456529476560805,0
0.5704429922361373,0.804708187322535,0.4118857841423562,0.9966749958584163,0
0.21015733631633982,0.8996901838838314,0.07325210079724087,0.23214739294788514,1
0.7424780174257982,0.6240423062330418,0.4052109159002484,0.27941009335434297,1
0.025194866385643416,0.005581542476182477,0.03978847412120956,0.9719130253779137,0
0.35492455493143193,0.1863660105508611,0.8353540622441713,0.17858234157414543,1
0.7804304302561816,0.09972799168156854,0.20965517386795796,0.5111290729894069,0
0.5640470944126278,0.36347069872108584,0.32826671276860964,0.23947813818694205,1
0.2612275886012442,0.5015728466627198,0.8701970839067172,0.9324049250520113,0
0.6951458306774005,0.04336810163304161,0.7463714876722847,0.9815901561691106,0
0.5675461460996737,0.3486160639968121,0.21895782168920874,0.8147123139163049,0
0.7964661050474571,0.179224997973348,0.07176697914817254,0.3146344442681569,0
0.7352296806316013,0.6473718642570718,0.7157684125375283,0.40336717503256514,0
0.6102756848178164,0.4644739055922198,0.39068256095461606,0.242132558498777,0
0.48830958475842523,0.4955361940672134,0.7661924143258361,0.8907973623714684,0
0.13320964941641605,0.4278732804365921,0.4452940386730191,0.9146054732462278,1
0.2613982241360402,0.956490693462209,0.3459666563909707,0.4187554036073865,0
0.4192110700637949,0.2147999306269428,0.4512067593381417,0.656495701561226,0
0.5994638715314515,0.516894503582507,0.7486652207820654,0.16535490012269624,0
0.5138472717589075,0.7363678038528221,0.9023807218057129,0.434825906866084,1
0.2882576278399615,0.5570966730776865,0.04962695049531618,0.6314535338249705,0
0.0064546204440534966,0.9294770750294408,0.5241386081549919,0.3852768913928294,1
0.49637350182933515,0.3781226027213904,0.03268921073605924,0.35746418634987087,1
0.285698338110106,0.46387701516163915,0.46841696447607717,0.0007467824429629316,0
0.73481267256801,0.08851796401449885,0.8854372901006897,0.8043045216928189,0
0.02394166844314885,0.6092799484991325,0.3615600080617227,0.8893765418838373,0
0.5849881405236984,0.28831703465623804,0.9326215192646004,0.9695287194784009,1
0.9417394378594897,0.16034402293884398,0.6306731026887462,0.7192545782711962,0
0.17444891361508624,0.5447768060298452,0.9343270433455118,0.5487196336074428,0
0.47177654012011383,0.5325490801473913,0.7572758966520468,0.2691202365508035,0
0.09143723608603473,0.07586035824773685,0.10331385058032794,0.9993744441809346,0
0.625854254542179,0.698545175902991,0.23107510016760102,0.5896935999742784,0
0.5506819251086459,0.6240611228193256,0.3941516880657687,0.6811247731536998,0
0.407473671016473,0.18906799648690242,0.17000908271212012,0.6823772731322051,0
0.5215186931196384,0.4696392271442784,0.49492837216250507,0.8452762771531468,0
0.8968266561951488,0.7206647523905385,0.4713766187286126,0.00942317164800928,1
0.19634038406347043,0.5296729822504913,0.9564386941577894,0.2200665858407976,0
0.0225595085762674,0.39565292351989,0.43372306926482906,0.6654995817484112,1
0.861906617279294,0.3224622234654797,0.7857461141388598,0.8951865702129276,0
0.5772751442821068,0.6106754683298634,0.9420849798558422,0.6853108542205433,0
0.8909087135408635,0.9395704151116204,0.8771403664788266,0.4133742698467714,0
0.5971091157307606,0.6720600586499188,0.20858342654240403,0.3614214530436891,1
0.810387677956799,0.07473400382639461,0.49604705608783917,0.7379373224690162,1
0.42978806973222017,0.46088454408203994,0.3477046385278868,0.7412280894691725,0
0.7500687878558084,0.891259391397103,0.3998419350030815,0.6070044094478184,0
0.913298306646562,0.09446132940898266,0.3607762915483761,0.29131001082319397,0
0.5722795571062606,0.9893646981418422,0.8264928873562027,0.9252054868062243,0
0.18082667188115653,0.9495365682832562,0.45214073556862644,0.5518082752806333,1
0.268865016230029,0.07826451435894288,0.5237212520127557,0.7904988910576115,0
0.19869134974313452,0.9338719165409977,0.9826360903910256,0.21412596125834207,1
0.2469179772117286,0.3632787082704212,0.05984262815074004,0.3439010056050047,0
0.30649391199635245,0.8451191588534837,0.4879719543405798,0.8746136095047797,0
0.5552853845052965,0.4185597296693162,0.774176937500151,0.04987091454030884,0
0.588152888995851,0.4410438177821554,0.15105747654352086,0.512230677703077,0
0.42661352042375444,0.6345377605428135,0.611589496764978,0.4816108143763327,0
0.6155901048371341,0.7748489284597166,0.2393914444860954,0.7512238561296759,0
0.08158727437104484,0.03375480940606401,0.8675522679616066,0.2817336198346435,0
0.08780241282907152,0.5934281519404792,0.327057241350623,0.21888608050282685,0
0.17186834827446618,0.18678245619083444,0.329021085303701,0.9261838277204563,0
0.5182181994682789,0.34608622062795913,0.5982470761246574,0.5716444840110567,0
0.2140459652093643,0.34810647528662564,0.18346985509427327,0.10447134149397,0
0.28335606450224904,0.4692644999968536,0.2848313259770876,0.19284688969846495,0
0.4004189091484709,0.3342666417995934,0.41662100629326204,0.998900872576529,0
0.812093213369172,0.10736708973331766,0.3536047997715457,0.1954205669441832,0
0.013854573868383957,0.14565567806431812,0.5249045550068274,0.6104230483364572,0
0.6495581305436648,0.033403451602300294,0.5996938518094694,0.4200132324564767,0
0.6690615746088003,0.47045389646223246,0.5667095312045731,0.885636799469178,1
0.7988789852415135,0.954917816462638,0.6542412531703903,0.7551635502696834,0
0.9330155749341744,0.11568575053907626,0.3077002672807083,0.596894500918296,0
0.020132132265103186,0.9467301307312486,0.12631302060415805,0.010489964109787739,0
0.1538172871135638,0.7337104949783253,0.7609180969120359,0.879831009975591,0
0.8864202326945899,0.6377952564254361,0.8509226737654174,0.4445606667179568,0
0.45864175043445965,0.6455784711929624,0.25693908447971125,0.9316304264221724,0
0.5647450174531714,0.8271277874292045,0.4070777473745366,0.4954488811199148,0
0.6632105273088014,0.10692559388291034,0.49858727447998064,0.6941994736394703,0
0.679254644433534,0.5049780414059093,0.5333571601464939,0.06906282186662067,0
0.9320027414563521,0.6974202446150315,0.6595649894178734,0.7451433285993891,0
0.9972309301256905,0.5870891300025329,0.04146010762964636,0.337854267223469,0
0.7203575835492093,0.8331825258563601,0.7215737653862035,0.3512216297610006,0
0.2872940278243066,0.07225845349792337,0.06183506547291984,0.118442195157763,1
0.8799994534712464,0.6910266444800088,0.46829594445287626,0.14665274164383416,0
0.04922374967117009,0.5342674882164244,0.8278052754990384,0.18556739872778039,0
0.231137163539319,0.37931576447984217,0.4512166678978957,0.3280611960019856,1
0.8976379536800542,0.3404085757090849,0.148984536203848,0.8920097053351675,0
0.2562552088416791,0.6211199542492754,0.9852234906683961,0.3681283927824628,0
0.22070430342768455,0.8914307283612404,0.8894413349060315,0.7243475683696143,1
0.13815427041719408,0.4963949435175854,0.7714278944652548,0.08252208591700086,1
0.8593527394854411,0.8251222047781273,0.4114989530348083,0.5910399858274085,0
0.5001936620995336,0.4023238824457138,0.18375277362085285,0.4817966266800129,0
0.6750800158120883,0.10239771265996289,0.9415854402849888,0.9780259208052385,0
0.23912504286859615,0.06148658186733513,0.532381099751376,0.846232564581138,0
0.7582516830346455,0.051309643462079,0.8524983070912313,0.45472629886013494,0
0.7602173848261145,0.38030558451986796,0.34205787093863194,0.7751442682555212,0
0.3126783055270248,0.33736968009854174,0.33524878137066594,0.19284946962317612,1
0.410791755202826,0.7182775522148717,0.9857303050394535,0.5622680874775389,0
0.20974029824106355,0.7431756653107016,0.5218593117419559,0.07439097361856337,0
0.9768365408722961,0.05082897774170103,0.14058725040965214,0.34795057599321966,0
0.6457807769690475,0.2211915686933219,0.2195943624864256,0.22568366734284998,0
0.9348070432120237,0.2743592725769535,0.48195647288111587,0.71889289002812,0
0.30346311533701026,0.5478591852937686,0.042328090813988695,0.48999877387420554,0
0.7821091882075918,0.1445415533096286,0.46253933237432676,0.7510640937270227,0
0.7660722048402513,0.13396175491125462,0.4189308126927429,0.5152117807696746,1
0.6918473935874809,0.9442531704604784,0.7794533563411505,0.08626024890435047,0
0.9659112812108104,0.8045907041850038,0.35490936110958415,0.7353561182443293,0
0.39365942205303456,0.18070103377134306,0.9827375306514341,0.8332498051789313,0
0.1307441225687554,0.40673772569209987,0.18067588111879473,0.903574807519691,0
0.6718947356523587,0.35576400193560875,0.591037340418886,0.5719268698767197,0
0.7295126143217721,0.7913846388196566,0.08957313595773542,0.7535797980928353,0
0.5752180306408664,0.5104396252851231,0.7339650358136254,0.7520382709290339,0
0.20686706932566556,0.12786693475433175,0.9949467621542567,0.15554826722278287,0
0.5045926377071351,0.7393441285899467,0.8192697680577652,0.16402197110316097,1
0.3122698971315221,0.39705259207183996,0.5557417509305154,0.07065620024392971,0
0.42758058562849083,0.26301545775494617,0.4847545374869071,0.3197659448171515,0
0.6453966628405462,0.37565151584166756,0.8351666968371205,0.4734112358646888,0
0.7454222333503849,0.49797644711360434,0.9361464257782828,0.997972361610625,0
0.2322813379093448,0.34325066632668033,0.989397643268596,0.4308820564563738,0
0.40543290754476546,0.2419854659082068,0.3965212965717555,0.7262280664169367,0
0.26922907921194916,0.3986675270494091,0.9911091957591864,0.6933717395406956,0
0.19867838289584439,0.019130560424602372,0.15582345101384476,0.20429642892043695,0
0.7836059351924831,0.7728682705980754,0.253481409011286,0.0582737890638723,0
0.9095084201130846,0.17098570477195718,0.08888972271156348,0.5459331598452746,0
0.3703294135077065,0.043875814727708295,0.2716765651840092,0.7002825697617531,1
0.7514881981932549,0.654004022920236,0.7680506220304935,0.9983264150403598,1
0.8972474107761846,0.7743073414141799,0.8530674055465681,0.3584760444572831,0
0.8463613734076966,0.8142222030473629,0.7790095796483811,0.8964057949211915,0
0.18285550625713692,0.4937267388688831,0.6311305705091854,0.3818050912862604,0
0.9565614389640074,0.205427857699366,0.5139900010472971,0.6893851155704015,0
0.3767755631722185,0.7375787759106878,0.7087964665845945,0.5981964617319036,1
0.33932877600401823,0.7000436201667126,0.39081360574017054,0.05274361908039614,0
0.062438046902417846,0.24635281914482388,0.8414473016140036,0.07816158037517228,0
0.4863049742742511,0.9038499107863514,0.6772711555090396,0.020518357615337796,0
0.10903403269000879,0.10437579121906548,0.6978930313092349,0.3707030826859935,0
0.2486012653652805,0.9831738352486568,0.5359672308347143,0.745792936668184,0
0.3170241799056235,0.8606663169575883,0.885383426222532,0.1725594747566348,0
0.809052519003493,0.6882227149237208,0.25194582531093346,0.6057989903974041,0
0.8757344478254734,0.9392114084758152,0.3811242933781571,0.28866990178419516,0
0.30254361887281517,0.7226540936730235,0.7777590632908726,0.7970012891538089,0
0.8589389814541799,0.19050849964360062,0.49276490067417456,0.798405274162047,0
0.857471366157048,0.44234555607279535,0.8893698610542486,0.775416108238903,0
0.7648641562206356,0.07148934762720227,0.3463637031804154,0.5247529829013088,0
0.14672661123002856,0.38981807424377735,0.36930264051670747,0.28440743533107027,0
0.6905141967131566,0.7419565158113954,0.8888914683351956,0.8094567898198759,1
0.9452903087532178,0.3866022417769148,0.46437631489892084,0.18590901638420423,0
0.6827295401905158,0.33042230008693174,0.5161488339325757,0.2896020291724858,0
0.33170272217202695,0.5956290842361085,0.33272328913719207,0.1837554550393259,0
0.5007148735553636,0.8726295865107447,0.2766097303148243,0.6741785854476954,0
0.6459032792726467,0.04755640927376259,0.6560222800077185,0.6862083944740158,1
0.5107089027125304,0.3856287924487436,0.11972513209791202,0.6524713059416679,0
0.1199765754660015,0.15827459194109128,0.8794249822442808,0.41548513679615284,0
0.312144168254968,0.6956824053806878,0.779320180829032,0.09995129952098586,1
0.8026203352512552,0.10572963498261245,0.19065774513338596,0.9112156694796238,0
0.8616597060933355,0.665119175666792,0.6941069436632006,0.5076448280074601,0
0.1373287673264157,0.2862848240918856,0.6026876846529348,0.4068530367278528,0
0.952655161554324,0.19897295179985974,0.18444234060982723,0.5887653345650445,0
0.3289076692749461,0.9368127644342055,0.273142071487932,0.1926010827701016,0
0.6624968525234856,0.018481871174278908,0.408972963204306,0.13233968275455232,0
0.7520345803914829,0.4379642905054393,0.6993315752915521,0.40540558905081325,0
0.8121733475530379,0.0215859868193915,0.6387909021948488,0.22704262505272113,1
0.9460161597708108,0.48380517089266917,0.5322647798964937,0.24411781979602834,0
0.31299992319074815,0.5012690644609492,0.7685237803623579,0.8925514578311927,0
0.8587472584019703,0.3217858663809663,0.7580472828367988,0.5306805883332385,0
0.13171398751813057,0.13218133801371224,0.6179192880996993,0.48337497684409136,0
0.7052365839806121,0.3765409186254942,0.78710987409805,0.6894530231168765,0
0.7421842683365835,0.6725784419910159,0.3342234775478232,0.9516074320999073,0
0.6779108861260509,0.7827716566090421,0.8814025666811247,0.11198279864198857,0
0.2523772905789271,0.5309885645592001,0.6149691796298242,0.8335552083589114,0
0.873288225349627,0.5901047308239864,0.8224957816123677,0.5839580461839665,0
0.16889647767175392,0.20067344043816426,0.546313990768077,0.14596072009006858,0
0.05363892454253143,0.28743491635496277,0.2183574933597967,0.29699416770185094,0
0.7176643215149164,0.1619314628168036,0.5424436499722205,0.4822669659704728,0
0.47560388969555667,0.24937909234611588,0.37108476385112255,0.6911511303125846,0
0.8493360572785822,0.22495714820134705,0.697587261037178,0.2424339905432825,0
0.3834982400089751,0.5196805558758149,0.47580381579351183,0.5348015767647893,0
0.16831643229808152,0.5629442180671571,0.8362499224437911,0.6846434810651454,0
0.8366765083701789,0.9454123368767036,0.6781538851050257,0.4486352816833026,1
0.5490593991923897,0.1956249516746631,0.6846280886214657,0.863056267732803,0
0.18923978684076626,0.6419744523360142,0.21707412934745207,0.8694915178189419,0
0.7205841878176383,0.8176542199422467,0.9844391355897812,0.4705929424131887,0
0.5112522922091022,0.5604955850969198,0.8418142887856348,0.9729920350194258,0
0.6044790410319776,0.2550905226344069,0.7891253859442955,0.07535732705941653,1
0.46102222622218625,0.26264123520460014,0.33017390004580704,0.0031109430633626325,0
0.8289410257844895,0.03922170540456271,0.5356627832045007,0.3805404849009655,1
0.829795008687602,0.30555873495349584,0.13699374755252336,0.601041524708679,0
0.709585777946854,0.7449588192506873,0.5385081102835656,0.6291538311549352,0
0.10542073227444344,0.047490938080297695,0.14578290502230828,0.47634934702392906,0
0.8390888869507299,0.21936258669051067,0.5530751139424268,0.12467170464862037,0
0.6711986523195284,0.7065666137782705,0.648792900241709,0.17030086256998672,0
0.6972174863255902,0.7830275509247118,0.39017579883185505,0.8521747253704034,1
0.3630779365721873,0.4555150401215933,0.4985629272628813,0.86794303939344,0
0.879526468294492,0.6984039835649876,0.8758044521354336,0.6738668607911489,0
0.7255732560598807,0.3881118862384918,0.10844363739948193,0.6641831225488359,0
0.11261193534379545,0.1599480115768399,0.7918543566195169,0.5976254721706866,0
0.40788630250756275,0.3983147986011062,0.17065698014515363,0.20273985439498024,0
0.8866293620747185,0.5802327503233791,0.03656313040260528,0.4281385157883054,0
0.04719894161223555,0.9485198997251789,0.18548225929402662,0.6958701832908127,0
0.961687684011221,0.06873576742122722,0.7651552394697987,0.5371758111653929,0
0.6793506364754212,0.5076192581139134,0.4051111711377189,0.01833388625274083,0
0.6315499942522165,0.3290471497460068,0.8726704762657391,0.9536167834623457,0
0.2706271756948076,0.5085373613331461,0.5247348183342737,0.8448403911598017,0
0.24885330726763943,0.02393572854016135,0.022100399959128936,0.2603778666096481,1
0.9423235915606998,0.3131440170894466,0.7168086120589265,0.616408433126672,0
0.2983485224487599,0.8202645279835767,0.11011399038510916,0.923289424388827,0
0.7757216942525935,0.5541924033115295,0.7895002670287639,0.09578994105707891,0
0.3932257566728859,0.45077652789009903,0.1680040435275103,0.5029418039511683,0
0.13928337997635581,0.28562866567254286,0.34541043309963015,0.45614001544043103,0
0.010706810329688149,0.29815297552683884,0.7613821487311938,0.41008690660550595,1
0.5444057365700671,0.3832584932755356,0.9544101383371384,0.8356099233240296,0
0.9760541060926469,0.8359756944407142,0.371407164399848,0.3805183605459532,1
0.3692330993582161,0.9676903231180027,0.8295349700198216,0.06343166071685023,0
0.3572857274750642,0.4388428811151668,0.19070176242394155,0.06560678227012416,0
0.3441811590932862,0.3935155155599208,0.8073066823192647,0.04250607820087249,0
0.5206852639546937,0.8469617766835968,0.6575681735083023,0.40902697593340775,0
0.44078282183484774,0.42708638210461647,0.19265369241185226,0.7183891873743485,0
0.8801617256056723,0.5522677877614282,0.3024528607864383,0.20353669168944358,0
0.5056578008782007,0.2310153502715222,0.131659567240888,0.646427853584326,0
0.5078955051421123,0.743857072668944,0.3829442928140381,0.6870611178376599,0
0.13840064442196792,0.5322269586325312,0.2035626728341029,0.2550332254632499,0
0.9830168752399486,0.8094249945649254,0.6440673074711682,0.6005019426147815,0
0.2500347566979024,0.7811076667304544,0.9946980906311538,0.6848402581457449,0
0.07337400183361921,0.215069721522946,0.011855598795619926,0.466514011204192,1
0.6633296075658703,0.7159748180871395,0.5409528089099851,0.33657441387628717,1
0.5955297982159635,0.800439931721086,0.573711143775121,0.6191019319994291,0
0.415256088527272,0.3462440299694203,0.914373453588702,0.9779150248462075,0
0.4223047404472789,0.17265083599448516,0.5060260151866416,0.42672876302338447,0
0.7852831292735122,0.002580741957652677,0.5437353964091969,0.39161094437086974,0
0.1957585508154961,0.45109786414282294,0.47166136475708953,0.46416652172570105,0
0.8204828745408062,0.35257298669815995,0.2688413535641274,0.0759908356539542,0
0.6489262384501323,0.5551610337403812,0.055891095896107856,0.5530920334280586,0
0.4190813327884739,0.18809127143819726,0.4086440256967947,0.3285525756373857,0
0.4581516607638333,0.8600837346028145,0.05245222133918048,0.12120937938572168,0
0.25671103558391883,0.25784359344549657,0.5505288416019951,0.4661570125568091,0
0.7523238521665324,0.22650081843474457,0.30724423311733773,0.0031325583961842804,0
0.5130139138737623,0.4809246017658184,0.5336328161154071,0.40166438703437624,0
0.32093725118036687,0.4990715069465095,0.1341865340486521,0.10551738384917236,0
0.5962137448740058,0.21515022612532686,0.9328011272531711,0.02404812774097448,0
0.9960156075073212,0.2719568334788933,0.8946789631717564,0.8244927183717916,0
0.4353786294427724,0.16974537110673005,0.1899057254673977,0.916296552885165,0
0.9209504899823816,0.7188009935714401,0.34340762439688177,0.20749017338798223,0
0.3451066532280258,0.770458135876356,0.6135513657580631,0.5392224735395146,0
0.05473716278641423,0.46252896860727244,0.09556215798721013,0.2777967165278883,0
0.20429052515598856,0.7144254417182196,0.354535085766841,0.4934866640613176,0
0.4188066215821239,0.7362857825069895,0.25104306013548694,0.43652188304553785,0
0.21968787360930225,0.13829843811821618,0.9156818539671434,0.26888669530800946,1
0.0002154668018270467,0.9666545739294605,0.8526535377273419,0.7003705859191021,0
0.9152589538589684,0.8214289652421911,0.5798794624448789,0.12627987761016848,0
0.8441159140298562,0.20454264943220668,0.5203720757185977,0.05283763875261134,1
0.742498862788192,0.18621418663397016,0.9308962844107853,0.7676744899414912,1
0.167852303000267,0.12567714412958964,0.9325988731777457,0.6658957425923263,0
0.12038733069122727,0.13840152943897,0.9695142319224885,0.4984369713931278,0
0.06761299033099412,0.748518888902665,0.12526530813343584,0.4676905443394027,0
0.7242304498646625,0.4698587421564495,0.16045664326882303,0.4973218613972804,0
0.929069436549109,0.7833103156942167,0.6768176002883735,0.43691476696969034,0
0.4306507808939499,0.7466109393599831,0.5414676537670502,0.3927685231717586,0
0.1191640668848636,0.604891147481621,0.01831461805764434,0.4996018317733276,0
0.5125318505925707,0.6866898365620759,0.06183909590415482,0.5284358468677862,0
0.34892284257471706,0.018312926286956355,0.8882358300290178,0.6918765374822342,0
0.37492350265832397,0.31189562552719696,0.8690194676116718,0.7111877110071791,1
0.621501686949369,0.6381188099406314,0.3572391400974979,0.37750030519023436,0
0.7189178126433005,0.009297218056631529,0.8912071123762217,0.4134235172313854,0
0.11062448345348412,0.03294215710175763,0.5937266781103148,0.373567106161529,0
0.035589057862848314,0.8523019077886902,0.8060321097208174,0.5364590779661456,0
0.9946110452545298,0.6843468085461089,0.4274240364873023,0.45324958052191067,0
0.23278514402313893,0.26546228321584575,0.11328052553048451,0.8896354778331612,0
0.053834715485152826,0.6882869447379925,0.43372224872554455,0.6963369516701372,0
0.1899195233626781,0.7928380298245266,0.4573032987651473,0.8986983677047908,0
0.03895766364514118,0.30690953126145626,0.5509807253110637,0.7091168633656206,0
0.3919144676145202,0.03600426784417632,0.10546215432884765,0.9710578394383732,0
0.8026260908408686,0.9332373732796677,0.9915937548700384,0.6356925942401753,1
0.3413331537977436,0.345316119324246,0.24406513370342964,0.9636133900701068,0
0.44430237990338173,0.10648725273586557,0.19846463767845535,0.15796919099484874,0
0.675773790268331,0.49207352223846534,0.5268309350996461,0.05224234237509044,0
0.5090320711300315,0.7688360119509641,0.5372398658321984,0.5790624475864798,0
0.8616873541466047,0.22171590756935178,0.4398180733032362,0.9835629937487459,0
0.8662786928477074,0.2695848579042224,0.7720066116214284,0.4174895739429286,0
0.00990197153388793,0.24279512351367494,0.5166788373381337,0.21186031900240523,0
0.7782634511953989,0.9921635716032711,0.6097527096432387,0.5214598393685449,0
0.46085743981642435,0.19745904272021164,0.7238438684993369,0.6487587213884235,0
0.9891196696196283,0.5757827100786734,0.024876128319718305,0.3150294533871476,1
0.4833625310798787,0.9257187727833953,0.5706876626903892,0.7147510762294164,0
0.9871745018999019,0.14692420310817766,0.8843485483413289,0.9751815490015888,0
0.7547796025712913,0.9713333092122252,0.017237076148099106,0.8970045507196716,0
0.24866634818300148,0.947943536630028,0.40516722136516137,0.2914283990253015,0
0.5385416550277481,0.8850038211616216,0.9263963533935353,0.3265782247127521,0
0.9924157367112729,0.214621228971704,0.3531211683853215,0.3714104542960961,1
0.8577711246566294,0.6343496225448835,0.4587328290214998,0.3944295499325312,0
0.09738388614610637,0.7612555378983048,0.9817298068322771,0.10009984017885981,0
0.7065680658413795,0.9865153537937008,0.19923636520340438,0.7619600235762729,0
0.345669564648541,0.18046982714418736,0.06512040603105618,0.3652064608573712,1
0.006972676823305449,0.7663927778001591,0.8595679303173469,0.8798557873053221,0
0.4035879735853144,0.33893395584543917,0.8686138702708561,0.9269918768065603,0
0.23481181259502948,0.17566984198026958,0.47208654802852124,0.024186779074894013,0
0.8190984191398443,0.42155497347690396,0.5142307478893855,0.9885744997851599,0
0.33741816202905617,0.7942180285725629,0.8359433790466113,0.7100028935943878,0
0.8277553873882953,0.46505165636976553,0.7386622061597876,0.5203102395272903,0
0.0005864764809171835,0.5377647732782371,0.2650847266313292,0.3894027329871793,0
0.30789802542668215,0.9956518392769373,0.016741513558585552,0.5184355319379851,0
0.2412244902579676,0.39927513054914776,0.47971156446623553,0.32447857764414767,0
0.23362440288596648,0.6156850998557513,0.8590574855686341,0.6226393530786315,0
0.06819503172181605,0.3653914766569448,0.8959928595924396,0.09275821210996602,0
0.18716765573420857,0.392948012354986,0.9564056815663093,0.6210736293194861,0
0.5557012898978881,0.6959690650797477,0.8797156811747229,0.27518255306309547,0
0.2914351087751407,0.9383480234690991,0.5800903508354551,0.017388071374875268,0
0.4175058782151564,0.5426032733102355,0.4446046224454392,0.5526343699763416,0
0.3769660590884039,0.7687681080489055,0.7749653550845252,0.5783847962179867,0
0.8761508448341478,0.0892025825393219,0.7399247875963653,0.42645626908939305,0
0.905553562110739,0.21122088291755503,0.5381754464048925,0.07205738605234442,0
0.4930902864455632,0.5023539216942678,0.0872003748713368,0.893383195357072,0
0.33024139380556367,0.019969832920339492,0.9262501984403286,0.6113786572945918,0
0.10682047034940585,0.25294067155741384,0.4556054396040139,0.11549868564221558,0
0.953671587327708,0.5176319374098117,0.3633041385388651,0.5108454892145029,0
0.060233016330908426,0.01491654017665578,0.6296316589933895,0.49716474637910024,0
0.29772616283317055,0.26463838512427973,0.6739178403188077,0.060169127372612874,0
0.2981422087363593,0.514259620254311,0.2106044316684148,0.6068060555588556,0
0.3204838612915803,0.5734104419514647,0.8370762536908245,0.8083387785713998,0
0.1643235132984423,0.9262060910553638,0.2898815614516792,0.7490009931986973,1
0.7833800797275376,0.6456463763073765,0.18659197374910974,0.20278339712297735,1
0.12252224402949201,0.41491019586548017,0.40638539994900924,0.8623225957956206,0
0.6350817139515145,0.9308080953619866,0.7306599673484939,0.34240189149838496,1
0.12387080519434161,0.7852601941681767,0.9656409192788757,0.946566045017269,0
0.07054474027308795,0.20006565758174322,0.8094089177373647,0.07151894131835444,1
0.9096852813523587,0.13086119888017844,0.9405222616594244,0.4861154989114078,0
0.19017303510814898,0.676129082263965,0.14049759901431003,0.5970675385259353,1
0.8214800032730478,0.5601370905659007,0.07104410446842735,0.24747872485892095,0
0.5447793804988704,0.7900534495382017,0.5577436779972587,0.7713804598026639,0
0.07786777497894236,0.7391570130409493,0.2902420779516177,0.6268485982579377,0
0.9557175008034116,0.6255012546958101,0.8281892482880835,0.017862835156229953,0
0.24702214722985977,0.9868697913293527,0.6720670979815893,0.6083154371673044,0
0.8598864840914797,0.5338292479454285,0.9709127636795429,0.4913867718248076,1
0.16884800583707144,0.11311487548580246,0.25472442709940424,0.19584091011154572,0
0.8541823440833485,0.8286745509141706,0.48579766224870724,0.9958220314082907,0
0.013221064633512386,0.2519385063175754,0.5012594771616392,0.8972036890799039,0
0.5119193063655438,0.7776752051019455,0.2391033582296629,0.29235102281924197,0
0.7696571942258129,0.9575786747947701,0.5901437398547955,0.5409957114656574,1
0.9350587539825597,0.6971244583350362,0.44328454382826976,0.31635333152064093,1
0.9094578470160376,0.5963038922255723,0.4467213255496745,0.77549737153266,0
0.8198542403493309,0.4605855825524845,0.36270679397112104,0.9303837981701569,0
0.8884408822930256,0.36455668387337337,0.016777523609761147,0.3586936703907706,0
0.1992666277923858,0.3531453195619356,0.5221215926422502,0.8055957300949163,0
0.28425622133282497,0.6366685421701961,0.33520828571273853,0.4983183510966449,0
0.2890418573347451,0.7516319116188326,0.0011625343163998991,0.3964559967704936,0
0.3771531647447679,0.6788359984136898,0.30789452683082885,0.9384768685861731,0
0.39342468732894326,0.1984659616094966,0.27856881199857497,0.5103194289875069,0
0.5447038118321337,0.494204998264423,0.3934291319322867,0.46731114982418986,0
0.15991513749984776,0.7920209854243989,0.13174069689359413,0.6724022450441456,0
0.6914382852448394,0.47591187831656523,0.5077050970998229,0.2610672793888885,0
0.1676041737182966,0.5368644597654884,0.6925267931950145,0.32464677956161925,0
0.31038808948800045,0.7715057264927117,0.6302500509244666,0.9320987630822613,1
0.5034815000122644,0.6615747823099021,0.8038806516660344,0.6784996862091098,0
0.7966631150278906,0.4095163603527707,0.4520099223084486,0.826655528494709,0
0.7396750344432429,0.8958504853346323,0.5191170266558984,0.2709480775287815,0
0.6457125362610192,0.16260328934513701,0.8105299895153095,0.54371587179667,1
0.155807427205023,0.9960090733017903,0.4276942314171919,0.9714620903478358,0
0.5471945649784904,0.118864846358405,0.7016890211821405,0.31855581223216367,0
0.08746057708425921,0.014905306872818436,0.4345978635396932,0.16027653285147175,0
0.37746250147279886,0.8904537198194937,0.4177257402150829,0.5108009062384032,0
0.41362648578406885,0.24503487165049975,0.7603159676990927,0.38769565405323014,0
0.03981150773969533,0.7300466012083406,0.17474078456642417,0.15937699460753588,0
0.2740570269208937,0.811406904624377,0.33854759939747225,0.888590054890866,1
0.9559188358165698,0.859404205833207,0.22409354765330392,0.990796068258006,0
0.9539013833264718,0.9920847112488929,0.35907880973738315,0.568515987760692,0
0.35241901710922907,0.2941479694850928,0.23029828106417938,0.7746781198605296,1
0.04310114426865287,0.7105796548644259,0.5794522016123125,0.8590673692854729,0
0.17913596364388107,0.11541023428883257,0.7982945370482,0.7009592051535722,0
0.3923214860786343,0.4069793414612466,0.7867327189460553,0.0439179833671768,0
0.9480467524301119,0.8483834727500108,0.3644717328656739,0.15743335674812148,1
0.14122894464988667,0.36780664373607497,0.9889513660071998,0.07075991956750907,0
0.763728715728219,0.5913664078611554,0.5939060316583493,0.009630307306517191,0
0.1087028590714887,0.5039966241043565,0.3993833799574418,0.3058441572714464,0
0.981534475952567,0.6462526161683266,0.8356761944607882,0.392232012046256,1
0.38171707446581116,0.9733746186292418,0.7299736571003734,0.24085618899433067,1
0.7754508568168798,0.055713210196866036,0.7493818246103245,0.06437328406401496,0
0.3426801828257871,0.5742231565446128,0.1960507327312726,0.5297842083052025,0
0.6278418037025065,0.8634488090266386,0.468331696754845,0.27315635904459334,0
0.19206090849151347,0.4815936234110465,0.861974318774287,0.7960455068975976,0
0.1460523182956679,0.07851735803725024,0.5040579941233645,0.0078027235227480785,0
0.9383283371893909,0.5607936369549309,0.6835360139451723,0.8425506396893584,0
0.917905471990233,0.332202990615035,0.5879833116331028,0.9548140479451621,0
0.887718260421617,0.15497382784247726,0.8424961076421624,0.7161172284729855,0
0.6256057193876606,0.8494468750795932,0.28450341121273937,0.7336319688953569,0
0.8084942426163402,0.521832460939013,0.5755204620789129,0.9336157354484744,0
0.06904559890170615,0.933734933453473,0.1231203357168198,0.20888726805607796,0
0.3348758477315236,0.8064052952278926,0.6902964309496298,0.9946389849586011,0
0.3137837303281795,0.6932986429854644,0.73206822135473,0.7734821630370852,0
0.6358205939532159,0.0049754011478855276,0.04269463075672064,0.7265562937737196,0
0.3560508039327209,0.42800502118751993,0.6758715316522483,0.36095638379917316,0
0.148538811575604,0.19754163587278573,0.414678625455295,0.5457038185787557,1
0.5966308271327128,0.9112441153140676,0.12398284793889758,0.6538795628121614,0
0.8146117503807137,0.174626789874468,0.4198978592921492,0.6202936321762549,1
0.3822242188975715,0.2861639387519528,0.19414364025133324,0.7049631494122037,0
0.1322959702609074,0.5170671059966372,0.41554831006400406,0.08215620123159773,0
0.19673439488922773,0.2634550698688374,0.38431679365265126,0.35551245405362775,0
0.23754149846191014,0.20992681408448544,0.738494285771246,0.4338897163762552,0
0.2999741390778261,0.5993747380880254,0.7743308429875384,0.2604621779976193,0
0.6429724448755165,0.0889253946789923,0.6070849682359949,0.17243130904450385,0
0.6011105531237221,0.0581467751271294,0.02253704417618252,0.13872047408625704,1
0.6962729042175858,0.3723964063879137,0.9311928735138224,0.3662509317007915,0
0.3625969393051655,0.7210064775612643,0.6863175313848586,0.4933508814655675,0
0.8242283084891613,0.555057901709981,0.03404971128647105,0.06274454250357277,0
0.20413603452902818,0.42305532237673216,0.8189639216786802,0.9465157448361468,0
0.4691670297921824,0.5660087047279765,0.200178993341936,0.7652415826772627,0
0.8011625977203867,0.3655988732729547,0.5792676950396682,0.7308387616863223,0
0.18019998482954985,0.9366064290443923,0.4666411632536054,0.17266464020975011,0
0.10988378058300215,0.054882119470017976,0.4198290696935132,0.603746117447742,0
0.8839321749334715,0.6737075994569439,0.88986974401341,0.5296460190025547,0
0.34301886233257656,0.8917181759617314,0.4373577595248719,0.9825382980170027,0
0.684059577312057,0.8042723312696163,0.07521289309462276,0.7476642710832417,0
0.02534441979145116,0.18408902189002596,0.94681482996657,0.5756980438271296,1
0.6902381570768603,0.2960356421852177,0.9207021266404496,0.8508389703582308,0
0.3161826222998024,0.7173879801366239,0.6845163057570502,0.15489256345785954,0
0.05574560589228712,0.08426387828483772,0.46789976521905174,0.014968979452086438,0
0.6099804375383746,0.8122536932578681,0.09273442656547815,0.6902070098297027,0
0.2408629857549841,0.7192480046529708,0.7908692348429796,0.09809114311810543,0
0.3869093437356594,0.7299535720507322,0.07534673713896467,0.11521893440251188,0
0.08059286872924902,0.10024344037468413,0.06846738194639101,0.7446722471578248,0
0.14719488596452124,0.7181009767092119,0.5374155908373908,0.27037097065116644,0
0.2980532169020285,0.6801377670462063,0.1600269211700862,0.6285847028119815,0
0.08977425597697754,0.8313249283653823,0.007575193778990297,0.9174550552526954,0
0.9110824530674474,0.0415658923540656,0.4231048733840481,0.31632571420001043,0
0.006037183127834592,0.0230704757868061,0.1371078313142533,0.21696278635879132,0
0.4839908587728867,0.37315862850160464,0.16041423283240164,0.10634527090246945,0
0.12327206061323888,0.1488169546207354,0.07677996680769184,0.13025258127723632,0
0.3077579236940004,0.5586375813720874,0.20500829516150532,0.06199055070718887,0
0.9263202275179632,0.9177986953039365,0.7155787485809881,0.08741856507886683,1
0.16173046104256894,0.39164138080021793,0.8090548357342442,0.4318936346183416,0
0.9661046825148738,0.8453605012182877,0.45253546365677266,0.32071766651116895,1
0.2058432522189101,0.00018815062385524328,0.5065746897640224,0.7065398418256629,0
0.7417725262531192,0.16855412303888606,0.03250875261676356,0.8702743296963611,0
0.5468263760268591,0.03038735396795378,0.06918291071832527,0.7847778635848366,0
0.8847271685397297,0.32827412871526107,0.2575007759594712,0.5305586278554402,0
0.5541445178844109,0.9086343707684454,0.5439324669645913,0.10222315287419809,0
0.534704766999857,0.0969523914051571,0.7396542065587752,0.7097473623166429,0
0.19550383620796669,0.6066891953981681,0.6050586607125439,0.3626950991820017,0
0.16626660327127507,0.4516904747047228,0.3921083679934867,0.08542592732129636,0
0.9167470046565541,0.9389295782210585,0.1182080086214441,0.8424899757391859,0
0.3279229608100237,0.12253341946645424,0.7808908327636814,0.33807482535499556,0
0.3721800267950266,0.21209117259087762,0.36375656774838916,0.2180678230710332,1
0.7600354448090494,0.029505299879708957,0.736155838780526,0.8714851327607739,0
0.33891147458245025,0.43412016305996115,0.5130019820630665,0.9021769920909086,0
0.9523307604331719,0.2779322786938607,0.7387647977796732,0.33882939258114253,1
0.738133116938981,0.8703297319161827,0.907451784776967,0.354665162907291,0
0.5975932772158294,0.6052194269522113,0.921196585801141,0.5795659549286958,0
0.881142547747328,0.6143743653151867,0.5351377252221994,0.7334293310536871,1
0.04960885668651528,0.5321492947113988,0.5115309862405866,0.06291736088385665,0
0.2571266427595278,0.09184780957634953,0.26561437667199783,0.5932855794624695,0
0.4651614390055856,0.44520967018083635,0.9359721111334309,0.9528797970687033,0
0.22703364385966984,0.9999999999999991,0.4579228864347584,0.2619272573031073,0
0.74411229288968,0.835634088245901,0.127478443665197,0.9088725313846915,0
0.919466684075723,0.893895757825983,0.43269974016910595,0.9502272069863407,0
0.42388309047161643,0.8236245797925177,0.12694026485373655,0.26898931481960375,0
0.34222156531067166,0.10304529793957329,0.5025511394340398,0.7541965070295951,0
0.9618218359422366,0.22752002556766016,0.5613156904399759,0.23860072602591628,0
0.44497160257823665,0.003070505947465385,0.33771709611365,0.7376003655214132,0
0.4891805659317998,0.30362357351668834,0.07151808696266926,0.797428776520247,0
0.35174163607467107,0.10861405651456923,0.9436785325249843,0.2470341844512333,0
0.909804285661302,0.47299955052998754,0.7734680940989733,0.715851621882586,0
0.5691111452749079,0.6774456560999722,0.8390191744607165,0.8121181567427416,1
0.7623870648479874,0.8749316132254439,0.3668399976543171,0.3584438537364536,0
0.8120337902415686,0.7495748332392909,0.760941593785418,0.16750520083571457,0
0.34193792373634085,0.939047025952501,0.48538629801545596,0.09174217009922456,0
0.4338102200546705,0.05387496739906972,0.20099661532385227,0.575317739122501,0
0.8487096275799763,0.012133653324466032,0.124309463901362,0.9781661391058404,0
0.3633505279754952,0.6616476297750076,0.3450147771076857,0.8229674924433077,1
0.7941569502403816,0.2894581013209576,0.13744282929975782,0.4357299416240178,0
0.9412573812217837,0.2535870628885837,0.9984632902257218,0.5365442350952245,1
0.6233819885979041,0.3310155371913135,0.04904854019103766,0.2793669592636714,0
0.7418337232277312,0.26989103333628517,0.4411414014451509,0.162866772528651,1
0.8053224110449277,0.5116637855042923,0.45209518677604166,0.48198661588756564,0
0.8452764928610281,0.44033676509540154,0.30058016870464144,0.46340093463926924,1
0.39515786428779587,0.5126564742126503,0.5713952953638852,0.5218484703050345,0
0.05126689491238362,0.6730293604986457,0.14987212455119447,0.9528643157769631,1
0.4019828039370262,0.38728977633676287,0.7840310857183113,0.6038406805618167,0
0.673942708217412,0.25139253211822865,0.33240718058913643,0.6057178320461617,0
0.45047117219305277,0.16623874840311004,0.591393370785859,0.12781418383214427,0
0.7491717437315296,0.34961275355808485,0.7157338595657592,0.996562913258967,0
0.357075761228697,0.742160082801222,0.8891979046883236,0.7728456953688007,0
0.6349191481142887,0.7570666810746136,0.8359244392027705,0.8772382971317011,1
0.1864629830310583,0.6672179531394269,0.6083657935745919,0.4141836553611654,0
0.7495781489835728,0.23410355219397783,0.38837237607817343,0.5020401235246468,0
0.5458447913945126,0.588355624363122,0.503224362630732,0.5220023770876693,0
0.20411275507660648,0.5709495078479474,0.7688481449982376,0.1939056136409942,0
0.29198537119115175,0.4844786897420583,0.8776972744303038,0.6894625888492347,0
0.7488171972299528,0.5502274845036279,0.10366073441963408,0.9030201234945271,1
0.482731505368719,0.4920072471742927,0.38483421062863243,0.16350693304129552,0
0.2160833258096384,0.5657133448274294,0.7762325537787547,0.08609402577958347,0
0.9675439762637441,0.7158451511400576,0.4316462166636583,0.7382083085085593,0
0.7153236626563753,0.10963540790155424,0.33218714882448097,0.27303883225540715,0
0.9574046378584278,0.7499836441775045,0.4113099803270046,0.6238144659989057,0
0.42721899652888207,0.13590775133893107,0.6028995848697605,0.6957338251449148,0
0.4752284047764449,0.06661165049742745,1.0,0.3217637277876265,0
0.898207619861266,0.9765616608059444,0.4930085195494911,0.8151592116381277,0
0.5251920917289341,0.9574632844731248,0.20841021591092357,0.5499166955423725,0
0.7074752476135373,0.06041680449935338,0.16274621508878795,0.8690316722722211,0
0.25223539022606795,0.44344346068838014,0.04220688506478609,0.7632911733674189,1
0.44684618950966504,0.18629413296926334,0.5588565434057458,0.8686077574716589,0
0.12347452780859679,0.48555797982617666,0.5446063753606722,0.019915452480373907,0
0.20602896569905754,0.8305792721940444,0.2051485176607244,0.24333352904211605,0
0.0009320545003752845,0.9510797945088516,0.6954168661704614,0.08978490197247835,0
0.039264959278413045,0.6345473282564429,0.741210648255489,0.44197536605258914,0
0.9775595532641059,0.35404672944752225,0.259031795530241,0.8899992554959092,0
0.24241332055726944,0.6036032943446825,0.3440633363369301,0.4674409543611505,0
0.6634941164539376,0.3121194073819007,0.9906632360663394,0.8497389880838871,0
0.8393347961340974,0.9102693112582747,0.3742386799975108,0.3270329285610283,0
0.5508107416160744,0.8708245321027004,0.7609122251666776,0.3394288245853384,0
0.15317789372728452,0.5584847703965483,0.45272731390389254,0.8956027000508814,0
0.7283189002747971,0.3249240289412114,0.7934668600502732,0.42570416447928705,0
0.6004162745944497,0.29349757884994965,0.7691366921439382,0.7897717843836912,0
0.7314539738768481,0.03338344979252739,0.667833759100624,0.2364685670340019,0
0.7699613270646795,0.8162150138171738,0.8549220476113177,0.9488592477195924,1
0.9756855468862535,0.4505771389201678,0.9393919803292192,0.5745140187220981,0
0.5737202969327605,0.325258224979307,0.5800300947431225,0.7593198882840445,0
0.34172993336853047,0.4713156380530039,0.23739486818067945,0.08929249999691949,1
0.6486435983700581,0.8191337516560173,0.3986117677524206,0.4925731519278238,0
0.0684491959134587,0.1246296326012235,0.7584153865374574,0.9010812623865709,0
0.8976495579491336,0.8580730740656115,0.6509552676623827,0.8770735280981082,0
0.11940447689829296,0.8979477577932347,0.17770325223288097,0.0465767625792779,0
0.32792760120990666,0.9471737957295217,0.05109981438562983,0.3035454645278379,1
0.8159736106722053,0.3976529350397042,0.6830446908254402,0.44321276074704496,0
0.5974763786094353,0.2172065274850743,0.2510097856132205,0.17206873434156775,1
0.6496482030521483,0.34452470250415607,0.37241259227517837,0.9178976963412356,1
0.8936648293835694,0.6417649824460204,0.4231023146182116,0.10741074583233798,1
0.6051136287344262,0.7629288997415304,0.8995986083615507,0.5770438093840067,1
0.2042275954859615,0.7605086403306254,0.3717316061989086,0.6633299944861258,1
0.41303915079184256,0.1088166363731848,0.3782471393665888,0.19304144663737377,1
0.9388160345967943,0.15190350125077665,0.01765659056475701,0.8354838876526143,1
0.1041151845775247,0.1877256045597242,0.44355037973443423,0.598735752021661,1
0.2555672473389121,0.8204884086833062,0.1266356355330135,0.6192083543855578,1
0.24529795300719315,0.3042503082043794,0.5968295921481567,0.8648162061413115,1
0.11808730181662526,0.6114707888700696,0.77771612707282,0.8727153230215898,1
0.44831987065514983,0.5659209990614015,0.4818466050455379,0.5118182002833831,1
0.22335059165035628,0.13473151059112642,0.9175817044752731,0.2611397625781127,1
0.45565696427331975,0.4454880339690045,0.7781379789515899,0.6133504169921152,1
0.6647752226915368,0.8925633934203164,0.8260677088351587,0.3278856896374308,1
0.9018458696502725,0.397908072626092,0.27179473312317926,0.09391425892786474,1
0.12871362843485046,0.8324223087841732,0.05795452303611649,0.4649858236394446,1
0.6774780748674545,0.34761125473159704,0.413457226667024,0.9309431051203638,1
0.9213819692147771,0.5051200146746414,0.4512753399850207,0.6597909337785277,1
0.34775213398878946,0.7923946032592867,0.723759396905037,0.9318468653824484,1
0.5261667190020408,0.42316447277678815,0.6388742212105727,0.9376384820671518,1
0.6984527173041514,0.966594912253008,0.14906248149300114,0.9967226502285916,1
0.6518575735877811,0.791037628484954,0.39835933378870075,0.8757581696563757,1
0.3732279577011818,0.640192076613904,0.8782364696397356,0.8067429691269902,1
0.3002259930915774,0.45450928898753873,0.8754742249586857,0.7132419304171074,1
0.7796963317941595,0.950294493477811,0.914918569922872,0.8997042680639505,1
0.5950871314578106,0.7555230647162728,0.9045883708526241,0.5464973400503207,1
0.8196139020238592,0.825680968957324,0.18690680677789795,0.6989226733782002,1
0.2057032501513783,0.4228537780584506,0.8332691759656394,0.67634667330218,1
0.11389443175026108,0.923001539228304,0.24186307537210056,0.6799620955982499,1
0.6944921986992167,0.5126553483706651,0.49921091173910187,0.9185053147340948,1
0.09175995374512963,0.07243128632351192,0.08952523173808469,0.2607574574712977,1
0.7768615253926252,0.7617206496151105,0.16091469472451403,0.6954619967464926,1
0.03173444779140746,0.4919048043800006,0.22268640176688248,0.7896863897145889,1
0.45896797493442953,0.07339607754372868,0.8702878667715094,0.7055444984052194,1
0.6764762115086269,0.5638120227906636,0.6296588763407549,0.531657407078495,1
0.7647799644098823,0.4585204141150827,0.5531793369684783,0.006701704353385596,1
0.03253975436786922,0.7119998060393289,0.1349256736294014,0.7767299454841105,1
0.031015902607406973,0.4165263500789678,0.6341186142845329,0.4927732185060618,1
0.22856729096758585,0.044443357862029464,0.03563532526550629,0.2787048005274454,1
0.1752443943097538,0.14107423542015785,0.8522748096376966,0.7563574255063422,1
0.46493552556811596,0.694022913295472,0.12674512950234143,0.2816819322144415,1
0.18951826011662048,0.10715819287922451,0.7004041118411565,0.5092929734116756,1
0.20136181334992448,0.3798487556668668,0.22082205751451306,0.8035754542372957,1
0.6601052730985166,0.3621381773545973,0.26724138771234734,0.9114068307354134,1
0.21462583877277858,0.38889176735434594,0.461837101167798,0.33413017282361945,1
0.7788981307357683,0.29101359086416617,0.724638389745528,0.5544898226339912,1
0.28150471334429034,0.1453657796531954,0.5533472799350285,0.9303694759256382,1
0.986586593349243,0.04427465549722567,0.6399163691120946,0.5223195816813031,1
0.3334157056522634,0.035746587558415296,0.6829186868674298,0.7046755448349064,1
0.4995439167431624,0.39630291688696284,0.05207181838276919,0.4377624377618865,1
0.8370316161322624,0.8940586157225361,0.10391569025402765,0.8395018891114787,1
0.5100631635529425,0.43800794099169327,0.053262465926579544,0.43549721385226775,1
0.6105619006486263,0.3222174365960872,0.7921110530460571,0.3804770908806015,1
0.8043888830566747,0.11916997838300775,0.9585213417559438,0.40113122775279975,1
0.023308816686536088,0.29681001281480135,0.7462350149350331,0.3925604377073697,1
0.7394669678563546,0.7122532114418707,0.03362024438186629,0.10237550504652712,1
0.8937760122340104,0.8875483712684911,0.043553097334932726,0.1623040361493467,1
0.29214592034851894,0.5437287234903047,0.2496181802657901,0.798049446099996,1
0.2216712180830307,0.326269356144859,0.18987295792892636,0.9256227708181609,1
0.1284061244454858,0.586520980188177,0.7839220279084629,0.1492853323192131,1
0.23813136339195934,0.8392560535100755,0.1396721113157689,0.046127729926523954,1
0.16013982481443,0.6833039609568373,0.6658515503577381,0.6760497229311133,1
0.9447168486053983,0.8096832518817536,0.7273921519191981,0.6974658508724491,1
0.14039468029629393,0.14754778215068412,0.626634886117013,0.36587865470373826,1
0.07881483270201997,0.7501567890838662,0.3380594591105328,0.674319663145269,1
0.21843435474689485,0.25478151268659194,0.4710845985867699,0.6486017065302772,1
0.9299878714227098,0.3484626555412211,0.28963158820610224,0.13499154471406805,1
0.5212354419858137,0.30431926619628924,0.2889549228818651,0.14268142486442775,1
0.5247168199056085,0.1666533993352423,0.1361813093764368,0.7868327680306293,1
0.38751791254839857,0.6064183343899407,0.8770776180880212,0.8756569492229279,1
0.30250158331529614,0.24553755166133628,0.06010256106166745,0.4525788494616008,1
0.33125797097141774,0.8005603997351196,0.6130865304931985,0.26780855883551435,1
0.5490431206228381,0.38630352306219917,0.031625913534591724,0.33335620765593243,1
0.8503205591320916,0.5138766602306465,0.7872896706326223,0.9792556843116748,1
0.4107991820187947,0.3906408037252509,0.7505914038343625,0.3075650018137402,1
0.7958185085624347,0.9583385880844323,0.18410814051707747,0.49992838379943194,1
0.951419303236406,0.4713799768136852,0.19717100931145123,0.0940226350439398,1
0.05166563201910286,0.4903969525988396,0.45824197025368124,0.35151133578933985,1
0.3137262107283349,0.2671060664786266,0.26452212561932864,0.2762616724611151,1
0.8227396374398102,0.03908718713187826,0.5489916704536396,0.3868063222838485,1
0.46381190952574064,0.35576193882116525,0.08422271157931027,0.28284442193970755,1
0.18360370076768995,0.09143136773406937,0.7831536896343052,0.355367020544762,1
0.06825168734120451,0.4357525048368654,0.3363554048794113,0.5422823290941756,1
0.8080202544523991,0.5405361528036161,0.4544036636469059,0.6868771720075539,1
0.7835983439469746,0.2458289971524769,0.1621999909166591,0.275783220831356,1
0.5923255784088071,0.3003408996295462,0.21831340719835676,0.01247384204091418,1
0.4900955274976846,0.35714427829453577,0.10609433564605654,0.26749210572111576,1
0.6413474852902517,0.41249451360030936,0.896987277858909,0.46540477509810296,1
0.1619407279129325,0.11102710493730056,0.0826470373129532,0.3407464865525225,1
0.8726539670516589,0.7692323096097271,0.9892506031988932,0.864749748414662,1
0.11732357091347839,0.915315772790349,0.3360674270935868,0.3439179842812847,1
0.2681970717357669,0.8296652943867063,0.07567276709314395,0.22364217157148972,1
0.7510933866574968,0.5959591699218041,0.7607457428335336,0.9867143835057683,1
0.02891050199276239,0.15873961919245347,0.7147858099059469,0.2075242844472263,1
0.12482491880185993,0.7151370758596783,0.07113431287077591,0.844682692253532,1
0.2239911751844822,0.4922812162160007,0.1408352765582979,0.08294132517830126,1
0.8468206817080424,0.5576052275005802,0.5260441634704845,0.740483297473221,1
0.8093004640156307,0.906593532470257,0.060285835496893925,0.14679316947654455,1
0.36537059279777273,0.7597620151283629,0.2560532723631983,0.3138366279322824,1
0.5205178722350442,0.143616131760624,0.23897837990024318,0.3739933409301414,1
0.5787334956956329,0.1154944216605027,0.8614410983936506,0.3224488921658475,1
0.19464873502007862,0.6689810803146518,0.14423565216200643,0.596247493271394,1
0.625458908621526,0.38175764404899626,0.35177696574728795,0.4126475924587413,1
0.3986452117282794,0.1383984045477351,0.5979993767695266,0.3251833450607805,1
0.06657487365945161,0.7973604502406341,0.5087151935782995,0.7657973674994311,1
0.6675003404502332,0.5891897376028141,0.622979869771302,0.5648226004151667,1
0.5037157407623198,0.31020058432602216,0.8150773919100586,0.477354406623486,1
0.05011240989976459,0.6630311820327828,0.1544926237722989,0.9473984675641367,1
0.22260378731617583,0.8143307137641423,0.8352871203382615,0.4002294291338948,1
0.9567355411539775,0.8469289338945544,0.40684464866984554,0.2359995524745377,1
0.21608826263589223,0.2907842213804747,0.5118917799457532,0.6364587506988874,1
0.1916091635013023,0.36591454136485596,0.030233897652780093,0.723130250439601,1
0.15150370352468043,0.19843555766752677,0.41847497826841823,0.5531511554440294,1
0.7156982709991504,0.6926590789950189,0.43896703550612726,0.3588611763811261,1
0.9055334198082431,0.7978522111358525,0.42373212410075256,0.37496239954050664,1
0.268889078620144,0.15697246068960669,0.12924012376047192,0.46027701189055215,1
0.36958355480921795,0.6778134959613772,0.33317214787129273,0.8211317552796109,1
0.4324900465613048,0.17071841681306485,0.29193796151870194,0.5341003065787243,1
0.7489234131211943,0.927907221502225,0.706753821426513,0.3595608306038268,1
0.17481578827384542,0.975060750256465,0.423518022797739,0.5521900898667637,1
0.6435591934931421,0.7905853830976444,0.4036590424196233,0.8701173109695406,1
0.43549393990618945,0.06415346126289823,0.38977003961729517,0.7704032480116364,1
0.5913045237857515,0.05662046067205198,0.8030307456733664,0.04785890430375095,1
0.027547621406067403,0.11585242239207123,0.6731401907618864,0.8231818693790065,1
0.27091922786487005,0.8538450328743271,0.7627342697699265,0.04210682665791654,1
0.2873787736232718,0.5384692376681997,0.21304507149160656,0.08582967553795764,1
0.025145636596637967,0.24855926342831397,0.9915946131102493,0.970553870510573,1
0.8530435747787811,0.7597258226878869,0.11623552560893635,0.804437017146425,1
0.4292361581499567,0.04527121996633987,0.1859426126036675,0.7071256300612311,1
0.29909771652464373,0.9182221014100796,0.24129194878809923,0.743576209092973,1
0.9202652224521234,0.914067470793083,0.707540868960231,0.08742319304563134,1
0.7587722897600108,0.9039307190139761,0.12026808271472503,0.931794187605796,1
0.9364135814168577,0.26505270538930514,0.08295933807645911,0.6978136694459756,1
0.8853761238813452,0.17705755767725728,0.5698716661978344,0.06154359345209627,1
0.21230191460615816,0.6522787435272883,0.913903048814623,0.9762394239558579,1
0.42144459075347046,0.20986104372776446,0.4024062849775507,0.9119149074871763,1
0.04618093430171104,0.4623333530520167,0.3741219178953446,0.5516284727290557,1
0.20849069635315295,0.04624794079395168,0.11976688768550911,0.315922908577899,1
0.5758104891021083,0.12173456930843936,0.4750944503341387,0.6944067270867609,1
0.07029892953105206,0.6368268212798979,0.7471975361624157,0.9216749835361217,1
0.865161663922593,0.6447258337695231,0.8946606449834872,0.17094567414548534,1
0.7366289578458403,0.007187892882255464,0.6941918420159073,0.9722835959441898,1
0.031452549369237116,0.8185259674523453,0.5405125309192468,0.2137767386387371,1
0.15073228706663855,0.7992812400977921,0.8168885468909742,0.47788499236341636,1
0.23514185688905462,0.8709563529695915,0.731083734923796,0.059496883013037,1
0.48935400884500097,0.8455346308139778,0.11513699104423106,0.7090842154246155,1
0.2901155570322328,0.351973672634773,0.3237632942291295,0.20074364657813237,1
0.6579318013726999,0.1434878829723018,0.7901066573505069,0.10633380811006407,1
0.20992914461666845,0.30920206247197246,0.12188690413741271,0.33390911626082664,1
0.7813463794418889,0.8189668696344473,0.6242715757378989,0.808957642569166,1
0.2604345325225407,0.8270269738030406,0.1441577899753309,0.04474080933734316,1
0.5332574529445172,0.754620503185954,0.5917406785907952,0.6303374506800551,1
0.1897071315439823,0.5956331570093972,0.16921408937504154,0.6024023031007272,1
0.5384870019554282,0.19384122887513683,0.1469093698231505,0.8147610554553164,1
0.036084388972998954,0.3967461529096664,0.40707510590904633,0.6407935434986063,1
0.13811337254840167,0.332721114443516,0.1905862587121942,0.786548822124985,1
0.8699996045405919,0.35822565508567716,0.23316061724730086,0.1702303213769918,1
0.043109696719701295,0.6169354130829369,0.7780395020928322,0.4699184719225711,1
0.5138931057544214,0.27861797604787014,0.1961396311276893,0.24397419180014976,1
0.16222198078227318,0.710019133418875,0.42434212560349854,0.5859315496256619,1
0.06265915125907158,0.23224502934097355,0.0199598739699646,0.46577650822123645,1
0.1697428562252982,0.8568494922025115,0.8840110807052458,0.42369612821254715,1
0.16392738737356993,0.22160053705313654,0.7512825385151302,0.9128864669245553,1
0.47260924984116615,0.1350164933588798,0.21665997348382063,0.39696344647626813,1
0.9185544258723857,0.8757856446848138,0.09169860398661683,0.7505969005410312,1
0.7857093329767677,0.06755201922957628,0.9119566962110379,0.2241928963566494,1
0.8847249312851428,0.09383823350441133,0.40696915600086186,0.31426251269576805,1
0.02328830559286208,0.3832553567000256,0.20170584457429913,0.6919733223257687,1
0.6270383188967665,0.609182370321993,0.7730416777929612,0.44236941820354275,1
0.8875434182740917,0.621282701368095,0.5260812708065579,0.735057076079638,1
0.0063681427097665305,0.29227658446564037,0.03831771076441276,0.9165339958911071,1
0.39236771143642046,0.6416430852973793,0.02391144811160459,0.2871988176195871,1
0.3436169860223299,0.2698021644154845,0.37572729893614404,0.42433430569086056,1
0.04487351558870091,0.6829897719103165,0.16425580743920187,0.936547806021373,1
0.7556651044242323,0.3729783786480476,0.14938864333063773,0.00753441303531329,1
0.657909281602012,0.4733058748878052,0.5340551045085132,0.16936792456967925,1
0.5318077387708432,0.294123857840484,0.18485897845710259,0.29584617626237125,1
0.31142490252222543,0.18757561704715825,0.07443309220849299,0.7832840994625746,1
0.19698864648047687,0.04680869233470754,0.2284860237898975,0.393025148004914,1
0.2367280183938462,0.19318992498825086,0.47908502128992053,0.8895073772516628,1
0.46313300571831095,0.07356518570683003,0.8745505469488837,0.7057090626281507,1
0.8224802354729706,0.6488210055966744,0.9187637498355435,0.15056918262376928,1
0.27450095471529373,0.9990318063618893,0.04840973752846174,0.8764615601553067,1
0.3671688731401094,0.9305761941239032,0.1464384115740087,0.048589603526921946,1
0.49346550255637694,0.5788979105983528,0.2232767693696163,0.6564369868087668,1
0.6686690493353005,0.7904412162704296,0.3906221805460004,0.8793332704446826,1
0.8933149475806484,0.4989965503738694,0.1296790077773608,0.36400392961593697,1
0.5940363805928844,0.899466080780986,0.8931962040642472,0.3140241717446161,1
0.9002632606965076,0.5711442348553997,0.9260257362766456,0.4584758332745393,1
0.0914371503812827,0.19399323537862562,0.02590349228793091,0.44043732443634637,1
0.6247899789038738,0.7403142366345103,0.8621344382604297,0.5593610290228573,1
0.3254535785239813,0.603177260727553,0.8420725381972564,0.7114718456159882,1
0.2527169810072936,0.1275660141135658,0.4872694105256939,0.15798888120058835,1
0.5276731938269127,0.44425757867190996,0.7560591937707154,0.27459600183198535,1
0.2117323302841544,0.9378685309682692,0.4640041200262556,0.19097824750110645,1
0.6896422035725559,0.8868686627666454,0.7619119805155303,0.3270295771989403,1
0.4964118551095601,0.2693110135484759,0.23647948797562582,0.1564649017524151,1
0.636057652988872,0.06769993159644136,0.822560988085292,0.36953517213608583,1
0.2402554523774429,0.6594958073548887,0.6820637821953068,0.658726755995398,1
0.5360951389693575,0.30228271723244066,0.19972980286169265,0.29219147179287086,1
0.6521683958061842,0.13066782812300126,0.8046922041234981,0.09901449098066271,1
0.8578961599751797,0.3746282504587535,0.20976634214033674,0.30184420504576576,1
0.8883411696467193,0.156710293483599,0.847969917315002,0.7181567736444076,1
0.5543707831585251,0.8821637794301923,0.10389382287637675,0.6579886344768033,1
0.47382491801810966,0.9525916050615792,0.16486080223977612,0.47482644863997886,1
0.5097403037663641,0.8620834365813411,0.5468285305767437,0.8820643810998909,1
0.5451264531992451,0.6416549531174854,0.5777000950987119,0.8484751689274881,1
0.843446918420019,0.7969932204817551,0.1522394912393612,0.7741051154858674,1
0.6821739073671792,0.09231829530912489,0.6466459443023941,0.6899662741659232,1
0.30462485768251496,0.16440188959449556,0.43411461227090653,0.18452184141898836,1
0.627504003030573,0.4697210116572236,0.3696313843505137,0.5762467204554368,1
0.09560804287395532,0.4680837772348786,0.3571492058315817,0.408107896434988,1
0.6121840411774202,0.20334523244117583,0.2619503558358705,0.16161992445529194,1
0.8220502771456338,0.7031290490137747,0.03636072503969523,0.5586401486442212,1
0.5509166373574408,0.21052770185242986,0.1396600195500457,0.8042168453136325,1
0.9199302311818214,0.5471043470135711,0.76432781862133,0.12092555897983823,1
0.11089502480270062,0.1401656076865956,0.3098926247863536,0.31075530980235716,1
0.34077950005849483,0.23612143190400264,0.3409557687365389,0.569941627305369,1
0.23738699467440647,0.8877372109002127,0.6941567544546328,0.5095109862457526,1
0.590960913980015,0.8891753535693063,0.19869910761020598,0.9467005933119982,1
0.2055370306188261,0.9004143286641427,0.70823760727111,0.5986120233712572,1
0.6622025062423832,0.7495587901584398,0.41357445824211686,0.8119422203189863,1
0.8055600539279193,0.9554574046208915,0.1719328260460598,0.49535240427917687,1
0.3105088256288183,0.47200275313542733,0.21007539483347135,0.0876533532112066,1
0.6222617419779636,0.3761190419496666,0.3131604074107897,0.44855757717361544,1
0.41109432352184366,0.14949810376069822,0.7242632306826392,0.15084757819012012,1
0.1703561582653776,0.6700874591293086,0.6761065059711958,0.6578585603704965,1
0.3226971716032875,0.7579563090479047,0.23336744191333225,0.7277846365813894,1
0.9093550494564631,0.7981081756634711,0.4232795816873944,0.9228649897902718,1
0.6431759039903122,0.3767317257822717,0.07120349318382457,0.2787533342628025,1
0.43783538244613096,0.13831206470517118,0.33300415801192307,0.8722680462096473,1
0.7206403215811057,0.13283175547915138,0.3074560444958068,0.5238511506376986,1
0.018762287676707186,0.10922962498383039,0.6177436525860577,0.8102526046817431,1
0.5752090321752923,0.9570697514745358,0.8731804321846992,0.7531974344962791,1
0.6217509863569189,0.8325052438599403,0.7973904370500922,0.5355288006601997,1
0.3039574192091148,0.45954957251147355,0.9237606493086792,0.7550437705388964,1
0.5547670330343911,0.3199297316092037,0.15184581809216657,0.03614951026711978,1
0.6343669607545595,0.31492022506226386,0.7399226130367518,0.48058406367779605,1
0.6461181119622331,0.5747812864700841,0.9654151134289483,0.8642609076430082,1
0.5823179534266266,0.21494985134926103,0.2738585822461489,0.7203774792765558,1
0.09940745602837767,0.8272438900958389,0.6807844045584261,0.17908107457016684,1
0.44700243317314503,0.8881851702096719,0.17074233037796238,0.40551224356440696,1
0.3209310433640358,0.44035159045975947,0.9301521685547489,0.05406247491576632,1
0.5722313287414137,0.5678788618230244,0.14154970822923418,0.663177461234494,1
0.7094204371568573,0.08415353869935643,0.6301872204604998,0.515012196573756,1
0.3195659869347415,0.33163774301859167,0.1508508899868076,0.8714730484141073,1
0.14767370873899713,0.8715596964035226,0.1527233478374094,0.05461047529969719,1
0.6407218735363395,0.2916101091094392,0.9493675728542214,0.0496082440721026,1
0.31145051322698003,0.7486921344882503,0.34125586280174863,0.8611092599699391,1
0.5787441431224591,0.9521675146615102,0.9019408438610822,0.750752666855101,1
0.6172767809839869,0.7253969544008129,0.9220493248631993,0.6454300957258717,1
0.18977649824915283,0.23328417173611551,0.7493076533572353,0.9225430079680081,1
0.2179784313346565,0.41338980308448564,0.2555576975207711,0.2305910959259931,1
0.5848650893379503,0.38603398328227373,0.321433895978642,0.4618332947269158,1
0.9811948576708622,0.6977247769715563,0.9940482737533312,0.968181657677723,1
0.6406850644680029,0.25515866344700683,0.7608746013421879,0.5163549549449236,1
0.6542723343627621,0.6354264222771908,0.5587028099626805,0.2328965126033647,1
0.42924452469398755,0.17955104197127525,0.3741491831272286,0.8947304289834975,1
0.6235097278474098,0.05317227683870684,0.40732080124715525,0.5586620048317803,1
0.9497331679750344,0.6177517287663157,0.8442525781998893,0.46894061668110243,1
0.7962627170370558,0.8062779253794367,0.8955501914138939,0.9313318665466634,1
0.5866419351056263,0.44471904272997953,0.24887986725146266,0.6709113681807626,1
0.6482030853221866,0.17412115103425507,0.47101397154883196,0.7286176393872191,1
0.7160900034111153,0.31867706163233034,0.7217805197095224,0.567073987424012,1
0.48755661080471785,0.538458335294582,0.7927623325593046,0.32839908731470546,1
0.16499026824381668,0.9176342258580195,0.28922797848124226,0.7470122983247105,1
0.8649472106904,0.572351715129811,0.7999067277377546,0.9922317342687207,1
0.5861208743246639,0.24302676005513743,0.26980252050291004,0.16295829835614645,1
0.1627466510602988,0.11395348347025136,0.08339816869157612,0.3409792509570041,1
0.184404963420602,0.08908813335311874,0.06510063752115199,0.31860223759139733,1
0.5436723538976083,0.9200097545475538,0.6907379823704426,0.2441244590527174,1
0.2829358909932858,0.35824701771701106,0.6105062839107774,0.8598633087930576,1
0.1942721262430586,0.9612055773373331,0.25959514355666546,0.7399414493978269,1
0.4161292917050892,0.1963715874221023,0.7421607968989744,0.07647858069922148,1
0.6135407941175491,0.280225283303984,0.23855707734331794,0.01220545214523688,1
0.045630029522009244,0.5450083562773025,0.1729074930063263,0.22454514716049134,1
0.2620454302273758,0.9286875305927152,0.7224740922665288,0.5073977603826718,1
0.061011424068037313,0.7822391177027151,0.03256666086018821,0.2716308182829696,1
0.970613918498444,0.0893219253321372,0.22792180067251305,0.4644699159670943,1
0.2516725844245662,0.8805618063126426,0.911998638483062,0.6556109558698825,1
0.5081633925998004,0.4406274126689664,0.8503565594791523,0.5696453458182875,1
0.8324641733118865,0.49907650943301013,0.9369633605257282,0.5789227947152226,1
0.5458790526031528,0.1371836263659339,0.8333765804856964,0.31541975439128167,1
0.5707743596680224,0.9632194353582266,0.83710150598827,0.7562643096260921,1
0.2874532788362107,0.46149589377440314,0.9776169050350488,0.7630940979319363,1
0.2589642827330212,0.11099338546274216,0.7980169278112659,0.1277601490656557,1
0.08782641443146273,0.7223740040030843,0.7973147532495953,0.5349684000809573,1
0.8780533008940795,0.22474185147200518,0.12672205009330748,0.7496697247127659,1
0.1428077359506843,0.9390948250410502,0.39445313257818754,0.5880908020132238,1
0.3005271561705957,0.2422567231309024,0.26339456587769605,0.9770717666157098,1
0.44201228343931964,0.7272436056982629,0.2018069744476899,0.2940413738593184,1
0.9642395548501131,0.059815325332407875,0.6281553160454623,0.9599656423260962,1
0.17869844012281724,0.9492963844960147,0.4369005971918296,0.205215626620359,1
0.6022541700126539,0.09700167961590721,0.9267192723702535,0.35868871415049347,1
0.846764838073604,0.838290146407695,0.1820143984482224,0.7330094821016562,1
0.864341820958601,0.6643087038878273,0.38365222840052304,0.3406388748784653,1
0.023177233025059182,0.3489949182352628,0.5030083662179299,0.7133442012592028,1
0.14421111539454623,0.6575396354082733,0.1890997963676333,0.5735708345046352,1
0.3124964678269464,0.3582092673060274,0.1188475271088768,0.13306316992686146,1
0.6928743035682469,0.9760911076040398,0.22368757749447,0.5139292404754701,1
0.19773325256101365,0.8870670380959231,0.7579793287429419,0.06759220766366361,1
0.387513448783284,0.606435462737515,0.8770586489430897,0.8755887768814254,1
0.6623161600157491,0.46638470695872786,0.41865479866937144,0.44942080164036613,1
0.03946109744667037,0.2672573031967943,0.09583155360361212,0.8343228656690578,1
0.24203644567483795,0.04404869155726282,0.159755345631468,0.5033150172005891,1
0.9393676805398741,0.6887358645712798,0.09524807110142215,0.4496731111319261,1
0.8760603146306971,0.8683362258013975,0.04102870157986478,0.20077126258830094,1
0.5858957301478306,0.7071266359921733,0.25151933428018614,0.08987579831180613,1
0.36738846789120844,0.3160117732442086,0.09056033551266843,0.45468983172171706,1
0.7502839796296012,0.47696084364473545,0.7457699378621974,0.9629084429974817,1
0.8402060836741694,0.4038920120408102,0.22931024308512818,0.3278298147952041,1
0.7727944967575564,0.1968941040047986,0.14953545805120688,0.8372576653553819,1
0.8650504188194837,0.9077123992573729,0.5734768507402528,0.11533069069026317,1
0.3244211639547081,0.5639496058308148,0.08101772710627773,0.7104798490834315,1
0.8375430659011807,0.109341825632994,0.8870126445805261,0.20246236570904239,1
0.33323384234184605,0.02051209667807498,0.6991705364260894,0.7339142346497792,1
0.07484420068788976,0.31349702197496027,0.7187128305751456,0.6186275060181896,1
0.30701696387850586,0.7763072811515849,0.6280882975071191,0.9337823545349113,1
0.8502501964410574,0.32380325227771234,0.1833468992948356,0.23339125458863713,1
0.5011274467488908,0.21374313442836007,0.19982035577777205,0.34747715516277594,1
0.8171682934116811,0.8436896305934475,0.6601426207050929,0.809926510544982,1
0.2509789588323212,0.19008519450003752,0.06302904181661538,0.6943921793363701,1
0.3325371757638739,0.23893488177585476,0.28550201747326104,0.27029447215685504,1
0.5217261101954271,0.36822308803228704,0.09656156483516429,0.2917146748906265,1
0.09092786231370804,0.661205710137638,0.4400456308896196,0.5216894199212734,1
0.8665258334405297,0.9075028007495117,0.10031660199078761,0.8081280479110963,1
0.036614937967224925,0.6044430663744689,0.12819567437503143,0.03134836896369035,1
0.28159327470756407,0.07615208097593486,0.3743976144758644,0.6911822128542999,1
0.9124058635827414,0.5023020451905823,0.4700543661685884,0.4809708962752186,1
0.1309177372193223,0.8479318367357217,0.8911137084984015,0.6714977534574452,1
0.12608080224782853,0.1847342607763942,0.2721785236468136,0.8798235765283382,1
0.03566986685198631,0.9248598968372331,0.47024009329392613,0.376830477689051,1
0.41400537550004307,0.5297690245111552,0.155757425831487,0.018682937225466992,1
0.4597787474504943,0.1695210188005676,0.09248272814678594,0.7210342394924302,1
0.23527900381186562,0.4505982947382914,0.23441137742534593,0.812025755145298,1
0.4846928661977831,0.37010128837463174,0.05117553169223202,0.3306962607871166,1
0.11160873572594959,0.6855128429818519,0.7524929999535377,0.5806327089155198,1
0.3534557430162848,0.2359302455302958,0.43909565496975644,0.4547645498135512,1
0.6902342846789794,0.7316121415622473,0.12341147798594619,0.6567133371838715,1
0.901149309112825,0.5099951323279966,0.45159021128072785,0.6638329121627621,1
0.9545946458953701,0.04438251615238341,0.31876685880050293,0.36559596890901436,1
0.11204479324370145,0.7862888636022992,0.1714277102258259,0.0013326685693643738,1
0.8825045449073456,0.4795998312753101,0.2613834132452474,0.5053944059411559,1
0.35071160263036727,0.6071557672598245,0.8170392794375657,0.1000414229537549,1
0.052474048319735074,0.43369288722646665,0.773627762657692,0.9149831456302193,1
0.5443878836701407,0.14516520477401818,0.8698482571463122,0.48144211398035397,1
0.8349324532096034,0.7608779157597955,0.11984692338278075,0.8266683839565749,1
0.6456036245957906,0.5566762525653947,0.6559449627081859,0.1814164230836885,1
0.2053472263292393,0.40702386401629254,0.28022111604011457,0.2304593528407,1
0.45515784854064156,0.06904120005724529,0.6280905876979126,0.7269066567125739,1
0.7726742999002453,0.16866643626976313,0.15398371585925555,0.8241010997888533,1
0.31532862904019227,0.512254776652029,0.855244271705154,0.7244155733534036,1
0.4150874217632982,0.49429710901710183,0.5227169610074582,0.14700517328329127,1
0.1757700522374246,0.36954915876171984,0.020886198602884896,0.6944205398344399,1
0.8975738959730902,0.7177698764256736,0.368733256193199,0.3624407571283393,1
0.6813711145933309,0.3668491949916783,0.6697266798231868,0.7171177954817425,1
0.6905001545347629,0.36145048930957563,0.381022171581634,0.9354862436725865,1
0.5707806563638692,0.8481498286399902,0.9278809936911501,0.39104367173772253,1
0.6439343329817658,0.9151312726153399,0.6545141110724434,0.422686725100504,1
0.711804386574561,0.41920916012222575,0.6678952202307827,0.07376432589004323,1
0.8577216632970669,0.5556897636048584,0.9450383897890877,0.45870958351776575,1
0.7389938916878522,0.3566621709105868,0.5298121047445726,0.8772940478145161,1
0.23992874999003644,0.5318642072350072,0.9045291549622084,0.5533757282620901,1
0.8424471560477299,0.7845495458474556,0.14326765497634283,0.7864881362375977,1
0.18770366786011092,0.1437415056704715,0.2700172939224405,0.36043330495306053,1
0.6367689818710606,0.983429731766821,0.19902259440223757,0.9944163767871617,1
0.6358445601626774,0.02775721408652021,0.39147861904203596,0.514730983401874,1
0.6711569245571549,0.3488178767351844,0.4191700778724128,0.9324617481776664,1
0.44437299407020425,0.9629008975457622,0.5368959183210459,0.6730162088671993,1
0.2764097500606338,0.15331528024038169,0.4700934405927003,0.7119164035224701,1
0.5882203615003173,0.349395560930117,0.4530744903934892,0.9753111978882218,1
0.9664357005236716,0.19000628801864267,0.15999190678369646,0.7399245419199372,1
0.10494710356427109,0.9271519121680011,0.7599606809812255,0.13612233122604497,1
0.12871647404416164,0.20628462812713597,0.7061028775433508,0.7194143280611711,1
0.4482284954646534,0.5847281674542982,0.48136920298570296,0.4775280558388089,1
0.6832259637353244,0.027753741462263577,0.8051885580602298,0.4077863194502278,1
0.9247958860222073,0.08089541721283316,0.6136894276041462,0.9032784736382434,1
0.2112438967586306,0.921860033873516,0.28321530964505587,0.8290898321859872,1
0.9262027396564456,0.13801469906067387,0.38547474333497656,0.7849307897344509,1
0.6705281634904388,0.6010186732494357,0.9334581977438106,0.6470790545162881,1
0.8410036803156979,0.2908351734949966,0.1938998479312316,0.5778300168266244,1
0.3021568483267086,0.7920275137572569,0.6348360624816247,0.22514450932721722,1
0.3744147837957041,0.44958977106861364,0.5224160779226498,0.22653685073762783,1
0.9128166753479725,0.6214420808793124,0.8069456117067018,0.8933424961340362,1
0.6378387615681977,0.9310700341964783,0.9502023377588077,0.9107975344324671,1
0.3746516715640423,0.9183896782603685,0.5740954946852384,0.1712668168467253,1
0.17405620218770004,0.1323534758983272,0.6577221364245003,0.39077623029824027,1
0.3711407717069989,0.18634544104845258,0.30523697024867136,0.9241842322586573,1
0.6758373233373987,0.8797313294797515,0.761372388356185,0.37163293445326784,1
0.3415233089129531,0.2229366350408618,0.653211372516261,0.8753310976342944,1
0.4160475857729901,0.5795580618947751,0.31075458051640603,0.6741438988944953,1
0.26042731903994987,0.48204812530609364,0.241811681733632,0.8148039622376582,1
0.6595100364447392,0.7094444456663703,0.5397634835024046,0.2978474095442611,1
0.7580523700859708,0.951323029520229,0.6267653383505615,0.42700733096125437,1
0.45239585724593584,0.15847575619301607,0.25302140524633887,0.5036692878050885,1
0.7310552273935376,0.14406196736693067,0.3035433831914215,0.5283406024354608,1
0.8578337705480014,0.798921231926421,0.5080464080355359,0.8697774914907126,1
0.08114568899442873,0.3087824883499382,0.7233239707012458,0.6341258168972934,1
0.8710541696927792,0.9136745936834786,0.5814944164205729,0.11950838100461561,1
0.6374170688244702,0.6232088932619301,0.3954255269816425,0.9362478038028573,1
0.7154770303607241,0.2628707209210772,0.5008146458806397,0.8071035289952263,1
0.5387192749995556,0.07211388112512931,0.9395718094188426,0.43966171396469,1
0.33775841393472567,0.23775742371433373,0.32625946982124043,0.9624875259491116,1
0.8387163226393327,0.7667122946228488,0.13143202884953104,0.7180970398170748,1
0.1961287188256013,0.04664412911201997,0.22663136101691955,0.3951011844051512,1
0.12824782943074325,0.3478529781852478,0.9266390055867817,0.48389899150253324,1
0.685806998578359,0.5374308446645444,0.6366019783228883,0.49718082479051806,1
0.3858510652746075,0.6305328019745396,0.27220899366878204,0.7104741962993286,1
0.6562756813084782,0.7039146249323197,0.5387563807103104,0.2650539671914462,1
0.7161078810354833,0.9481623210347155,0.9060590221882494,0.8316681211021265,1
0.30778725877002583,0.8223110278860895,0.8382571103505896,0.6908218055242373,1
0.16394710008622343,0.806526915249272,0.27162582093914883,0.7081826177137333,1
0.15479826752739376,0.9129189938768362,0.785604722698205,0.09434639052218137,1
0.6485682963709951,0.16894704856623205,0.4709192116768658,0.9388717368614692,1
0.8503935049438742,0.3359904623750617,0.20146456883741637,0.22254190806266705,1
0.8468705519881197,0.4416015314906313,0.2990231503580091,0.4653904185089919,1
0.026968424684093883,0.43910173364314153,0.23659923484701906,0.6990182797654698,1
0.40377566218481964,0.15188228753921915,0.6214801623281567,0.32107657999309774,1
0.5186781800611181,0.6421255969302462,0.44867563924849363,0.4514105001230072,1
0.975093549881888,0.646925215635655,0.897219535100219,0.9128311766593009,1
0.6005077981765103,0.6786277852499789,0.5874744373341761,0.8457138202153216,1
0.8929076692591296,0.42810162526728657,0.22207858680885142,0.3038809037412503,1
0.06945602863211651,0.3021177694728897,0.642976299573805,0.7820193358759183,1
0.8192085000568728,0.8334258068657637,0.6092489999720404,0.8155250663063777,1
0.7074852196514279,0.006834735657911862,0.9444928299800354,0.13434672915760648,1
0.05920789525430533,0.8472775142045987,0.9365390754756038,0.9467549368126419,1
0.5405836193058756,0.42052376903526784,0.7543917732261355,0.2769600288109586,1
0.7853515547041074,0.3141833125898105,0.7188195846855993,0.615558737805554,1
0.5758951345955745,0.8728678608724165,0.09312859341099083,0.6947408692619548,1
0.6622053852278411,0.8058471715760358,0.7418991910225385,0.9070601448563618,1
0.07300192540150441,0.2870254084798949,0.717815441169951,0.6166562184519118,1
0.40747477002886046,0.4366337282918512,0.5138400582320348,0.24179638322094466,1
0.402899446722255,0.7495482895070772,0.17133853095443927,0.2179799394067221,1
0.22161994458610257,0.818500090416188,0.7542255942895049,0.4620431215658362,1
0.9033396540173109,0.5171164440758673,0.0949955524722531,0.3730929739395551,1
0.44725466001393277,0.7811992364144211,0.837962690158018,0.07057305138795503,1
0.24881362724790165,0.8269225067116154,0.8420767223415812,0.6935231518551813,1
0.6197804477626768,0.7190150533573525,0.42614802349228303,0.8880869746062754,1
0.23707158379744733,0.46643088908047964,0.13116145825351244,0.12254301646715164,1
0.6786033837943419,0.45492775665365215,0.5616751176826974,0.884498485343519,1
0.15384637765362275,0.3348179159210876,0.06718924513578522,0.2565295181679476,1
0.6728709675378685,0.5740052232859597,0.6269761898350639,0.5449785223817569,1
0.8026709504566462,0.9426685367537793,0.896009384461683,0.9106053654932544,1
0.31657937998482244,0.8226343960304237,0.8212665335957778,0.6692912122893647,1
0.47655272957334477,0.9865066577442061,0.45667858575159376,0.6875475576995056,1
0.1515043321744317,0.9253914870802129,0.2776751588867865,0.7314511567596461,1
0.9651936297533021,0.04682884324693225,0.2650989694092755,0.4066229233841149,1
0.6891767049380211,0.7608595916950659,0.7420255537949298,0.9417228374080775,1
0.6523463406847683,0.7238065410311867,0.4827185659248806,0.8125967020078322,1
0.5760562357711483,0.8212950277972776,0.0915679170084009,0.6299086531223106,1
0.5469621159900082,0.7083191341618893,0.4764664759183359,0.750841800126907,1
0.42404031513386736,0.5478312886535335,0.49682967916034215,0.5051214250570824,1
0.8812740758804893,0.510021773869525,0.38247267234340665,0.5594186069223057,1
0.5809986428130892,0.5137520190423106,0.5055235211456156,0.4962845816322033,1
0.24157017764502703,0.7890417924045617,0.12182771597126794,0.5426480712058609,1
0.8572186802498805,0.8790939137810543,0.61598302037479,0.09162248572953458,1
0.47247995498566947,0.07257666043558215,0.2486296776538235,0.45750809444515667,1
0.12393287563708708,0.7095113160667985,0.7377145876397141,0.17301277252401337,1
0.8384242134331956,0.31631244558789423,0.18964068663724562,0.24606790385229235,1
0.0659506131576492,0.2659435682956776,0.13409679222014304,0.7880532401901674,1
0.8620062642578215,0.31294285049963155,0.16636676837461473,0.22308346505854154,1
0.5184113063084747,0.8292636033046802,0.7747762041861431,0.16794767561214155,1
0.1427819207131599,0.6081040761605138,0.15287551498377933,0.6147064964695932,1
0.462743567997587,0.9816269093255395,0.43086704902370815,0.6683140667826536,1
0.8461994439282952,0.7990951238905507,0.477906833094073,0.08741051186832141,1
0.6550074388115475,0.3730319696480725,0.4292162481095092,0.979737646292672,1
0.16317045700408966,0.5403200612438559,0.15875173175555862,0.07933055270761227,1
0.5380167462197296,0.5348161357626343,0.2119645030498739,0.6632104684251658,1
0.9085847830394872,0.7232659525074598,0.9485658091939926,0.7787656971025955,1
0.6336103658702187,0.41626573601899175,0.05985497200394767,0.7009063941561398,1
0.7811399273991557,0.4884064556900718,0.5238020406194274,0.002523797217499019,1
0.45645292495959505,0.9761994949740106,0.43720982509440687,0.6096082563512544,1
0.21088275056225173,0.3436306831449195,0.19471196199961854,0.8958559153827157,1
0.7129967124316845,0.34314399698811154,0.3808587323507931,0.9271593987199365,1
0.7655253086150703,0.7628728796433072,0.1678597663075535,0.6739244298470748,1
0.2936671410983267,0.39535378503495533,0.9551506257075628,0.539195582292823,1
0.042079678881192836,0.207780442310684,0.6636928371876236,0.1300938321292552,1
0.6630932692135773,0.1729457170255213,0.06414883027117378,0.4303137356715347,1
0.07651689503944646,0.781551804033381,0.595723542388207,0.7900261204997487,1
0.08293985911822209,0.6341800469556275,0.09885923789427352,0.4436070398168424,1
0.5661754440456009,0.2016703451800283,0.92241846270668,0.2610403667312746,1
0.7502749801882648,0.47563775350644344,0.7456034284625237,0.962643755198042,1
0.7362772948577417,0.21141961082308391,0.5902007280030332,0.6099664973563743,1
0.504933607677144,0.9344154002256435,0.12387817040506487,0.6078520743626742,1
0.7953959128182521,0.08382850859129685,0.9037465180906112,0.2375695088834935,1
0.8741372629570193,0.8293738780894343,0.110235023079916,0.7880156636369112,1
0.7624626458739195,0.8517569028267815,0.8773266649456776,0.9106964298382821,1
0.2651216772233582,0.9804716455050394,0.2499455804879714,0.7522834043679935,1
0.6491812811407291,0.2902905336442435,0.940943986357093,0.03582206287420765,1
0.04541913495766553,0.38548745098306775,0.7006069012384539,0.48998252604007,1
0.7542005436215726,0.8500179621956259,0.08541187975801319,0.9972240580219696,1
0.607429276450801,0.4462672965166641,0.24441318525213995,0.43599269160266174,1
0.03654386432331752,0.16536805525320256,0.7339216998761301,0.166632203628188,1
0.7022399887247424,0.5596019687818434,0.4889006363889235,0.19343875290256884,1
0.8194418780631924,0.860348358042674,0.5150297086319529,0.08071555178232855,1
0.6250875317535917,0.8616639667669297,0.7560908398734894,0.5173808349724796,1
0.24940927567159202,0.40526312985216045,0.485161253389085,0.5751911280800861,1
0.5928845028461822,0.21562839425457322,0.15870797768456613,0.03398429060292574,1
0.13585020537138864,0.8398221255897302,0.05307651470438414,0.2446316570066247,1
0.5140456418225118,0.7292314819384418,0.8304242832200714,0.14523141003267384,1
0.1568863413030786,0.6641253744574588,0.1252809938565609,0.5521578404184551,1
0.018550957946372355,0.26697774583202216,0.9835849656964216,0.9530229156281911,1
0.22663139264571394,0.5068089497926922,0.14827804193156757,0.08294519443499712,1
0.21901564536170254,0.3292057145852346,0.18708188474105525,0.9240448652040468,1
0.29998844062014957,0.42078635442419027,0.9165532180254097,0.8282421409308885,1
0.1846585640576022,0.8623571923086588,0.3309759278353562,0.7967892081543843,1
0.44979462096429507,0.5889138982922377,0.5322736382474669,0.9479135510321315,1
0.48783641065119054,0.49539735779205,0.1441899531781836,0.06349715073302936,1
0.7212048208210634,0.14692243782528513,0.6366430560943107,0.6796022280774449,1
0.18679293206928752,0.43636502766787805,0.5886578430462164,0.2574201286993565,1
0.06664229697294069,0.7914531332654647,0.49467375278366243,0.7589602637551156,1
0.8226615814331554,0.7879046112448456,0.1151133420580107,0.20345024484414828,1
0.3197808556625316,0.7817697877554151,0.22741129247248235,0.7238405935705686,1
0.9191972321271924,0.2468258736663318,0.4872075341182576,0.047048143699615234,1
0.13780301562864344,0.5361901163736592,0.6085045426812942,0.28891131672952713,1
0.179719442235452,0.22900833828367007,0.7243718816283807,0.9171715670878463,1
0.7242868977227714,0.6654593895106042,0.555249136894486,0.8428199522073986,1
0.26356229928902264,0.02334416155717696,0.7490520529254716,0.8317923256061651,1
0.6453927999435678,0.7797509950552538,0.7913753981609006,0.8931311843627351,1
0.12061638947093442,0.16998925311893637,0.7725451371436165,0.3494822199427097,1
0.25551681659274533,0.08538676969074847,0.3493913775531156,0.21901193954677664,1
0.9761981321901455,0.20361178055120935,0.20910495144524588,0.7479672857162859,1
0.5258160849415776,0.3204821593458016,0.24060664940948878,0.7068687268198519,1
0.6625575211485986,0.2932463654778042,0.9481179499806873,0.7394979502735455,1
0.8960723893938052,0.043901693184895806,0.8535238338012255,0.7207440385471977,1
0.11157897984278775,0.26583463885789016,0.822410997874065,0.6537614890802662,1
0.32914481919202243,0.19182045264062209,0.144058181303899,0.3785224566774012,1
0.13955568683394234,0.5357691670869933,0.6100514836198373,0.2899102099397641,1
0.6389925236161539,0.08703620206017246,0.6756909918885649,0.7478666105482974,1
0.15748997045005148,0.362350155636815,0.38260399009033813,0.24748244698070782,1
0.8103208811074465,0.02109808989225317,0.6069770257635713,0.22620749965789916,1
0.5558627472250145,0.3960633902391652,0.3420370919111771,0.45958331851396866,1
0.7519606215131687,0.5675164294934385,0.872539433572028,0.46936005540059733,1
0.03605632730884136,0.4466610794633962,0.9574367725880097,0.4771973763754748,1
0.45316429832632266,0.8735929181684299,0.5955517789345895,0.9007213364658417,1
0.5475810456293411,0.9020523241809985,0.7332287630459753,0.2772588204518516,1
0.2199510995040645,0.23532279075744542,0.0497833453720689,0.6715005933636625,1
0.9590856774414404,0.2658249603940907,0.760135529391819,0.3438389628828466,1
0.9493812752937868,0.13599639593848964,0.7027092512762705,0.08483370205838085,1
0.10930927398870124,0.38254260173900645,0.7449887120266298,0.7282762912026193,1
0.5414697793666922,0.3268650000921667,0.3329306365208231,0.11556312348319847,1
0.6316301026951984,0.1849370971873999,0.3072707291351723,0.8127087118242996,1
0.18149248144502783,0.042982026057029596,0.19304133574542745,0.4153697400242405,1
0.7350173915460441,0.6123998352135445,0.14572120050750142,0.917584476994941,1
0.7614320078453912,0.45240443639904254,0.5591912033903823,0.007556684993048205,1
0.1191117274333215,0.19305267675014595,0.7454967320732103,0.8818570589774541,1
0.8867466656268004,0.7107095005835015,0.37401410705805554,0.36316503829347424,1
0.7494206717099129,0.5320248601797579,0.12262672102460262,0.9087037940997886,1
0.08719324265023404,0.8969339534657955,0.4530775301467854,0.6411223047142459,1
0.1146504267403159,0.1374909812740034,0.8670183700619188,0.7676343528223013,1
0.6502719531061616,0.19069646908444784,0.0642609635673299,0.38996264064043756,1
0.011398880002598658,0.3104953980968552,0.037914344808173225,0.9270280404507968,1
0.5381117594743821,0.5753226444524934,0.13660492138911345,0.9384527185138453,1
0.1951972082064148,0.1158261715184385,0.18874538017960069,0.4039911315101993,1
0.9642775579041045,0.1667639363935906,0.1842496015860483,0.5368850296774359,1
0.9630600846749606,0.5240998306523892,0.6278327574440065,0.14153332784538447,1
0.06893554964055482,0.13229901556986065,0.8283766507189757,0.798957217726684,1
0.32246463822164073,0.20058270823361424,0.05985711516954984,0.4120359604654348,1
0.05800828742178835,0.7748073903336673,0.03385234317645231,0.25783400806582174,1
0.07338039303922167,0.20769050503212855,0.7842597708340452,0.31526257699313487,1
0.14310611215713856,0.905873829501772,0.17333133921020114,0.6637948244962049,1
0.04118105619808407,0.4309409727894673,0.6954654224481963,0.5054432098985042,1
0.7882179153518247,0.9653355505325375,0.6107605902812705,0.48373567440499177,1
0.4922424026907237,0.5793907447258755,0.22446219665657885,0.6569236136287656,1
0.2582141662986671,0.1126378156256282,0.1410891288471511,0.47735434758278017,1
0.8270617228122483,0.246694014669729,0.15912365125921313,0.2660692960067258,1
0.022610004887174517,0.37093251093636426,0.18913015556287605,0.6991522409937458,1
0.11455238175410808,0.22115227316839275,0.2838502206109126,0.8500679324653229,1
0.11940066190271853,0.9670542705045683,0.7375384493237399,0.6135332220171111,1
0.16339275610401904,0.1735419435348339,0.3507957002503371,0.8430465594595065,1
0.9621843277021993,0.15424018021142277,0.2426388472837761,0.7445405220298204,1
0.6105902064336115,0.44759554988252986,0.8768855342774052,0.48318733404124076,1
0.3040103048157324,0.07648278471681816,0.07513358271043145,0.7103938249211668,1
0.678997900045787,0.17739096250041558,0.4780689980882502,0.8480239756927407,1
0.04352405670850705,0.17821320801179832,0.7386354079994477,0.24337277715509387,1
0.04184898328756454,0.33014467717730595,0.6843750631196912,0.7780987989716336,1
0.45604076654089043,0.9503978665008551,0.5095473044115587,0.7494143171715391,1
0.8970526789759409,0.8637411172687235,0.794311377466646,0.9046437585209588,1
0.8033870077059226,0.32459035395618085,0.2588526576614287,0.506497056924647,1
0.5719823559011286,0.1372961250895414,0.766706332324767,0.9120555641731682,1
0.7124657188388769,0.5428923564497397,0.9686278899305781,0.011683119928290527,1
0.8333989169353158,0.9153239145530592,0.9506171798147641,0.6273684798229959,1
0.45154027028190036,0.7235659347916306,0.191345818744499,0.286072511828588,1
0.6152692677473528,0.4024331341171207,0.4752185782623909,0.39475303822938,1
0.8393487029440668,0.8951148005161815,0.1036329433052915,0.8370371377020329,1
0.429198537247745,0.2501837768713722,0.7428388983041537,0.020703063983417612,1
0.21307808740110276,0.395826996296226,0.5253499936179629,0.28246750912996743,1
0.8197432826966895,0.29125994423466584,0.2346393661762772,0.4255086440175032,1
0.5424161314851348,0.35695348816968475,0.2425576384239045,0.6965226254754869,1
0.872417940011626,0.8578536893123446,0.5291010686602832,0.14166840051643242,1
0.9393459078253463,0.221077332137594,0.041825226076046135,0.7939977199875807,1
0.19425588438384844,0.8868786402385721,0.0689345997931572,0.23481897940692423,1
0.3489489401776052,0.3117983004582995,0.09300748091025828,0.44768268484890494,1
0.47193655768132786,0.7655121455351845,0.47064694144082597,0.06936041726155387,1
0.08119701390890698,0.6886089252537491,0.7884482901015247,0.5394878478690931,1
0.36120259772848107,0.7718213976041093,0.15418748792709172,0.15960827745509917,1
0.1399122032384739,0.8216177164931855,0.36400302183683225,0.46053378345144913,1
0.888814288543791,0.28941267754967587,0.6256504608857011,0.39998850698732585,1
0.4106415544248872,0.6210925602192751,0.30227846093033,0.7227785576858965,1
0.7076980889289687,0.7412284613931118,0.1280573405595759,0.6548240909346335,1
0.30326470467947786,0.2161443291023548,0.0855455824065409,0.443504433485704,1
0.5529585385256512,0.9236740671646806,0.7292757496956794,0.20577983461318558,1
0.5666762448498461,0.7667088291813782,0.9184339514768504,0.6111717166087495,1
0.16980284828792291,0.15430910591160293,0.3309152649012102,0.3670460898013266,1
0.3697115360578913,0.32340250168639373,0.8689191341064537,0.7123485298920796,1
0.28947148780420007,0.08936502144763418,0.07059430690406657,0.7069033918698254,1
0.6888574672494499,0.7868287879012401,0.1827349238737268,0.6380883256930802,1
0.7189199940632472,0.5225912000164046,0.6357130012880716,0.48813644402998646,1
0.5654619845170784,0.30960054259805536,0.7824681670176832,0.4790692083150109,1
0.12481540306791147,0.33149494567486026,0.050191906441300935,0.6402347670815326,1
0.7794246576009385,0.5098930871803167,0.5822850509854002,0.792883826136279,1
0.15223306579347978,0.4160233404603098,0.45977095883702324,0.8919192594436538,1
0.6957808153475583,0.6427688323835582,0.9600660193735895,0.0909418718019802,1
0.88875568142131,0.8560581029479205,0.5336455330715746,0.15636240663847495,1
0.398251087432714,0.5754007319899079,0.8812415712252544,0.5239747630324254,1
0.8469742316329812,0.8408963910470507,0.18389348970163857,0.7304159410133775,1
0.29108795493178335,0.682226163893063,0.8302459222100825,0.7919170538770509,1
0.6852134216375891,0.5798623765824261,0.508899815077124,0.17626234372485902,1
0.8684632670927853,0.10989521225335247,0.7201626827931147,0.8859565428161198,1
0.8783775757111971,0.6947453040539847,0.445514424638635,0.02334203236627075,1
0.40149178558519455,0.13485912438846825,0.591560625996411,0.2975265893463772,1
0.5517121112461462,0.4436797350660354,0.40152363466615293,0.5608369677938888,1
0.6053515745423185,0.11123670983525567,0.6750101062360752,0.49243602356232996,1
0.6265250099924509,0.2758952164260597,0.8693805170806879,0.053599631262580445,1
0.5744504141176081,0.7461273169322697,0.45366936590830376,0.7948083265166814,1
0.759741876616295,0.9600569365816123,0.9089831628647732,0.8878545131358409,1
0.017685266420532766,0.5971752296225487,0.7875144594981416,0.4239551055998772,1
0.8004876766097473,0.4805554271075866,0.5136585327119193,0.7506804321622885,1
0.07702275195375802,0.7807328358402711,0.6018306379013203,0.7936708876711857,1
0.05293351051067288,0.23190559165942715,0.9389079217032099,0.5465469175384947,1
0.6437210804720309,0.6610619876190312,0.41701648447267137,0.9331431300117873,1
0.5243069453469802,0.07200320343834056,0.9089388510289931,0.7935016868642996,1
0.7420030325332296,0.3517657890441548,0.5282244331545609,0.876935064788993,1
0.32404596797755053,0.5985923948922021,0.8382255273374525,0.7192661020494918,1
0.8841030213155361,0.4954223614966566,0.14998977504022942,0.4170864660991243,1
0.1721476148825788,0.9309421746556354,0.98510687828169,0.5968151822917147,1
0.8513134793891279,0.45498879548822335,0.2918098574370266,0.4664031983152838,1
0.6446636321849538,0.3982714771668917,0.045976308025480576,0.28040845823655375,1
0.8041426664893542,0.7481615347188098,0.12282916031932452,0.7063959857099212,1
0.8918771504287788,0.659030463202761,0.5607146568004557,0.7597294529640746,1
0.3083043319619692,0.3154510121808982,0.6322538687632356,0.8626960218798011,1
0.4399324743894227,0.6675703759478075,0.5061968188258109,0.06177577930425517,1
0.13742562577745163,0.3558156368004901,0.9279459820545493,0.481462851318316,1
0.5866188661189102,0.11619048619325408,0.8534636792411701,0.31630457508783566,1
0.9818855319605471,0.19975817012837188,0.7621919314718693,0.47727257422742886,1
0.12361777217610709,0.12026561403033158,0.6684933073913193,0.5769609018636265,1
0.567590135033543,0.07394086175508516,0.6254286024340425,0.7198344626706246,1
0.8174018260913997,0.85176900471447,0.5289865679869843,0.07356464381273115,1
0.9429300677653041,0.38753258866665746,0.31095668899147005,0.1956268090363057,1
0.7505485280983021,0.3384210219298683,0.3463942164368949,0.9231591032404572,1
0.7032340197557664,0.7402876035627771,0.12788465243148267,0.6532695342359076,1
0.2511697465369516,0.8434327759094947,0.23998960554623103,0.03191267070260772,1
0.1771671485018218,0.6245638921247709,0.7859879001957293,0.8463569269713952,1
0.2765450097486801,0.45314635018665245,0.9293572225750215,0.9161397088943353,1
0.8905061139385421,0.7003672908815305,0.3749139491818836,0.35601707633272345,1
0.7559591981653075,0.32000462779630406,0.7185271788676607,0.6018823551643991,1
0.6501332916876985,0.6609065492341883,0.5471209360654127,0.19685760102233557,1
0.8527568316480696,0.8455398791519088,0.3879150139586853,0.595224846505455,1
0.24343650511953402,0.4210581691850197,0.04336773775166188,0.7659522677254751,1
0.4815657690328533,0.9889826187166665,0.15359620113871253,0.5498694040714345,1
0.627936074625973,0.9573013543976896,0.14717691724348286,0.5055993422142034,1
0.059971669848724776,0.6428180160870257,0.8551445722305632,0.4123421260735252,1
0.8759213902596549,0.8501341222252116,0.546592166923605,0.14081469383030365,1
0.45977969801785046,0.15262471660545762,0.23867108830507572,0.47311013566003374,1
0.9938329468240792,0.5773617897114476,0.3583553650808507,0.2766028578710665,1
0.5929485534583627,0.8158045090723133,0.4390449454475507,0.9711855590640038,1
0.19512241179753723,0.9283226982373959,0.7235343699005375,0.629358931665381,1
0.869131518195786,0.511736468966347,0.585979318554638,0.4974818985106565,1
0.3997325099421088,0.42925340412173224,0.551087596160092,0.5118638437455793,1
0.1969819474516468,0.513762946980034,0.3935752738623301,0.39320905176952914,1
0.7277436529486535,0.47860109322452726,0.9960998028791519,0.5986195589122596,1
0.7498057655615915,0.9152752926208143,0.12366715926237848,0.9443970328699454,1
0.3643495829527336,0.3087828807498855,0.10132030816540874,0.48368054657787013,1
0.8635653964843153,0.4343548535666552,0.29180439152141,0.46271187899436583,1
0.29171487154907355,0.7948442595841215,0.33379836851339095,0.8769590866199721,1
0.6656750919596693,0.3366534829828383,0.2985095966958893,0.9019578535153022,1
0.07549254053923653,0.12822096623073456,0.8723733406577362,0.7871911208755615,1
0.6367945912820496,0.6206467686765461,0.3817882040594467,0.9318068332005449,1
0.8803065274216743,0.4918803163541541,0.3566434432363441,0.5489271605163832,1
0.45213292355383183,0.35943599206205723,0.048586376661655356,0.378816630437024,1
0.22291443770975122,0.37764043640046124,0.5258034781475933,0.8371961971142535,1
0.1734970433531993,0.808270313362689,0.28088925766124556,0.7216395880485403,1
0.12535262898707217,0.028339878967824417,0.05070406907402197,0.3745794589484418,1
0.8927607929554549,0.27180610343441924,0.16289592299360212,0.6743027515436082,1
0.22970046819650072,0.10893299831956157,0.761297136982292,0.12360586249331965,1
0.5816377035529439,0.5178837915904704,0.5014427752056253,0.5012292350052316,1
0.6862431617635258,0.7725378393079598,0.3975093595557284,0.839565134637239,1
0.449642348808515,0.962686782356334,0.21179509803280805,0.7915356577776148,1
0.7866739968710135,0.9532630500723692,0.10951458238895936,0.419039438154971,1
0.5833913889297114,0.4175369297689484,0.2458730469291753,0.7095554698481722,1
0.6398614639018149,0.5981670683705435,0.5657243449490146,0.21912896822914593,1
0.9291066292681954,0.9024929688419667,0.9150534623582378,0.9307093473337408,1
0.7804413443264172,0.3099848179681088,0.4056825477493467,0.937289237562578,1
0.6285241875804308,0.019666969852339282,0.3740625559125618,0.5553398456288551,1
0.16614356009241102,0.34539988953837103,0.06609846017699522,0.2225132523653808,1
0.7162833989341093,0.08645346810411739,0.7032140450419744,0.6503545067605097,1
0.7990171190645725,0.01812093973714721,0.41284854926868547,0.22111155918270484,1
0.8894888001696554,0.15191046470095265,0.4192835715845798,0.3579459907405812,1
0.6866935740658572,0.0627801067408518,0.6830565464444727,0.6036789301825223,1
0.06785381977262618,0.436715205416652,0.33693872254993323,0.5419228594064275,1
0.02817836166663587,0.3236304090512107,0.5599245992418425,0.44524076717892475,1
0.045604900411962385,0.36384464219979695,0.7289451846520272,0.760198232099168,1
0.03976865037183718,0.29495669028492877,0.6185357331048806,0.4868571817477654,1
0.27399049722447016,0.42911985519750373,0.1267914383565555,0.24453498865490106,1
0.05177945432956855,0.7440981799241572,0.5138641442936568,0.19704046683099435,1
0.861914325175414,0.940298995109646,0.3626145014562898,0.5152864246827041,1
0.3373785795634068,0.6748733215407707,0.039524488252702966,0.2758588253573146,1
0.8161419506916574,0.7968024953923414,0.5796463173704159,0.05573221638151438,1
0.32766475023600217,0.4809132225982316,0.948356204189461,0.11455583129631486,1
0.5308703956513581,0.9103361582270408,0.7346602347355055,0.17148714128877032,1
0.6523374268333982,0.5089222384433443,0.9933254504564029,0.6521505657991894,1
0.7745083028653457,0.9580191146015785,0.9118066573850785,0.9013469162093043,1
0.15943405549298428,0.6481431591574854,0.7379818283283546,0.7146540096854976,1
0.14628283434327777,0.6112370994956935,0.14856620167563897,0.6237218031299323,1
0.9647981392989828,0.6435322133505643,0.9360074839636241,0.9801258622213908,1
0.06029619329782179,0.9209679516579166,0.42480756798228225,0.369710765663985,1
0.8930848655426458,0.6272926484594072,0.41424751247432273,0.12538429507247953,1
0.3696615844490743,0.7673028804939251,0.15766689821141128,0.17145006227153614,1
0.35845870986463413,0.32064711780246397,0.08186645817715829,0.42190775208321185,1
0.3723971648193219,0.3145600562792218,0.8686876094916786,0.7162213498682707,1
0.15545732987209945,0.7322216365214503,0.038799656702347994,0.7996390756799832,1
0.7421209208864501,0.6781631311709758,0.388396519614261,0.36572818369313487,1
0.34976148321246375,0.5582580479392751,0.594974980983833,0.9353128915272022,1
0.5262672717733837,0.5022513926522112,0.055096568881019964,0.43200780685966184,1
0.771944454425955,0.2641748302701372,0.1744992135114523,0.7105818367999719,1
0.08993533972440282,0.14872608472248477,0.5893872452240438,0.8431369450194762,1
0.2728977053149041,0.5369047668865314,0.42291568464893553,0.8132261386619515,1
0.8943657991664582,0.6323342199112819,0.853597870646294,0.3670929069605718,1
0.34963917841824754,0.4796884174702345,0.41426147394852053,0.6372354041293338,1
0.023580901443953896,0.35380963476674215,0.17387561051543957,0.7091777866323906,1
0.266293617611704,0.1718582585232407,0.5962582520561087,0.9073663178849115,1
0.8281738659754896,0.4934159760122035,0.5122649832710279,0.7986569626032218,1
0.055310457803182285,0.8444425807488273,0.47069613515365333,0.85264802020648,1
0.7613884714928447,0.9006206887748082,0.11927632696013254,0.928117028783472,1
0.34267742598778445,0.47042565849678675,0.2354234570503469,0.08847740856147837,1
0.9917635188383211,0.20725414055172303,0.8635193870028284,0.36807344919633167,1
0.851799564104463,0.2991250163877651,0.6834244873971084,0.36150705053987703,1
0.043651225342270616,0.5181167443179158,0.5017073373121602,0.2803796438272557,1
0.7175658492565681,0.6910243776529656,0.1989118047421245,0.9360028835184276,1
0.10675321109255868,0.855940787474041,0.04646052533231844,0.4351930848783737,1
0.4413452569088752,0.975575740270541,0.6585938918788515,0.1987334452584504,1
0.8224585520399517,0.7940028474172642,0.5672239964502311,0.06057217485903613,1
0.021179049255902967,0.34591427818060905,0.03713016803776932,0.9474293307530587,1
0.43797753325961214,0.1014220884843827,0.36106972695709016,0.8218651428417406,1
0.14848558706721735,0.3009731037900958,0.2533557873568534,0.8293379591149578,1
0.19139719640881261,0.2056624121008689,0.5258445376490455,0.8743706204422861,1
0.07765439018459586,0.3181395934366308,0.4592069098354566,0.17186118933293862,1
0.1290634549304678,0.7693531903315979,0.3032727734917252,0.6944421811445207,1
0.27471798266704156,0.630292229998268,0.8931734200545961,0.47362257196749474,1
0.2150534528358227,0.13566472346175745,0.9102748371878326,0.2693950439666985,1
0.4863779380238468,0.6366760166358331,0.46309075619783296,0.4254530239225802,1
0.8955637337072596,0.6891499668914446,0.4520945049755925,0.04856216260029181,1
0.7787888382891641,0.8653797101427863,0.10457379959384433,0.9167323190329193,1
0.14949575025052608,0.11162051122493136,0.3139710273210056,0.3004403172186052,1
0.03656336560538853,0.49769828706045705,0.13730246770221632,0.1504684819350226,1
0.21873493123216609,0.7114208759632001,0.14000594642624303,0.5854071718047215,1
0.6858214184796454,0.6881853636427031,0.1241062127341753,0.27741032429656476,1
0.32732323776862443,0.27810962728216054,0.6464230852002442,0.8637945050786455,1
0.181854909720735,0.13394915395859258,0.30921471238158243,0.3466345336165206,1
0.6591420911215687,0.17537340401159035,0.06357703301423108,0.4308203258242453,1
0.5890722905816378,0.12412821744365161,0.45155035718254033,0.6813123786549493,1
0.5932030134290718,0.660566184875346,0.8064138295009732,0.7516250977875417,1
0.3340237283934411,0.4680060780574334,0.2235588936075022,0.10764130218583023,1
0.5281962920416061,0.37175020412125176,0.08272499438750323,0.33392367321445837,1
0.07772395271697881,0.5105805574136562,0.29175327666173545,0.35238557206066184,1
0.4404808846813578,0.16580381570872046,0.2763155934429075,0.5218843085115787,1
0.3933624292645321,0.9523243803841274,0.8924632760164691,0.7410360843359927,1
0.17943605843774244,0.08618467615020223,0.09620023067540408,0.3323930613332164,1
0.02256546723581119,0.32128120623968376,0.7421211860338627,0.4343674150734108,1
0.8355138046189577,0.5051311709601833,0.9793645486755368,0.5130725839333735,1
0.4209023622168433,0.02919551254384499,0.3909981589140038,0.7140383874807386,1
0.06370686768237505,0.5178803136177241,0.44376290921657735,0.3704190832320274,1
0.04007284745456509,0.5720895242450672,0.30980485343079134,0.4752646114127026,1
0.6698545985580417,0.34435057192484997,0.8441930110696091,0.7183147851007514,1
0.2440543308570447,0.4504089076082263,0.39319544086412495,0.10028765768086251,1
0.6694413234283307,0.3513902016865287,0.42023730820225846,0.9374839876130207,1
0.20841519015007248,0.09804807217169864,0.31489459271585385,0.32026015535845886,1
0.26531951610539684,0.8287062563362472,0.14300734870737286,0.04639749733931082,1
0.4086878308818543,0.11565454412159254,0.6907832648406921,0.17724707869571996,1
0.9116546030970872,0.4982501089107479,0.26331233070695653,0.2209740079580943,1
0.5975972036841088,0.06573667443034145,0.621713230031049,0.3336231005735094,1
0.13547562669138605,0.6099903107298917,0.764722110882434,0.1436709645989881,1
0.034991302467816954,0.2669180538583202,0.7713659318324608,0.37360057781224515,1
0.06471277158371211,0.9103243658657325,0.27353633028386576,0.207540437836998,1
0.1587384557515213,0.24873685043197313,0.8570128862891477,0.671298430964976,1
0.6137407793394121,0.1931628298709246,0.29575761197360545,0.7762227346966784,1
0.8428603835085268,0.3214373977148611,0.201578968592094,0.26899872549705023,1
0.6400903028826289,0.7657135336068938,0.08503400375221075,0.023365106137085666,1
0.8423124612719853,0.6011187004169073,0.8554670444143028,0.43704485467200943,1
0.6437761366555661,0.4982301479563399,0.44736820244266307,0.4871764666820353,1
0.35033834896263916,0.12834591367036816,0.426311113986837,0.20190964208007503,1
0.1876868914123424,0.18953057238659984,0.4006110383951173,0.8624754943903213,1
0.7469291634259531,0.9576034061390516,0.1035440093097276,0.031532825553918564,1
0.2864735716440324,0.6775195576189662,0.8266185117205562,0.8060070252410961,1
0.1311526580119167,0.868054987149854,0.36975673445703783,0.5348084039316001,1
0.35109000160634496,0.8958202179855475,0.8704677490485612,0.6991662824105942,1
0.13312666557337557,0.2014784474296796,0.7057786344221589,0.7142324753243907,1
0.28867873236157404,0.07111188691696035,0.951467387166169,0.12296567825427755,1
0.22488952117606797,0.9489150170343646,0.6803263288974404,0.7048106453033249,1
0.060004797114851786,0.5398759398845282,0.3830631815438842,0.408377371878789,1
0.6503198405489613,0.07167177887842723,0.6077926411626156,0.5416328636260276,1
0.18151538230800413,0.3285730128456668,0.082211226718439,0.28787369642407684,1
0.6059684065382879,0.4732653831550102,0.25044011656629345,0.6771091199513027,1
0.387129111038218,0.9009107961116585,0.9218439873427278,0.4837167951894727,1
0.13000855076621057,0.6053212433300404,0.7712475184668482,0.8456984067826717,1
0.37677727064861855,0.18751247084666806,0.8155115649633758,0.21978096661491547,1
0.9238496167384974,0.9176143316941537,0.7095846500433134,0.08885310642769989,1
0.27863858090486643,0.503113922765107,0.24917699938997429,0.8172656198190299,1
0.8007261120143551,0.2802747898066642,0.4825126636793552,0.9541845883290699,1
0.6377069258950118,0.023322246107130476,0.38839500343084665,0.5084730331010205,1
0.8409873163204724,0.4435248722358033,0.9485404110534635,0.5892426061542094,1
0.2679817164783516,0.7880076867023312,0.1360047991534423,0.5773942131733684,1
0.831670379583564,0.109795609711896,0.8494807985558276,0.7210969257012317,1
0.2674873858598316,0.19986636096046306,0.7018414265036872,0.17682639698625907,1
0.5822456817436868,0.1751590288671451,0.09788488987431065,0.9874485480291326,1
0.7834064829012031,0.9539937444286735,0.9143542080208178,0.9069296821224258,1
0.46416665487391273,0.10021295270667957,0.6388092070553214,0.3467584045669,1
0.38579231163663874,0.0704250065850453,0.7953965957122777,0.7026532601904402,1
0.5644881212770675,0.30689916114001425,0.8117321345133036,0.42758970416804476,1
0.12136051435585458,0.940597154931814,0.21855250161857065,0.6642866686187476,1
0.9270363030135232,0.4732343969267596,0.8604765070195751,0.6373997517169875,1
0.8583735294382105,0.5179958210899183,0.790773538251687,0.9808004866059762,1
0.9054251737975003,0.6225822638377396,0.7894450878511292,0.19853873336298522,1
0.31225469177339005,0.8430341411224609,0.6345145326852224,0.2207336789953078,1
0.7229957442744459,0.7118243013627459,0.11694410988517746,0.7065875838239926,1
0.19149189787809376,0.6678365271271435,0.11025122921527623,0.6885128520517261,1
0.9039855048371083,0.946649340637452,0.8947206823375545,0.93580929176919,1
0.6118348454057351,0.28584678771857347,0.7501181586757766,0.5059179928068713,1
0.8607602549947955,0.5856572021438481,0.355047753924871,0.11181923203054409,1
0.7815923539630255,0.8675840628798223,0.10703615766779308,0.9071072112486628,1
0.16537329820267288,0.9602963566898678,0.7167978523186962,0.6018347886808076,1
0.47365419559862126,0.9033889225824742,0.5531504572886197,0.8810898380167566,1
0.9833615564145186,0.2679834880039383,0.6163873382814578,0.4154002574882138,1
0.02874619455998432,0.28291735378033944,0.7061920216220673,0.4563772708599327,1
0.5822191052616733,0.8299001762034641,0.10671889114909981,0.6901152764581936,1
0.6547857675824156,0.9181770097121776,0.9395459008064109,0.9238114288844577,1
0.25820292220675733,0.8672945980003587,0.8673891373838868,0.7052322629310501,1
0.433845857093675,0.21801621058662693,0.10179346921309552,0.9889373025592432,1
0.07512794475006844,0.3175332391227744,0.4771818588497815,0.1642739705524327,1
0.739345304644593,0.20741411378450084,0.49556385841261963,0.9484529513234827,1
0.5674329269949714,0.764960715294849,0.8871808000194601,0.5615463313850435,1
0.7031768566955762,0.5984958435655412,0.9638613034571213,0.05580825497554112,1
0.6581823825418112,0.1759630691634114,0.06343814817518026,0.43094337239533265,1
0.7674081242977622,0.0034919418268377182,0.8961662293406959,0.30589106921715803,1
0.2534365686166067,0.12703060255927665,0.48981925819763605,0.1596207252563515,1
0.123069507123202,0.12913144048732678,0.6591462872864089,0.3491826324767263,1
0.6928830865164487,0.5274944635090144,0.50457958787924,0.17849752562629717,1
0.17542474651083315,0.8613479835697985,0.8892374649353629,0.4165782426565757,1
0.45007271814585914,0.5963825376891388,0.2653330168944579,0.6737013928328015,1
0.2744338017341427,0.6880592466893349,0.7756020988167399,0.11489954425222088,1
0.031859692882029514,0.6390592700050606,0.47035366730833494,0.20092668501636532,1
0.37210398001466954,0.8532112390056942,0.5157827821249102,0.13230028350989065,1
0.9066074013025407,0.12427074647019597,0.4051996739173854,0.768833835770915,1
0.22330682226937296,0.5760549246686271,0.45959257787293795,0.7867307167280074,1
0.44701392724521816,0.2604844161774452,0.8455009890620244,0.5446110696181196,1
0.178362312992219,0.34822593841709215,0.0694853301781127,0.21631172595564532,1
0.5900501304432196,0.7675836080153695,0.44073191712375387,0.8197595016065042,1
0.606932588653329,0.9283627849783417,0.7301855030337986,0.29557234091398155,1
0.37256701473424203,0.7657508936083072,0.1588619803587772,0.17551739106309888,1
0.4846687356133262,0.9586553511555895,0.49619891617969164,0.7719315939263729,1
0.8646306354079214,0.4575116204975792,0.2846549621694032,0.44964457180546363,1
0.038075690281104566,0.5587896634548113,0.20266618429042385,0.8904112553467228,1
0.2037999058600602,0.3183512931270104,0.9605116053994727,0.03089074830908962,1
0.8549160555966585,0.5840209914031536,0.9115052018145154,0.4163599482137499,1
0.5678603568099275,0.5254437749786062,0.6935946868442905,0.12566822871571331,1
0.41894200439576157,0.34639966180331866,0.11858319289552319,0.21594495020269527,1
0.9245689698081179,0.7716156773758417,0.7959316160435119,0.650844428460099,1
0.19396052525678104,0.5099089366600329,0.9757192251943612,0.5167172411189769,1
0.4837830519493353,0.41082854786989825,0.4279997956723217,0.4504115704048302,1
0.014203042691775017,0.25679450515560187,0.9652540115811629,0.9305530999240987,1
0.35572441750023714,0.024171985779856804,0.6782302314603219,0.6936204561738883,1
0.5528362578387243,0.33892971581388154,0.276713743832122,0.26062014986197857,1
0.07575386550601662,0.2296126342196135,0.058520039724199016,0.5295309334354563,1
0.2732426691434451,0.1102910626766166,0.41673863951075707,0.7556673682529429,1
0.10977554698797798,0.8594428340413199,0.048460259517484124,0.4327317687563981,1
0.1609148551633497,0.4106153379816529,0.46637784632227236,0.88156586518839,1
0.059429327511953685,0.1102113461784844,0.9035043129725135,0.8580138756920358,1
0.9576155794483193,0.24852256948857826,0.9163955611214549,0.6238787604479259,1
0.0406399668811802,0.7181632972726952,0.4755485778734576,0.20164298932140143,1
0.5848677867276212,0.7702114232488942,0.8864649287590289,0.5893020449910006,1
0.6141464851009548,0.500688299290586,0.874915113625996,0.9795741646321449,1
0.25910847220982447,0.6057332007310555,0.8969615213658688,0.48532039314593045,1
0.6695357029699263,0.7565681617571932,0.40867407068774786,0.8203681247085595,1
0.17127881166199582,0.21368593235377548,0.6147077983530501,0.8863905679752666,1
0.7977807453386875,0.2866113121272637,0.2343512587414692,0.49051916144868735,1
0.5977842209424201,0.6722033011249082,0.20795713764258272,0.36082982425107823,1
0.6204235247936397,0.4950621928240805,0.26520094801062744,0.6467594475849093,1
0.7206833868971464,0.1440423049581153,0.3008109368316852,0.5045161781675086,1
0.6582636898744447,0.9688826676723872,0.872482683171117,0.8079174525020061,1
0.5927270102493223,0.7200448057424731,0.8415808174469704,0.6418300009759297,1
0.2266438744137825,0.0218197269458481,0.15504900221174092,0.46246077987100165,1
0.6242948274605487,0.8431688682017944,0.10001459467575899,0.6729992969033952,1
0.2378936249204649,0.5891542436294441,0.19052957496584177,0.5845902205835061,1
0.24771304135401706,0.1912322141282906,0.06298722242716956,0.6893481197665865,1
0.9926969385718358,0.11019044130926592,0.45703957693387176,0.35278022492708705,1
0.9246569484827788,0.12131430311919501,0.5830850963748422,0.9681345056815578,1
0.9790775149566775,0.09681332278813432,0.46511202182176287,0.3523289031837254,1
0.46161886522624535,0.9444204495423252,0.4964725493391522,0.7859385285037968,1
0.7376361098570531,0.42744973091953503,0.2717013995499208,0.2991560514174148,1
0.037476137289705454,0.4377607632982454,0.3960857032478241,0.5935914304720237,1
0.34578085621553933,0.1831160387530355,0.840785230170263,0.18468805043363018,1
0.27368020687255523,0.1358716315842997,0.5510511775061268,0.18055087891523028,1
0.5572764611122253,0.7574575267382748,0.9673743712945865,0.6305128078687954,1
0.7904160205393069,0.7167289097931262,0.07795729856109536,0.16755255487949078,1
0.8457714991603937,0.659064637347796,0.40339667198134893,0.05655931936034752,1
0.09266791728189722,0.2940083219179441,0.7690160666770716,0.6395213574888214,1
0.5492804680254021,0.7552746967235466,0.8923298638006177,0.5186190349555564,1
0.7136809206840496,0.6874307216454922,0.7900643918922449,0.9590534513013674,1
0.09934664622280737,0.3540127294164672,0.4801852602171569,0.13814890917701145,1
0.03614110079207983,0.2766717972377929,0.6835678671775937,0.47535313493272824,1
0.6692563863123536,0.47060618295910933,0.5663759982911895,0.8858073520531368,1
0.9288664352448124,0.11007512872039432,0.26967787559228956,0.7911351415124636,1
0.21244368573383066,0.07571441874814037,0.7324553347428105,0.8079729295978505,1
0.13336625144280628,0.29038265458495177,0.8266104656516363,0.6720748574572116,1
0.32358509863780716,0.9669613926098595,0.12960886263085142,0.03297479485192353,1
0.4635194377503979,0.27902433438385527,0.700061136147146,0.06282068546050543,1
0.30633433271097876,0.9099506892027536,0.7164693574585919,0.8164610363771444,1
0.6565454651157951,0.2961443883764705,0.948407527502423,0.03643544401204318,1
0.11416276184034878,0.18281386781475306,0.4694005107548895,0.3879263600838291,1
0.9932785328461736,0.17328426765420576,0.8341185908452835,0.39981492071505964,1
0.19366303165174745,0.410137914195716,0.7807539602012983,0.7056783513416368,1
0.5819594303573957,0.2850983065263195,0.28687031238143196,0.2033583134127643,1
0.5746849829509197,0.03344348411671811,0.810084071364869,0.03262994448975716,1
0.077936709098497,0.3836934000707089,0.9066509123642088,0.5115822231973026,1
0.5609250138236131,0.16342799640659056,0.08820535715233774,0.9400025684650214,1
0.9515152538037827,0.13277565534778737,0.816659785791981,0.08914599426064397,1
0.6994568494197827,0.7048784967437904,0.10458609041960515,0.6984352664377982,1
0.6598507476781157,0.48153086455379757,0.3839346495122484,0.4731981948055075,1
0.7082034841401045,0.0716981599989262,0.709594548964961,0.6332647518621184,1
0.19068007029853734,0.6729410195114011,0.12886941887373965,0.6322235782673656,1
0.8625488701253378,0.2968589812542824,0.6893417544079109,0.3590822401910764,1
0.5128559023574116,0.07234905784169592,0.9271651162819409,0.6707902360261749,1
0.2448086433410333,0.7031182759244888,0.003901862259090519,0.543507246792829,1
0.21402804531174885,0.7519897359952361,0.41111845365937116,0.6468436748722917,1
0.3810105523558332,0.7402818641191262,0.36515273407374416,0.29877339191496133,1
0.2877938704666411,0.1644497111702385,0.6041055052394537,0.9152362301440322,1
0.31946038145726197,0.7571478839059258,0.14986958602883,0.12630291608109528,1
0.8622925497899206,0.11997216992849069,0.8013802415919131,0.7846166935363437,1
0.8102856909492504,0.17100254172639365,0.4198116718131474,0.6109282718439437,1
0.3425760134168673,0.19854493276459365,0.29376955881145955,0.6400264038940108,1
0.6092221167802792,0.03223483909232254,0.3347406563878705,0.6890293330587084,1
0.5025004517285645,0.40338964485844114,0.03669155205067915,0.3702300157944568,1
0.17620490213579337,0.8842646231288773,0.9175181847930554,0.4373389970079531,1
0.21971265717907584,0.4242867196524727,0.4319363192951449,0.34985236519447516,1
0.9725881467556703,0.24388706701702795,0.8412794278677432,0.7038155628384052,1
0.9070564335373152,0.8187183850508923,0.4606743928157448,0.9210288580678243,1
0.9687225009215532,0.8428912405889236,0.4311895883467873,0.33645198080111305,1
0.07620511457349698,0.6771427827343047,0.24041226883707015,0.5720998760439528,1
0.3126966244184287,0.7800263211903904,0.3128406219482829,0.32565212061840165,1
0.736763354413207,0.4276501806869559,0.27206210074929466,0.29891206984900626,1
0.7384415663697975,0.20506056675341053,0.6110576412894966,0.6380530338120928,1
0.8869374817412057,0.518980401064594,0.14781742534425601,0.4162200219250581,1
0.9360998190093519,0.5978891658314088,0.5404382672482949,0.8026150797958468,1
0.5374077220936244,0.26647869544340014,0.7467468848341807,0.06939214932394348,1
0.7812380990684659,0.30881785336746864,0.4087003175429731,0.9379528611765562,1
0.7435088540892985,0.21505667892924932,0.15508456378428143,0.7524897487652088,1
0.5316953720464855,0.575537441732447,0.44161603144537126,0.564429237560109,1
0.21047761894355027,0.028282534218110347,0.18671002161345773,0.46757152847753636,1
0.0225650578162908,0.39523377794317904,0.43434548390882943,0.6659293871058205,1
0.6830660039392212,0.7117336826812064,0.1166161384490049,0.6539465286353641,1
0.16089431181968006,0.6631197355573268,0.7904259568542694,0.178880183730195,1
0.21034022268605984,0.922764267694892,0.9821850713718641,0.6210808398471723,1
0.44535375771730573,0.9646537807909255,0.5261192203709364,0.6624954337580076,1
0.03348826706998079,0.2587349981704129,0.03428253766180145,0.8933062549493552,1
0.13081512697599715,0.9386249539677678,0.7377044020020674,0.6152892517550602,1
0.22481493197302083,0.803052701894836,0.7955786644710587,0.4382363641766846,1
0.3779928130956108,0.1340122769815828,0.3872311827689356,0.20783232592008488,1
0.6983736263972522,0.33247430018795643,0.4382409682127534,0.9374941400161542,1
0.7794006610422468,0.9616506535092295,0.6009665735489141,0.5109370048442593,1
0.7447541731915952,0.36154560045211837,0.16049454378301783,0.007947464154254439,1
0.6722758456409538,0.02988850814039722,0.7914163425034374,0.4065236213540645,1
0.2325524935148515,0.3933680960056516,0.0448036849156839,0.7692439781550987,1
0.14047211265217613,0.36999536670107835,0.34772408804385146,0.1838876234835698,1
0.14569328247789376,0.49381525423025036,0.9569883928545992,0.5052672791897245,1
0.4787445802224466,0.5691099206126621,0.4383633499889214,0.05145965401407469,1
0.8371270344666297,0.23474936230898039,0.20079375988158915,0.7273492226594134,1
0.5185604832045734,0.9491919497447374,0.9396495790034859,0.7365399671408949,1
0.7700027918054336,0.30104094215095967,0.13032136135555422,0.8928488505436665,1
0.6886202081810081,0.6881229667143525,0.1209795481967585,0.27343272872845864,1
0.049725721167476894,0.670213844203594,0.1415134580822589,0.01639823384578759,1
0.6717108845170343,0.3955979192397728,0.9163816790247673,0.46189159185554873,1
0.7044950768969909,0.7345907083339271,0.7484234373098855,0.9556380015468681,1
0.24106665520902484,0.9347925483530434,0.27971370955976266,0.8122220189472898,1
0.609851913001092,0.7146429528459424,0.44565372507516837,0.7673986244875777,1
0.11861201617794592,0.9486033379028487,0.7436965745488112,0.5885567351861765,1
0.44206553738569043,0.07270980646576587,0.8529891505730247,0.7048766674466538,1
0.791222920397582,0.7794259991809999,0.5401284788031152,0.8722477301706202,1
0.5935127016912449,0.9069265028468039,0.9593631142489634,0.32496389040785695,1
0.659302056519617,0.6545601468846444,0.5569384289037177,0.2858112295107032,1
0.6499801655649875,0.7044986264859917,0.7584313460163526,0.5285868412591462,1
0.6710238481117501,0.34901740788213903,0.4192528612282511,0.9328513152867104,1
0.9851156806202819,0.26742109783586926,0.6094695246335363,0.41972869326763945,1
0.4145477125001505,0.3629120148843948,0.2624370503069129,0.06795813399185704,1
0.1314958849688975,0.7810342891673907,0.7802619792011518,0.14366808943684034,1
0.1520940667716211,0.9834230709937534,0.7281567607443429,0.6212882939359085,1
0.6447363146162626,0.8576545211231957,0.10326035008654132,0.582581587083416,1
0.12360668681496119,0.6345219188226303,0.6155986706429695,0.6838881885766638,1
0.3652976772285581,0.8484241773847072,0.7965910652553517,0.9128549374844744,1
0.16766511936197076,0.8756550280989776,0.2954995196960117,0.3479602402178213,1
0.9485137181293569,0.5308821244619604,0.5860668579771523,0.15176380586524943,1
0.4924737829496708,0.47657404269787845,0.5884161923395497,0.9475799037678344,1
0.7938545655055047,0.886863179127858,0.33336426096465177,0.6399583464351537,1
0.05936513751357585,0.4839634784392841,0.6828730383689176,0.5598866820838916,1
0.2933221147355974,0.830533918911566,0.19151527013391845,0.47228825776400785,1
0.5485732953200885,0.5482289594089281,0.11953850591929063,0.914774515683911,1
0.014541100574506827,0.2932212785916068,0.7629584930884831,0.4043260624517346,1
0.5112337011508343,0.42605443263663867,0.36207820330226104,0.4500667251303925,1
0.13896230812183163,0.8324797801937605,0.8556981490719355,0.4622559045792818,1
0.17444848235880445,0.9459719817291202,0.45425993069176224,0.5577992547822087,1
0.2526341256496709,0.09155556726197712,0.5240310682085245,0.10830782865768926,1
0.12264375647983666,0.24743761748218793,0.8431278482892101,0.6647171327992378,1
0.6309873768733886,0.4930653512130499,0.2825149682426501,0.6343311070261537,1
0.12589951217092843,0.8056382694278373,0.8486945567457842,0.7222692745154018,1
0.5008844493844598,0.40161764589080223,0.05222354995876704,0.4374737662775491,1
0.4226701389781066,0.5451969895622645,0.49823748575529014,0.5059390539906297,1
0.7560047483216662,0.3893502635695085,0.24080265691652314,0.9394806261746294,1
0.03899460998314374,0.4450041506891305,0.9480153666879217,0.484448932443313,1
0.1804645504219289,0.23036094458429293,0.7340526282858519,0.9198888018047463,1
0.35988977942950306,0.19012576500240946,0.30589543099232597,0.6315880896113181,1
0.057745700442313336,0.6767381020431938,0.1429370963550028,0.9433359507712161,1
0.8362693816526541,0.8959703871597107,0.08127317399652942,0.1116242406368228,1
0.3752133061101572,0.3123129305277301,0.8689179869456971,0.7108491046257754,1
0.6886746581507938,0.3684525452644771,0.688057890366944,0.722173558713519,1
0.3319909748487909,0.11043392515599335,0.06985076103228997,0.6991845928263976,1
0.150227258530458,0.3606770935091374,0.37583775648325185,0.23953618024012177,1
0.671571505103205,0.057563628771603384,0.6789307743812476,0.66937275993019,1
0.6045150489685961,0.34809500707700564,0.11078516452144287,0.28567606809511614,1
0.1000561209511896,0.816612046171603,0.4163102465955594,0.8027393723322496,1
0.14311481124912404,0.41852744699127864,0.49992304928028125,0.07053559468342505,1
0.16718391662723214,0.3850461869806301,0.21469675635660657,0.7953280809730618,1
0.32076044113436447,0.2909949066785329,0.6415337562930912,0.863415454784509,1
0.50029760096928,0.6953728761947582,0.8506231008673526,0.08563781239858437,1
0.4450947075688541,0.46411850899626217,0.5130545620716644,0.18883143278163766,1
0.2127419370865865,0.2462349344216354,0.8649776856438052,0.6856063376210886,1
0.08479632231970774,0.8978434265513349,0.9461456132938435,0.9323674308310822,1
0.04823684421558226,0.29345335667858286,0.660425292673553,0.5013824652244028,1
0.7033129557869323,0.7032801621770549,0.14002272401619031,0.27200595951440343,1
0.7494511988101298,0.5718513217182116,0.8674238832163746,0.4662022222169503,1
0.6423625594171128,0.4200428139030961,0.3186824140798016,0.514889037828479,1
0.0976017018375445,0.9025732512500781,0.43002195194196347,0.6322322378028709,1
0.6429663902043166,0.40376048940107867,0.07281047706245372,0.7657914772387886,1
0.8061780266473428,0.11978640080424194,0.19354885208031072,0.8139088512524858,1
0.21161216020331383,0.3153677821780094,0.5490079583248497,0.631178278946079,1
0.9562637974957965,0.26901762225612513,0.7424456329733173,0.35809624453167427,1
0.618822456650452,0.22003619904131302,0.7852845351597388,0.08184318071006386,1
0.9038958967796611,0.056657859894322836,0.8253335336782831,0.7571101775826319,1
0.7172651092798038,0.9740815782993305,0.09066776926037742,0.045867721796558104,1
0.4336152544995321,0.5145610914373367,0.5234968745268146,0.11006378989210988,1
0.3523129099760147,0.32996595375996474,0.16396862255260347,0.8090533953495715,1
0.7884740508487691,0.9236938825461267,0.9132253486099513,0.8597263309841906,1
0.6640655067316281,0.29841189623820646,0.10512176879014062,0.7926904535005539,1
0.6478326503267493,0.7556076508219971,0.4125550555561348,0.8296163720982397,1
0.9927255173264876,0.0995770625331825,0.4676008822387656,0.3508868208323315,1
0.0701359993966969,0.47769481794105983,0.6806775529804667,0.5737899757836895,1
0.6127588584433116,0.20612121225525848,0.15185536408978834,0.9922973737534815,1
0.6914981633797059,0.49525272004450444,0.5067382086977165,0.8885216799695013,1
0.6118633557650492,0.828498084409689,0.14244209404573077,0.2829535440052687,1
0.6394052705101078,0.6510746877823542,0.7658125656664669,0.48564357455311435,1
0.03261891392214154,0.9324869752066137,0.5133354235126002,0.41026470317483565,1
0.7988521284415417,0.16142383195577,0.41958388254114104,0.5861760846714998,1
0.5913189732968739,0.05664061140809509,0.8030246133073136,0.047872144803377384,1
0.15878716479888874,0.6015673839052306,0.5261306818742923,0.7394303829325612,1
0.7948431841705661,0.7984910318842476,0.17938642683989428,0.6856823702890498,1
0.72386994358802,0.9201640363636516,0.6302643693891894,0.4683228904915946,1
0.46476846729924753,0.09257441335181132,0.2570869439417372,0.49429079213859206,1
0.7789564977842983,0.7643734662186343,0.1617686814470319,0.67533392737569,1
0.4523700972297755,0.9689604628155243,0.6276938561130047,0.18384216590813166,1
0.34700254938707714,0.6549808232008534,0.888729187114236,0.6124012822921359,1
0.17431458440305653,0.8904642769492156,0.1251747806589394,0.04683660603728544,1
0.4703974089517485,0.4109858998546585,0.8039393875899405,0.5987299622452464,1
0.8679001711627525,0.8562424685631966,0.4171456417915227,0.6219841596201067,1
0.9664848843420948,0.11859120181783656,0.7931426354246816,0.07543218131369687,1
0.49523942828888373,0.6721192360894479,0.8549004309730692,0.08637386850673369,1
0.850405016383114,0.7706404642691148,0.12601730046013992,0.7086277212061496,1
0.21979235657349444,0.8927080687851838,0.893082850237874,0.7207794428916902,1
0.9279640522188832,0.2411709794454262,0.9960535697385468,0.5274322958407549,1
0.39077288092914136,0.9386662443074781,0.6307939807760239,0.19901296130204163,1
0.15985454543391564,0.4575297282128003,0.022882713571073618,0.7572373200765216,1
0.35859521806339156,0.8701473205420306,0.2011828234926122,0.4164714171347795,1
0.5993043916815874,0.1612291339468455,0.20535974627766096,0.8333656493927648,1
0.5649289304088035,0.28919358368940934,0.16679415854304608,0.01737702690244195,1
0.17402511494462786,0.02307221801983782,0.04040333078536114,0.3287337027679359,1
0.015325185759364085,0.3218762235539005,0.07269513339091922,0.4537254061875832,1
0.5935815047243198,0.6392004308353043,0.617351005528657,0.5912087955740501,1
0.21305048165317686,0.860785668925479,0.6766109243295335,0.5293320534218636,1
0.2835960018714543,0.23930511652347697,0.7076940889604911,0.22059647231339483,1
0.5802974461240886,0.5856245863709306,0.19322127344999587,0.9177418519184649,1
0.8306909485696261,0.9169002754437638,0.9542230647160542,0.6281009909821894,1
0.358155277183482,0.18653550412029615,0.8324205322275386,0.1846731778983649,1
0.46721638926478487,0.2783966216240838,0.70239702675339,0.06314948431539322,1
0.8104441284269065,0.14531610245985,0.9102949823443164,0.2121304091045486,1
0.3722727545068273,0.054579796488952254,0.2780979311622406,0.6921825856428803,1
0.848719094267916,0.638345500175741,0.3945782999993153,0.32694123629531235,1
0.8075782956688384,0.1287296490332424,0.9742308928259827,0.4449136355000662,1
0.7221718028422413,0.9720862899963563,0.09800560743255016,0.04580934794780515,1
0.28857515560236024,0.2358211239095403,0.8642236376652315,0.7466483644343335,1
0.6545581773375795,0.7517289939126828,0.8546351168479696,0.8532943842034059,1
0.49324553062435555,0.6792538851040094,0.4414369978602137,0.3558808761373527,1
0.21340078923266875,0.3212376300484965,0.48920137253182017,0.8474507471310971,1
0.13733615152400463,0.4963292198294419,0.21529989718162726,0.6362081574009816,1
0.5109782578572881,0.9443768468848076,0.6632343302966643,0.21650737198664527,1
0.5849290005839648,0.6577218395185657,0.8614071671677449,0.8156199169622381,1
0.2865513570444122,0.7441515126430231,0.1357548975452022,0.1202212039029913,1
0.36086430383977397,0.6443099075575589,0.34793620516357204,0.8254358261743243,1
0.636056139599103,0.2974666390049164,0.9416320437841489,0.7150541678015719,1
0.7637054313245921,0.8926861272075046,0.11153713610492441,0.010046881745552586,1
0.6491212586694052,0.18498363804262077,0.7762897266231338,0.10492669821775641,1
0.936316319317472,0.6947067011601469,0.4415233973846843,0.3155386692290708,1
0.2436982040227493,0.8447592881744892,0.29729198902791937,0.027791136032752232,1
0.7280457041766847,0.15095762320813344,0.5568542081203853,0.2564319851261428,1
0.08543195396257222,0.8154155355577276,0.4281893389215914,0.8126757605885634,1
0.8950561612655242,0.8058103709741524,0.3879550829305513,0.40827647669411604,1
0.9117078243127716,0.7468311560422721,0.9972866616271008,0.9199103657471205,1
0.030039545354911844,0.7000487133973783,0.4495073617316498,0.18722306632055336,1
0.6655431354406371,0.7286874536954713,0.8786333727487419,0.8100041990959379,1
0.8329291249205769,0.5396719615051743,0.5905745672782914,0.5730693952101555,1
0.9892060412195104,0.2073361745150416,0.647255338272952,0.4444413882907162,1
0.28187907671482615,0.23507792107834438,0.7059753898115706,0.21519140929722608,1
0.8557977938390784,0.5801247551007882,0.4468503719875248,0.08418845388313742,1
0.33655030989770013,0.9689307445003912,0.26581792387021835,0.7506061298304662,1
0.812297384027286,0.8002164919161496,0.5825388097787101,0.0537333970312701,1
0.7485263838894106,0.012716129881783805,0.9404649081441822,0.179139562626793,1
0.8050149016503003,0.8342912214875163,0.5126488449106564,0.06523632866819606,1
0.5734078492703985,0.01428932824387872,0.8547235755080059,0.02405602197447157,1
0.7529383854792814,0.43941513572484164,0.5706266129249342,0.01253237473000332,1
0.3904683011341848,0.50965576413474,0.5102446538011515,0.24031091090180123,1
0.4389389897144784,0.6829457027594708,0.8183181256760438,0.13672454368149875,1
0.24107623867010972,0.9901260004439233,0.23741828995982472,0.7394864049893298,1
0.5274569970100594,0.3052319781055211,0.8215903203499519,0.4501266669633634,1
0.9861153422259266,0.18089953530720648,0.30195731025087463,0.4160677070682807,1
0.3372303486061274,0.17246798015728862,0.8284694323331028,0.1692111889132794,1
0.8133764037996405,0.8324501816490764,0.8342171227229142,0.9337550031933964,1
0.6523421848351487,0.2647137404580103,0.2545578571162792,0.011445870878698739,1
0.5245016072460723,0.6582134541391004,0.046948716620256875,0.2731446637591143,1
0.9341975671859354,0.390376316548303,0.26708961616729543,0.18489117353692838,1
0.1255663730643004,0.1971643270532804,0.7463300419100356,0.8863261180676171,1
0.060556296291899285,0.9008396724124704,0.4984951936093509,0.8837509127547996,1
0.35402188863507716,0.17106964151908838,0.06615683646497393,0.6808055705588351,1
0.892133550245577,0.8775140807525172,0.867737250737475,0.6128294931749154,1
0.7234308774140095,0.6788104536000795,0.7843873551481124,0.9691813875702306,1
0.34871253503759814,0.26070256536300623,0.37603455117489737,0.4450976118644726,1
0.5273699073845097,0.10527235793897441,0.8288308662074803,0.9612268700103533,1
0.15324391155597766,0.8189390677652,0.38050824093379054,0.7600391267058564,1
0.31864239525326543,0.5466765086223726,0.8476457885181778,0.7236500878453686,1
0.02454848132879347,0.5839588714403638,0.748104105857015,0.3858524440813745,1
0.28510052056715574,0.23804414340579333,0.8672786586833693,0.733490834969643,1
0.3902032244584552,0.5700645827088172,0.6795818877242923,0.18983151517328822,1
0.5784089905199195,0.8827860882465559,0.1954131789890699,0.9333011689306672,1
0.05111445770845491,0.7437124068226078,0.8528918713874678,0.46005337851997424,1
0.1050578640494407,0.6536813388681203,0.7685566122105832,0.23028490915283598,1
0.18820017185139323,0.4152245595313894,0.5585960732610361,0.20645994128959183,1
0.3244728062149142,0.04571857578851242,0.7670575388277595,0.7630572367679935,1
0.3847125035943281,0.6142624794325199,0.8581455213907745,0.8182965493907678,1
0.2734824252704822,0.1424800707044739,0.5640272330026352,0.18072107269480794,1
0.5287099526389594,0.7442984210361391,0.8981648251088152,0.4699734705622434,1
0.328082112055072,0.04864294865701278,0.39822149451071054,0.7037796676147291,1
0.3642153281520422,0.5666191135713553,0.5383916010575981,0.22522363944838997,1
0.1451285032471136,0.9215011439984379,0.3289177806724454,0.6863409982421531,1
0.033610189710654936,0.09204453612877225,0.953387904097791,0.9677871460044184,1
0.8175608896516653,0.0784269841146592,0.48927435417628323,0.7402406675924625,1
0.8678645358797183,0.8656777534886883,0.043901588967737465,0.20311805875042507,1
0.03487474232561362,0.41836912142814686,0.2533097886086755,0.6506718575413518,1
0.9706538386418472,0.8176849914158635,0.3808754834310822,0.3720659799737725,1
0.46785210182395437,0.070681967364372,0.26075048246305726,0.49284787823407217,1
0.447288073988106,0.6455768940388997,0.5839186225853747,0.8059438876789198,1
0.7467883403334774,0.757608867816187,0.1605823353553579,0.6641236927696605,1
0.25725062118900255,0.8528101632514851,0.245038565027883,0.3824834489075587,1
0.5964045388601955,0.9061107663065125,0.20219138110056528,0.9560965476821873,1
0.45912666498019816,0.511822103296894,0.6640048544880185,0.07317191725434583,1
0.4573275463360737,0.5885294462457097,0.5437190415641593,0.9066346916383128,1
0.23031416276090055,0.37611232737091127,0.521815893864478,0.595808439877888,1
0.7712854684469883,0.47040453416148403,0.5414975183651407,0.0050403685816002705,1
0.2487072828716725,0.1597985960940003,0.14331663866850264,0.44055084279340395,1
0.2036392052414558,0.5920606345917321,0.17415830118643355,0.5986427507316557,1
0.6690498743975438,0.28489175769923936,0.43528387539150487,0.9323195404871226,1
0.3779421108277465,0.4322622034823522,0.1831806138411621,0.06315383068542843,1
0.8605621289114666,0.636277671826372,0.40085134466676814,0.07971706740503803,1
0.8807737078525657,0.6281362219431855,0.40767055558491805,0.11138135087935203,1
0.27589464060200175,0.039735449279179144,0.7287409904512713,0.8487261192619465,1
0.11406177047682592,0.48710951496262,0.9793432645964859,0.4818171266388689,1
0.004996993031278647,0.32467425270006506,0.06357317442370107,0.46180762285034116,1
0.6235578718026851,0.5634671657555317,0.5930538116028594,0.16817569165133697,1
0.1906838466953925,0.1519417166214179,0.15053352386992833,0.37840046001631894,1
0.33499064858324173,0.6454000291155008,0.6917982336808324,0.6585820622438376,1
0.37691718899925836,0.434318850501547,0.18072602029924664,0.06294725316261304,1
0.8624838281468878,0.6355035898973285,0.401499709272313,0.08272767976343312,1
0.7744922137452005,0.4395862981803975,0.610839594766699,0.35760255457343804,1
0.6276615008835645,0.22976694877751172,0.22031276218919837,0.044087684206527374,1
0.7137187604116253,0.32629920406641894,0.8773099746239854,0.7646833318297924,1
0.5570688160836493,0.13964902709785626,0.0741800579011144,0.9736803176346626,1
0.8928813197497126,0.4741217188990128,0.1459366659413489,0.050605835379646906,1
0.6544826086575694,0.5274255326071965,0.9890530277356122,0.68479211223997,1
0.6108258921573682,0.498785848276553,0.8640320856401934,0.9766204115703992,1
0.9186432545148816,0.45556056288531294,0.22481214533925664,0.2755296222728691,1
0.5457914311932949,0.9703552802773734,0.8180501236944674,0.7156058155823469,1
0.10456673117058718,0.320612300349658,0.9245428760048644,0.49145347709464704,1
0.2732831218380461,0.129743988701656,0.42834294626281466,0.7787854328655905,1
0.35221469173550934,0.7738972344219134,0.15143785646415567,0.14887843504012988,1
0.41701400321315246,0.030324224367666616,0.38182398170746606,0.7129807557023667,1
0.779995962736144,0.7821937643241031,0.174878816407616,0.6777463180120122,1
0.33273619644494284,0.4896645036503911,0.3786597687410292,0.8451966536641807,1
0.6669284980320219,0.29255029919936215,0.9491876959484654,0.7435295592645288,1
0.053722206886237946,0.719646852021083,0.8293252559697457,0.4907062493199959,1
0.09738209943889117,0.9219522513362202,0.22614006049868196,0.6573562264332514,1
0.17007819518615006,0.8896042503648408,0.1355567694077749,0.3812812134622631,1
0.24977611553532128,0.5953299477446521,0.16759252312821762,0.5808848949356678,1
0.9612595992758681,0.6113705550980997,0.8186473359577546,0.8621573907026316,1
0.13110195565831317,0.8262565470927993,0.8484679457251584,0.4721028193300574,1
0.8413540761452011,0.3138760898455238,0.21111589776787282,0.29868766129566976,1
0.33839608296072665,0.2530906557315603,0.25994637922456365,0.3206915501544273,1
0.16273575348982003,0.7849037400895389,0.28582652334483105,0.7114031525782132,1
0.9912668508230893,0.19237086629070327,0.545493749290721,0.3981819731060147,1
0.14942812480546389,0.9573741144051054,0.4744203548956133,0.6284863824058399,1
0.21800759011213533,0.39132000150986973,0.5051141616563491,0.2949130075221007,1
0.9361449901231935,0.09879644781898796,0.1697676062438626,0.47249571374457744,1
0.12608213358358597,0.5136089751575128,0.009864750277522049,0.7476850547615068,1
0.16431550507206075,0.8865149633398149,0.31812397302492057,0.7528378956623931,1
0.7668604455968201,0.32478499163438973,0.12377037186890205,0.9109833285818314,1
0.695513139378827,0.12546651378427576,0.6434232067112002,0.6539925796244555,1
0.6074780817115142,0.8351561187285739,0.10121526108935082,0.6857122931712482,1
0.09985874291659447,0.16341239032005306,0.694154821675523,0.6493490982638583,1
0.36065802238378286,0.240627871899309,0.3604976939394082,0.9533763011420027,1
0.7422370325735947,0.6605654801137111,0.3938638028443061,0.3376614342403409,1
0.8996963196264427,0.92012052501347,0.2567748638638559,0.043345695526987776,1
0.08177954015953708,0.4916129302122368,0.49730851461796477,0.38049474849758075,1
0.6072672410454233,0.7361763957673664,0.17415118210451047,0.055964811403506315,1
0.06776966251276992,0.2132409963461273,0.9049749046102222,0.6134122911672434,1
0.7387225637022101,0.8668929050477168,0.10314697763914338,0.011821527670841717,1
0.6095348186934906,0.03593380201582703,0.8787780434623554,0.04193029458241583,1
0.9034457259132838,0.8838255486459832,0.3085924831509303,0.48249672647783515,1
0.5238358406139472,0.09503735097364874,0.5772647608679657,0.28264068772201434,1
0.6578432461275994,0.0522114200993338,0.6666785156713135,0.6783770422114038,1
0.40489707097033933,0.5509958748171088,0.5185162138351026,0.15093802411794732,1
0.6368420193539475,0.7612313235179328,0.8277456233350975,0.8801560927840508,1
0.10021191163569985,0.8483612410235105,0.042132462340011105,0.44052015849591525,1
0.855776873116125,0.3637333139137151,0.22437472114679627,0.3474055423823128,1
0.05188157719273402,0.4918633887783914,0.7707898338866782,0.9407844294014379,1
0.673607263159201,0.7891588250590141,0.3905449669194793,0.8746354755087129,1
0.159141836676396,0.22791136031685874,0.025009666090740366,0.8587495770803956,1
0.010823235793194434,0.30841070276124977,0.037960500125667325,0.9258272550325992,1
0.9553912662356051,0.35140234308115126,0.8495833281036902,0.6759759290299769,1
0.8788141555101473,0.4584401929842662,0.25863444525867463,0.48267407075473623,1
0.5589626899349767,0.2675601272720821,0.10452493806157954,0.06172552201379235,1
0.07156813757236151,0.306060680454948,0.5387033298426607,0.07978139989225591,1
0.6021042587421777,0.16443679760489774,0.21811053333372185,0.8190336736934524,1
0.029569864658603937,0.34735508679383087,0.4430283712221868,0.6638805114183906,1
0.3660569168946642,0.264942776606434,0.3422624919911925,0.4103553770424659,1
0.5835112099493616,0.24896063488890224,0.27412137147828175,0.16086458418560887,1
0.7697338766155086,0.9576107218129924,0.5902289170064787,0.5407591454159838,1
0.20854494025204928,0.48582646778746963,0.13180219235643797,0.07865193377856525,1
0.813986180798898,0.594453585651323,0.5417302447841381,0.7817305093383474,1
0.9676981447235636,0.6901392028415118,0.962209311381541,0.8664674476718465,1
0.4451625616465318,0.6117020487806164,0.5138219109649649,0.0663940528616987,1
0.04868966113140943,0.4901766244087339,0.6850490807939464,0.5461065143371386,1
0.6811147254678127,0.11886238210692111,0.6008156548244286,0.5749907184587751,1
0.0927718154762604,0.07099721107802616,0.08844433828681784,0.26394623596404265,1
0.1710168006714297,0.9450433928265709,0.42428038198952533,0.22257552516408596,1
0.2732424519176534,0.4850295452642997,0.9835447800481886,0.8940328978670687,1
0.35104077900401764,0.6612756431646654,0.3076214142604666,0.7891076892338591,1
0.29413619755693055,0.7532710999777489,0.1189690324613168,0.14815262309679003,1
0.6819963538444189,0.6957637094281075,0.8432579284326649,0.6217337379139248,1
0.8977900179056292,0.23838961165563144,0.09037496962872377,0.19690760938189664,1
0.7660869695013381,0.5521349099635265,0.6110240681815826,0.8237701686142331,1
0.5979202776444087,0.6759789946759772,0.20678561813214938,0.35902227936542414,1
0.012675982326155804,0.2533897854061601,0.9655033679971239,0.9317008093088628,1
0.623955006871284,0.5789081475073095,0.5652559479337566,0.18454144584008964,1
0.32814876385483593,0.7814350728227712,0.674698907208791,0.9319790256962286,1
0.12193169875142379,0.9683214997018135,0.7368121438320743,0.6141335991534034,1
0.27705436876094547,0.027932199367537193,0.10682484231208361,0.14811557468262357,1
0.5992342814287602,0.1619719360198687,0.2070870052471828,0.827515348415494,1
0.34740359337258303,0.28870205181175357,0.7477791265073899,0.3269649489550729,1
0.3554773660059812,0.6406179868705577,0.8612941000361986,0.8482638574213964,1
0.19969547763777717,0.2307807483036572,0.764033659955317,0.9183765901567049,1
0.9203688835592936,0.34028019847690294,0.2755007783458067,0.15628191672893338,1
0.3420700887230566,0.44237153189016065,0.5323362892357435,0.23127111645174508,1
0.2972486692305905,0.15944485341805809,0.5013851534418853,0.6152852886216291,1
0.687333011084051,0.48948194415139934,0.8504932521443781,0.9802825951334525,1
0.4053973891688934,0.6357227075563326,0.4639259761511885,0.25127482508058996,1
0.1680993288758423,0.221976914279506,0.020925133355376407,0.8550746295622046,1
0.07111497291830816,0.2926508021590828,0.6041627398839572,0.017237631079411488,1
0.5231277498953529,0.4749121175664228,0.42292303741472437,0.5572925841484055,1
0.6277405637710478,0.12036915695446553,0.8836335922180696,0.29059297412782653,1
0.4172898583451406,0.06559449177070449,0.9117098447360231,0.4775534868047966,1
0.07777169938312464,0.6758103987154885,0.0760894645935735,0.40182386150912885,1
0.3411276804021681,0.2185832660530557,0.31988896358719526,0.6166492125267466,1
0.14315930516724296,0.8605657174990089,0.1356288577017077,0.038193292997764874,1
0.7411338062950793,0.2869780747184538,0.18354231196782267,0.6385562885956506,1
0.13587316638006128,0.8234614527620683,0.8324965678482673,0.7093251444240213,1
0.014798420902879486,0.3074981161622761,0.7165249563420916,0.4219027103175682,1
0.14669743367814372,0.8692647031183756,0.1756915414322564,0.06356933993867564,1
0.9952064321347189,0.20049296202110561,0.8716392169976797,0.3758003905898157,1
0.2733152228355883,0.14518074357492763,0.4375514755388315,0.7971306368781151,1
0.07954599801844023,0.3135573447863263,0.7319666426170099,0.6296404818668255,1
0.13005689083968897,0.4244780480335663,0.6464115709592958,0.6158940151973884,1
0.6474495362501834,0.3921748790824303,0.07305733809062687,0.6448736637620739,1
0.8006488656967317,0.47457878985029534,0.5901028723999729,0.37397728208752706,1
0.5319871906773628,0.3788228291091791,0.10574187911848518,0.3070832300952579,1
0.734440797129164,0.9315293106263974,0.9138302007033093,0.8355751351472905,1
0.2667907123522757,0.8618845543218481,0.1346772704843109,0.04812483315566018,1
0.6013435084798457,0.10697052592658478,0.5643581825446107,0.3001157493504375,1
0.639593474442075,0.6810743050000391,0.16917107744867058,0.3241902638673581,1
0.8226980568127185,0.9533949431609583,0.9079746494483827,0.9192371991435245,1
0.9557163468378677,0.5321764374388055,0.5894815773697485,0.1585751444420123,1
0.11654598004328565,0.15353708636797286,0.3901343758863132,0.3472178460642521,1
0.25408793969830484,0.3239924665234387,0.12519738459788235,0.993359354300734,1
0.5778109750874054,0.770895542368627,0.8899658578140293,0.5955783097165042,1
0.18944412144408362,0.3972641548757694,0.589293522310306,0.25210518832540263,1
0.7114335118693367,0.5490711871876961,0.9680982121613407,0.01658644083294205,1
0.41609013113012977,0.10164774749199933,0.6459211987694342,0.2853272263208251,1
0.4680266963220653,0.963927110771194,0.8661680865369782,0.7357385485298652,1
0.19031619363947322,0.20209044467506435,0.18273446970714963,0.3750768476046375,1
0.8697186363176221,0.8664646196105698,0.3620481017487278,0.61821182174067,1
0.31241621752869275,0.6902751235620884,0.8386772684102206,0.7965172562265334,1
0.05734100225143536,0.30479385010249516,0.5290082439233815,0.4573095997784237,1
0.7724233370407265,0.28202341389745034,0.14118635885571632,0.8774570622457697,1
0.9105051735862447,0.5315529354429093,0.25605984130242965,0.12118921977875152,1
0.28565246740159755,0.24283652996527844,0.8732474810120285,0.6954480887871645,1
0.5617518518806933,0.24251678978023183,0.9445363327919523,0.24591439358189587,1
0.05643371291566134,0.4048821057734829,0.1945520743957101,0.6837730625259913,1
0.43523528228460706,0.22502904338468344,0.10606148213282314,0.976948497155255,1
0.6827040683313969,0.586676692546782,0.5106056938732648,0.17527762088703575,1
0.746619518873334,0.5511225166204474,0.10661629276179457,0.9028270363273524,1
0.751154322132617,0.6049178511542311,0.7618731827491575,0.9885065921789836,1
0.7865307359983046,0.4997736361144618,0.5587494069663719,0.7781994906276469,1
0.9486754805534445,0.15307520820167766,0.6553256242568783,0.0846416422799372,1
0.5930958516819783,0.8026832722497593,0.4375131172599629,0.9077114762814579,1
0.6588477940101297,0.10129791110004921,0.8051012867847185,0.48187323682627475,1
0.7307348041564989,0.1490546521988728,0.5632857766961449,0.2537618508490479,1
0.840068513817162,0.737014790264043,0.4356766635172215,0.8498630659037001,1
0.8464575613575432,0.8077109589875585,0.4177967244464935,0.9101355574907668,1
0.16251629459963413,0.2183587355702967,0.01676798332591032,0.8549931264050821,1
0.2866115571528938,0.43563628120697545,0.12673740521358426,0.21874846928002753,1
0.34357241944798217,0.8908850208533408,0.9422976462946131,0.4640596314745083,1
0.15049530514563259,0.288932324093268,0.972936913995376,0.3665678179178682,1
0.5407371222871201,0.19330009038573343,0.1371181466974399,0.8324788839247549,1
0.3929797745341121,0.37772338982672704,0.7489031929851018,0.3114243998493379,1
