Consumption_kWh,Voltage,Frequency,Peak_Hours_Usage,Theft_Label
0.3746386134092265,0.39379835198135404,0.3736148106368517,0.49958146594385167,0
0.9509822237862708,0.47364221655126165,0.3328717223705482,0.7467389703615701,0
0.7321975449221149,0.8549627757108097,0.176058246140613,0.5625986490432053,0
0.5988228802953739,0.34013783126521285,0.6073230679069823,0.08307734705783258,0
0.1560528792207245,0.8700733424296095,0.476634477459072,0.18538852069973627,0
0.1560287520220238,0.08812986724022229,0.8658485463280385,0.21914752833168613,0
0.0580890533563044,0.7771712181646497,0.0319631061094227,0.25769622756563715,1
0.8664192048820101,0.8479591801337277,0.6439372355323911,0.5653361572207677,0
0.601280130178332,0.18186442163200855,0.7630601892952384,0.5038784098378536,0
0.7082691468797103,0.43052947940876457,0.7595966587295706,0.20297408379723125,0
0.0205789089467455,0.16553760228430564,0.8862287071533217,0.06732444631575608,0
0.9701834139484204,0.7069384478708967,0.7291330909032112,0.17123585158507118,0
0.8326757806409296,0.5355882491912367,0.9279795230617296,0.9844513916312914,0
0.212389910373014,0.6356186081859946,0.3326161358401052,0.46844797181252207,0
0.1818667942817867,0.19654177361517455,0.5032291109815858,0.8673772269804956,0
0.1834468013893306,0.2118090296290813,0.0139268293110461,0.8487780953573033,1
0.3043200665780607,0.041467207564037836,0.0068022411985069,0.511434663112893,0
0.5248990969866223,0.32219115213151217,0.240053518850857,0.7066667775508625,1
0.4320603929946729,0.5599985104309515,0.100684954120588,0.19256264477035615,0
0.2913031373409214,0.8583521526549384,0.2601453507239384,0.6883697794145908,0
0.612021170609529,0.6672400260018186,0.1769479418732658,0.27222131200346944,0
0.1395232403534025,0.4355820374051479,0.0283722843406621,0.8320822554236851,0
0.292218914881409,0.9535895085729411,0.9094670803245464,0.08349903521164809,0
0.3664579330507381,0.7195864459670733,0.0080682316729081,0.7731395202845783,0
0.4561924524652506,0.9306220191892312,0.736183978556916,0.09971712216519357,0
0.785395202565324,0.5278242025207818,0.1520437530363381,0.8812254962487113,0
0.1997208576397423,0.258993282222897,0.912393587805937,0.3040516793838822,0
0.5143740097979023,0.05280277619818905,0.8929530506541923,0.6543552952324875,0
0.5925771289501379,0.7264298445749098,0.653973993311773,0.48740951296663837,0
0.0464524331901417,0.12131660856394971,0.6723134632483649,0.366170658406794,0
0.6077118610176088,0.3028881741784944,0.0051832249990724,0.6454008298548943,0
0.170562627772582,0.5327098126744931,0.9850611545362468,0.9475809797972697,0
0.0650590830935666,0.5646729967997605,0.8779844367001814,0.041030735687873895,0
0.9491529168839437,0.6008594230411554,0.8952641516896449,0.9189014589248979,0
0.965904336977232,0.16629357196748903,0.6593192687398854,0.6090287351882416,0
0.8086234174889584,0.3798926212297771,0.3447507433417414,0.8073263487188663,0
0.3046917020383996,0.6174795549738971,0.893806060926579,0.38374822547585397,0
0.0976891961106348,0.9702974086806205,0.2914619531873157,0.4717450770815389,0
0.6844225856256394,0.7279769780586312,0.5627522254488468,0.8688829674017535,1
0.4402702814830406,0.9230564302225027,0.0996083497141953,0.4147313927939262,0
0.1220624817558881,0.7625768468492067,0.9221230265435096,0.5345822561907985,0
0.495310877669232,0.5919883368093842,0.140662310786432,0.019949004439362397,0
0.0343869948113696,0.19207573002359365,0.2248183321961647,0.15839744673188877,0
0.9095761476641648,0.6669980979468427,0.5581732256774998,0.6416442738945685,0
0.2588444371356946,0.6236682829946686,0.7642047145567759,0.7169593422830679,0
0.6627054594691518,0.6027464299064876,0.6194119662927378,0.582539338292677,1
0.3117910959026909,0.49000138405355503,0.2320579919731713,0.14310446676625657,0
0.5202093079149094,0.5288934187805148,0.0007855749435137,0.4452988663116788,0
0.5468594001806559,0.3345729247734835,0.7572598458874609,0.35495860612922264,0
0.1848971734149154,0.5195443875560382,0.9853970327645528,0.4955712523930152,1
0.969858093919431,0.19761129804883307,0.8100409965432789,0.8703617346397301,0
0.7753491113696971,0.8055627265632361,0.4602111442324741,0.7758631784036817,0
0.9397635610859738,0.18582589294252927,0.903928242320859,0.08376449046237909,0
0.8950788343615133,0.08495999021034087,0.4098344363446244,0.8903484460596414,0
0.5980641518725006,0.4364322059464939,0.5249614413028354,0.4716692285436701,0
0.9221336720368142,0.6586152948253622,0.4771402626862198,0.7438533973414455,1
0.0885068849104791,0.437903810428271,0.4476239604947949,0.13983258979761157,0
0.1960288525932999,0.2768529199835063,0.7753063980962551,0.6706868067638254,0
0.0452289497236846,0.5584241708207434,0.5267969115164703,0.23615093269576434,1
0.3254143552898895,0.34713961505495605,0.3166710357950677,0.4382720326897371,0
0.388779941256857,0.9333259872468752,0.258091426231978,0.016615859406635097,0
0.2714171832124827,0.9230978354071364,0.0376028311643565,0.15140778881907457,0
0.8289695595062272,0.5025942323498911,0.5832430690702566,0.09185813389827849,0
0.3568465910864306,0.3280107980087526,0.2298847282803109,0.23957020827381245,0
0.281005479715695,0.7374834604191915,0.1480283723081825,0.09979833222755877,1
0.5428440236296342,0.03668020399585353,0.6539027856623534,0.6918842525458433,0
0.14095402527176,0.474976293810259,0.6812917370126286,0.028796882373769293,0
0.8024212269214852,0.33645482252297065,0.7522623957345402,0.617690418599271,0
0.0745609269640426,0.9209874251669133,0.5035967201878009,0.14050140848233258,0
0.9871654904631062,0.01195674830083071,0.8942121602307864,0.945218682469989,0
0.7724602080789843,0.5530649277276445,0.9365152245043832,0.9331473434974378,0
0.1987624752880708,0.7410165623873313,0.8074979193395251,0.22532447055884125,0
0.0055121027140486,0.485230891089833,0.6356598713831758,0.6143701283783957,0
0.8156895750053765,0.08539696978987978,0.3036702832899323,0.027761960568001592,0
0.7070535555942817,0.9729413820129524,0.9831338304675512,0.9318413855708214,0
0.7292098928971182,0.5182414127323169,0.2740750616023675,0.5229061722253862,0
0.7714854989413424,0.6144699239899861,0.2025706038973069,0.04298477992996849,0
0.074054786232489,0.23668657415358682,0.4421522722961697,0.34235970502571605,0
0.3585594964652958,0.48371015586137694,0.056702819573708,0.07662211089336798,0
0.1158914924031423,0.42933178309179837,0.9786818037325132,0.3928206838032048,0
0.8633455814558102,0.07488402434888647,0.5884833113153789,0.6698933632640652,0
0.6234697681612645,0.10616566688624479,0.556990742269285,0.4697913701969549,0
0.3309836865480737,0.8378785461673671,0.6558697953028627,0.3835953966900938,0
0.0635654013094189,0.23989850262425902,0.4970411601330298,0.11894356024990838,0
0.3110621272402432,0.19501224052833976,0.0319170264742041,0.24476678357100135,0
0.3252673033257608,0.5051352551866262,0.6123694660081114,0.09992357097326457,0
0.7298090793319199,0.7691155007077908,0.7162686890363332,0.8075108400509378,0
0.6377333056193473,0.06192760550864756,0.4167382581409597,0.13503161358539237,0
0.8874619874506822,0.577071118331126,0.7574048887934026,0.5953159540297543,0
0.4723421407962734,0.11922290680997272,0.226923568111296,0.34260020440067135,0
0.1196177741995859,0.03642817331702283,0.2211968405923983,0.22579990845966785,0
0.7134428771840214,0.05271999666253005,0.1613161232462445,0.6394254784731264,0
0.7609971176923321,0.8345683219550358,0.3719681713535721,0.45689954781488956,0
0.5614306017787029,0.11798426927343991,0.8471529973342413,0.40002407174352017,0
0.7711822430644144,0.04512324865061504,0.8280462870596921,0.592793766034538,0
0.493929157749935,0.43808697294425286,0.3828014393430194,0.4911760968734209,0
0.5228748997003703,0.8444030715635912,0.5891687325590311,0.3033311337297546,0
0.4276550977240365,0.26249930394706245,0.72091276605844,0.5589919745057942,0
0.0254149630085956,0.4218908337185358,0.241134054024549,0.6694654574596605,1
0.1079115140651603,0.03989155173009523,0.1680425932097122,0.026449369641306994,0
0.0314267891964936,0.4492717251228479,0.972281075373381,0.465771874165122,1
0.6365859082372942,0.5778767205077436,0.6176173407802992,0.05744965218794559,0
0.3144367786183848,0.5711670191405261,0.9816040912942796,0.18621396842379606,0
0.5087085971359635,0.33255598527859687,0.3377173218318887,0.5604398951973798,0
0.907821703772572,0.31565321718237477,0.7031218764820863,0.8662202584890872,0
0.2493538948307929,0.1066291861157609,0.2225243541493142,0.8828424683076548,0
0.4104919570990818,0.3669464472476183,0.2611345028375709,0.06971439601232068,1
0.7557616685981755,0.09949632983451379,0.5119248816322539,0.4189899044770164,0
0.2288538049369957,0.7669631353419362,0.3195730625338413,0.5829450174244324,0
0.0769909074336938,0.9667508995946309,0.167522887907225,0.14686556728154027,0
0.2898250155457929,0.9705531407619485,0.2628156263178667,0.7654305384684194,1
0.1612570558597034,0.8654922482151138,0.0356032035932187,0.7442266331750678,0
0.9299593898157664,0.601068489886425,0.7045142889506977,0.9033845329744894,0
0.8083463674948909,0.7011968718197907,0.4921324386242958,0.008236256018145698,0
0.6335783693833972,0.2853092216982074,0.0941185080542226,0.21650272177799415,0
0.871705203174617,0.6310631869320457,0.1715967536420066,0.8272052750812113,0
0.8038967568154954,0.45584636094315767,0.1024129043701691,0.6705472861729083,0
0.1866132812450033,0.4822285991759174,0.612651084742474,0.8944304393574696,0
0.8928098154197004,0.7581389185354481,0.0940857937271104,0.05694585707745649,0
0.5394891961970354,0.2820199733001847,0.7543905869132459,0.5969070744923735,0
0.8076659430759746,0.3181610215807969,0.0203603538121512,0.5689805341626177,0
0.8963431555190626,0.9250955809720356,0.2493059488061462,0.035433570887792996,1
0.3180853450518715,0.05620224636084355,0.8908230359120637,0.5134378388582796,1
0.1100726468893128,0.48584753967885375,0.718626961730152,0.6094675352401854,0
0.227990548223103,0.9132481021308382,0.0728362704489598,0.19110333044801833,0
0.4272217406014468,0.6106445925952656,0.8212579358201424,0.27316662557571403,0
0.8182436632765765,0.5466536151480059,0.4930512270438427,0.6403046733273101,0
0.8609720411071519,0.24982816750113043,0.8469239083370965,0.4682018889974719,0
0.0069425366140878,0.3434107266290989,0.600793870057835,0.8580423214734866,0
0.5108858485768589,0.8524624290304076,0.6819157312445796,0.34224143927963774,0
0.4175221038044855,0.5594716923605492,0.9936941928314909,0.26649451487125236,0
0.2221614826312059,0.5149713843237209,0.232259696218037,0.9849361781870142,0
0.1198889753176461,0.09958142110072468,0.6240078556304454,0.9111818440125272,0
0.3377028082619435,0.015984083001666413,0.4603259566161526,0.028749709708459994,0
0.9431753263618372,0.9641603718640779,0.0393080683870152,0.7707286728455679,0
0.3232863309902307,0.37713987618931843,0.0143179454387407,0.11011839716713967,0
0.5189315328638332,0.6034907291546988,0.1191128324774553,0.027241665461847295,0
0.703214041972777,0.07970589617068496,0.6491628910842877,0.27353267834641176,0
0.3637248887266154,0.6834357336385525,0.5672053401902701,0.26918161591277495,0
0.972056195032866,0.9330248409072571,0.5534669692849192,0.8193347445793835,0
0.9627186623791986,0.5759278255806223,0.0317101989804555,0.710647619267,0
0.251844693706179,0.1261315697858221,0.4693107309541844,0.9816785979007879,0
0.4973830825987529,0.5819874185153303,0.9247911550365728,0.7114935507865454,0
0.3009551442777894,0.7667142674452136,0.397574309610782,0.4181400930246224,0
0.2849126129524086,0.40658637147342297,0.6249850952326312,0.6989041867961117,0
0.0368861557076929,0.8802669879786541,0.7799359368028931,0.9995340877074725,0
0.6097319369205477,0.6489855350617623,0.7840439888226101,0.7101220837067085,1
0.5028151967674911,0.8996887944305544,0.5193054451478787,0.7616784484154915,0
0.0514822502925587,0.6237940971826325,0.8580967661252288,0.9384200130502166,0
0.2787167614699475,0.1313070537028809,0.3913583419109159,0.11343597158275408,1
0.9085213214737798,0.30980854686540066,0.888848878716253,0.7047627387222649,0
0.2396206951632156,0.20185266335233107,0.2401541002599287,0.8508322596569461,0
0.1449258399486985,0.9092716217711736,0.2801574460524563,0.9544388462936598,0
0.4895850446612413,0.7607638629650528,0.0529815609428823,0.21078589450996535,0
0.9859286443881004,0.6767161369242208,0.7957046577800568,0.5038416256851986,0
0.2421148091811648,0.30107837442443436,0.417044541745355,0.6805253520808133,0
0.6723215492809378,0.18409276116655987,0.2290396288082163,0.24729629611695225,0
0.7618319298067482,0.7568127198734478,0.231714235580938,0.6004171220148518,0
0.237695782638529,0.47436489882303284,0.901560087138435,0.25741066285989606,0
0.7284188409291917,0.2258604147888487,0.8340529433213248,0.33331376885034797,0
0.3678796404034819,0.6169069924656624,0.5535683292179385,0.4414108604264489,0
0.6324801206237342,0.04030309668213313,0.6161703177654445,0.5291109956520071,1
0.6337043606704522,0.32629611909674977,0.4743350767310161,0.4492606073349252,0
0.5359205893232234,0.4687608785649923,0.3916468931692805,0.4931046200088664,0
0.0903046813958641,0.14798655012057363,0.915641992413576,0.29843407705528,0
0.8355364763640637,0.9851411506233029,0.1254992100194627,0.15876465522413516,0
0.3208627515022242,0.2091590809557406,0.4184365860643098,0.047112958344452185,0
0.1865617176010972,0.1303716995065472,0.3445256433047063,0.19579041435589956,0
0.0407754932232945,0.2035935423569157,0.4981686301534012,0.5818818275952712,0
0.5910550558454911,0.7694296745582958,0.4576354924450641,0.7861205481461818,0
0.6777519600488696,0.4256859538134949,0.5189147566467582,0.16905052858099118,1
0.0165810683677088,0.5656728963547689,0.1398105299038974,0.10833839793760747,0
0.5122320000152288,0.020967812808858118,0.5131646990360821,0.7492833920211339,0
0.226550737630262,0.03439731889324183,0.2423465208000621,0.30500580438390684,0
0.6453508639422206,0.446016978394526,0.1842385670107162,0.9515587416981978,0
0.1744060629121225,0.8170498631880933,0.0646992872055491,0.7142995404049054,0
0.6911292687223652,0.885671078225731,0.7627637650204875,0.32661059941803333,1
0.3868374268435214,0.08670122147957308,0.4274348900106162,0.28938510386680494,0
0.9369937940537332,0.5386052354445785,0.6267069158706633,0.523617483350183,0
0.1375497437153826,0.9136772230048116,0.727692183313799,0.07891806952989279,0
0.3411550027207292,0.3881324832611822,0.6793984769402925,0.11746254213224618,1
0.1134952497155805,0.829967525607623,0.4705088761503901,0.17566297887588878,0
0.9249538843260084,0.1337160553564703,0.387877550170181,0.774724960137806,1
0.8775856950058989,0.9358541713157446,0.3759347198118234,0.5137732310986926,1
0.2580058367346273,0.7517821945128966,0.6401167578051812,0.010318048762025498,0
0.660166474785681,0.9417973291292929,0.4948110809707913,0.6734847252043505,0
0.817450864503007,0.6769351214908227,0.8492739577852575,0.4235764995462048,0
0.5553524290600863,0.3635501986886445,0.8748527132039854,0.5107672519514619,0
0.5297946828239964,0.9386423811001343,0.1704627386658543,0.21393387957817495,0
0.2419117688840921,0.2756649137449376,0.1361239043168112,0.5517105295318869,0
0.093118506303459,0.3323016758966822,0.6304654838676456,0.9792216053415458,0
0.8974679441934276,0.7011395611922173,0.3011741976401154,0.07321622417520839,0
0.9006711850328147,0.7656827889899487,0.0184194688999639,0.28375791211387896,0
0.6332759812557833,0.9298598828015806,0.8887983154657775,0.24282469445606764,0
0.3391178438729634,0.2048617720560203,0.2268230005565144,0.24837823183886035,0
0.3493006207809844,0.7983824322256268,0.929450631813438,0.3785779356770188,0
0.7261575064423634,0.7388978744452845,0.7175297075938616,0.8181253707522727,0
0.8973624151712115,0.06377665579202145,0.7627646965042771,0.912905328508019,0
0.8873356319958378,0.38738245933248133,0.2013747560435561,0.20202882319848003,0
0.7800932284538346,0.28286753892151517,0.2341192315838256,0.5428753444349002,1
0.6422087960401616,0.3046044101352508,0.5212938176777087,0.6368551690420453,0
0.0841530679991924,0.9834326169305153,0.1720027563201043,0.5217459582793441,0
0.1616646025033228,0.6430767593187824,0.3053816258018997,0.4339661190093131,0
0.8988067683298901,0.7180165434476853,0.321418065522451,0.19178588572913674,0
0.606595740679386,0.9770999066629537,0.1595284384729893,0.48812682855802386,1
0.0091881178138755,0.3773556095037097,0.205097406253671,0.401093782637164,0
0.1014897421843908,0.8022266707072985,0.788672183592503,0.7955715592579495,0
0.6636852322386685,0.4347162031468232,0.1670970284556929,0.7636020818336788,0
0.0050514340178181,0.8699572658645679,0.0283096292537265,0.13379006003906066,0
0.1608436985120643,0.18070367443760216,0.6294191315162792,0.08829552612888869,0
0.5488835052128516,0.9481525937861655,0.9761695726393712,0.9081990398608102,0
0.6920870098515818,0.2188387257107875,0.3311728417361905,0.5354313565949875,0
0.6521413291705067,0.3263463994848402,0.1185397557887597,0.8578295314718607,0
0.2243236172052915,0.7565537241556226,0.5704307149129733,0.05791764149704399,0
0.712376997981146,0.39391803881428383,0.9065161044987562,0.5264356369055517,0
0.2373072119181095,0.6084917825846571,0.7841805376563755,0.5393507663137507,0
0.3254837430832306,0.44476424359273137,0.6225776449888727,0.8607315775219688,0
0.7466992711774902,0.7427238533865903,0.3150098246336625,0.09738945121690157,0
0.6498122840655998,0.2284035076991719,0.5419135076417092,0.24027182888177945,0
0.8494614846849088,0.05843716267010995,0.0911192254055635,0.4064190135057628,1
0.6577946238190504,0.3000408840975582,0.6790271049614844,0.8658727047752396,0
0.5684640751148339,0.47451570039693935,0.7251939780384262,0.9389384827955521,1
0.0936906745210622,0.16805926076737884,0.9652142132922704,0.9927974330002978,0
0.3678122909455166,0.354938840445285,0.2603314071368316,0.9592553105381858,0
0.2652687117065948,0.40014932802837083,0.0183051288615416,0.005691165937155999,0
0.2440497498467489,0.05737043494169485,0.5456431138534441,0.04747143991996359,0
0.9732850282939818,0.5835740081015747,0.7068820067283639,0.14740265785451176,0
0.3932016760537929,0.8847751368385984,0.7905284719953514,0.34872389387213465,0
0.8922972214239517,0.15177320267611463,0.1936494693356749,0.8299374869710292,0
0.6313125728133478,0.5980827188289487,0.2616873955509078,0.8926962128138795,1
0.7950333779661606,0.6650505844342828,0.5126139285881948,0.18664310124604938,0
0.5027732543143565,0.4195115936514821,0.3305596208611163,0.6196147000418029,0
0.5770618838302035,0.7014288890014251,0.8606572101240317,0.9174100994964742,0
0.4926508794398381,0.4109037427436343,0.473769460482913,0.46363117983809987,0
0.1952887604136147,0.5048609416896404,0.7997028751129847,0.10332496957995477,0
0.7226529126180798,0.007304217683623506,0.5806667592615824,0.457711154427347,0
0.2808432847901115,0.6920462775045324,0.773205029475946,0.375665526213809,0
0.0243114783139721,0.66165219738491,0.3326325283295333,0.5775947775993477,1
0.6456504575089036,0.038369062721036636,0.8315520829861356,0.4385499109965279,0
0.1771511202552698,0.36839902948458675,0.2745113638017997,0.017099074492875295,0
0.9407234860556536,0.979515432971734,0.5461336303859383,0.9940709640643401,0
0.9541974395284858,0.4209142439443236,0.2139247985748369,0.5434658376792767,0
0.9151217660039463,0.5021675838610427,0.475536451412168,0.4735334436468831,1
0.3702559064703374,0.9103758869507493,0.3181296375821887,0.954677695830535,0
0.0154495233380807,0.717602034519423,0.2666397033370131,0.15565891126096257,0
0.9285798945424616,0.5823362131790187,0.967168297421324,0.18904708510831564,0
0.4282984167938201,0.7981889724016742,0.1599727673775248,0.8080270265740419,0
0.9669274236944168,0.8647870290914498,0.787445746599424,0.260664026278741,0
0.9638916893510724,0.4570855618731042,0.9843542986681726,0.7992365037843967,0
0.8532486429366949,0.4753158386458333,0.0197507032687767,0.27136993671459103,0
0.2945238359737673,0.38620961147896643,0.699116178139036,0.03294596974532729,0
0.385199327606851,0.9671829784873901,0.252843213607683,0.5169316304952815,0
0.8513753082979889,0.6974954018034969,0.0403443051701799,0.19649835793298884,0
0.3170035572323484,0.08321581135167837,0.4028738878904292,0.7578421284831317,0
0.1695309474971335,0.8633796151962557,0.9353898844816442,0.6411572395860073,0
0.5569533505282009,0.48077040167201845,0.0116114439892598,0.9236528276995324,0
0.9364184103371368,0.06873872337382636,0.5879352535833391,0.7829924327516669,0
0.6962228246040428,0.5499656098707786,0.5014155333570898,0.18058266422540936,1
0.5702171572073148,0.4173400029640012,0.8735344284205198,0.8001679393217093,0
0.0971934301389261,0.8781775006187543,0.083873543791384,0.6416948272964847,0
0.6151764301110381,0.20405352398246648,0.6816086208110974,0.6689183434198998,0
0.990333335191143,0.8268646043962801,0.6801917897824765,0.8322831104453432,1
0.1401135684716056,0.5579414137400094,0.6691582177690876,0.5737595942101317,0
0.5184704279371222,0.05458737035712775,0.9425090794771194,0.4659037028011668,1
0.8776194234677416,0.9723249557325575,0.8232200521849364,0.6365971477003651,0
0.7409748010400186,0.5128432692351015,0.0418297308471409,0.29780254281726365,0
0.6972090588392025,0.29098338063001905,0.4710912130974805,0.18240443733503797,0
0.7026790097858608,0.46961119162619935,0.3979356239010485,0.61653737827762,0
0.3595852206641708,0.8582749799124326,0.3100988174935608,0.23367247215956463,0
0.2936665361555608,0.3050173363000231,0.4513381225985853,0.07968876309881859,0
0.8095875082565492,0.19272911519199026,0.384171899530358,0.00030182898221409995,0
0.8103399686515798,0.1290891140025972,0.4323285945551092,0.60826623175008,0
0.8673156412049171,0.2979697507850061,0.9794494753507196,0.36201493509479843,0
0.9134974508539012,0.7804226486004022,0.0885064375807402,0.7523049921050966,1
0.5114811198470481,0.47183193099174353,0.9223983633333576,0.3750468195334339,0
0.5016521263279339,0.2275533934699052,0.4802483046585521,0.4859101913653614,0
0.7985182778175677,0.16622320269070215,0.6238044546493242,0.4069658515934162,0
0.6501434131353381,0.33285893552144086,0.8303179925326702,0.6505354700308764,0
0.7021616509728981,0.9403865366256109,0.3604323731861143,0.35600334406604384,0
0.7960150324292014,0.34316181384076866,0.430415928357462,0.963830973135591,0
0.8902554078498867,0.9886126501094399,0.4095051273905028,0.9362012575328148,0
0.3380829054437774,0.48544347575042174,0.3747053992479507,0.8480532938807315,1
0.3756817538449031,0.17920923300469316,0.9256979785873298,0.920349347983042,0
0.0939979368571265,0.8915755248064084,0.8290644751171996,0.4490343500410184,0
0.5784385448853248,0.4605547631344113,0.1088806366457717,0.5363536665942463,0
0.0359412043706188,0.7100073430224236,0.1080036900481289,0.7420832650694021,1
0.4657232880791149,0.9841977395946166,0.4278626348300633,0.6961215391170955,1
0.5427925600506531,0.05014998738754174,0.0985343754193053,0.8907179649551581,0
0.2866138708074841,0.09669468646491988,0.6191536645502467,0.7163132568004129,0
0.5909953556767107,0.7207986507024351,0.1435844906388723,0.997959212776947,0
0.0304975802971955,0.28192656984719666,0.5223997177613029,0.3483674801624638,0
0.0373475327294417,0.18434952668079876,0.007064693439716,0.8330182075527557,0
0.8228308064570905,0.039330591783526735,0.3165502195826448,0.6976109249752183,0
0.360284916539306,0.02180582673632082,0.6772717854270169,0.6913604995453313,1
0.1270862363532766,0.7748571167877578,0.4840518725550993,0.3256898453555048,0
0.5223851864163441,0.13445423257990902,0.9784567457041432,0.7856067244232094,0
0.7702083299155241,0.4679240416619694,0.8742543139476382,0.9004185698837543,0
0.2158728510419373,0.60617595276308,0.3590396319988471,0.21836755027894775,0
0.6230619972837805,0.42853365461745907,0.0453447854857316,0.6254492971141689,1
0.0853609230607601,0.027068649203838124,0.8457667732769565,0.3920108081949718,0
0.051685279894057,0.7838779564034402,0.9113979250498758,0.9896198916511186,0
0.5314992371094202,0.010466129251323508,0.8207590488462273,0.47873720889137167,0
0.5407824560600606,0.7622545063868793,0.127837271820546,0.22814246508776745,0
0.6376056982506912,0.8937411127575955,0.998109323625151,0.3817302361142817,0
0.7262932011838111,0.4330242343143866,0.2585176304060539,0.6538001383337847,0
0.9761273885484671,0.5357830609135292,0.724302557633905,0.07586177127342159,0
0.5164405271619665,0.47719189372924964,0.9081973625511708,0.6035472044874033,0
0.3230397994399447,0.38936902466283413,0.2356124468060727,0.9312774169268198,0
0.7954083794291968,0.8878579324913244,0.9084211197894164,0.850388944104912,0
0.2709002507424326,0.8943704743012714,0.3094329408092164,0.06744317841797298,0
0.4390888611570206,0.3359475150737288,0.9765998273389728,0.9934629101744658,0
0.0784678131005265,0.6153539177935828,0.2812014275506982,0.6987033837661477,0
0.0253465595719832,0.9273625934897057,0.9536143250144208,0.16208147219650287,0
0.96291984125385,0.9625327907944029,0.0534057372012952,0.012167621128067496,1
0.8362143005412226,0.509185062183596,0.7093643892905561,0.17108623438377127,0
0.6961672176764736,0.4530200690049386,0.5321410224198644,0.8381980830695573,0
0.4090615579954999,0.278794167059883,0.4778878360079517,0.021393879681283996,0
0.1733336387265877,0.9593444189723694,0.2234153460280481,0.23297117692845984,0
0.1564714044796741,0.14283970187835235,0.7056868707025572,0.7573012536799916,0
0.2503048433887485,0.5800944304188326,0.190718994470437,0.5860500876248921,1
0.5493765254813484,0.28265223146968066,0.5528789967866032,0.782739703044881,0
0.7147944099596493,0.2791083135174485,0.2531768887456422,0.7461425062576267,0
0.6603798681986747,0.40513762889022714,0.9558006509374408,0.050365433740312084,0
0.2800045727461738,0.9992873558366675,0.028483492549725,0.8925513891243043,1
0.9551344186248444,0.05494356905114465,0.199640929013448,0.22685370333910074,0
0.738102255563894,0.5788059669640925,0.2422382751328271,0.5533212690903753,0
0.5545054209842861,0.08256454652202017,0.4140560775466539,0.6442467750989206,0
0.6118889832635154,0.15455264183792675,0.232654531383126,0.16843093902851838,0
0.4197118067717979,0.4397509388238946,0.4913646010673602,0.9762986646548216,0
0.247792196103823,0.5106869756116894,0.8726154632804963,0.48806340466667336,0
0.3560657134961792,0.2588813544984927,0.7121567836294034,0.057409049899362484,0
0.7580573153511884,0.316577673660434,0.5800087472990256,0.9373166811557536,0
0.0143860828284345,0.08696181685159138,0.088876771393707,0.5862074464751366,0
0.1160951332474906,0.30333307339414906,0.69407909640897,0.6991698108580603,0
0.0460045308258596,0.9670351969187863,0.1663151825401385,0.5250953712100355,0
0.0407291403615453,0.9451721662012796,0.7864869570340929,0.8347589904189179,0
0.8557004922295623,0.33500892656317416,0.2499871595156122,0.03289178396077509,0
0.7038531303249739,0.5711138725620973,0.4170380315380413,0.26821378504065696,0
0.4743016207332506,0.910040936470624,0.3504360216367885,0.4695497393932734,0
0.0978512904047293,0.0061343551098023055,0.8589590394356961,0.07637618477364538,1
0.4917487955599038,0.8110749182217869,0.1264312938657426,0.7058854824430915,1
0.4735993559877147,0.9488363439578507,0.5656865991529045,0.3935398941186765,0
0.1732411613809806,0.09132291923121558,0.141953917879519,0.27250481589203884,0
0.4339675842312681,0.16148329336308903,0.7048866348947413,0.0031274169461377992,0
0.3986102757043057,0.9612198756231871,0.90523957109135,0.7198136881317883,1
0.6160195493086429,0.5377818260542706,0.4346031505531584,0.8338300401650164,0
0.6352687606505178,0.014151557459065612,0.4881066222987869,0.3949174670755349,0
0.0453056931447999,0.25772030906579974,0.927592161312873,0.5641503538016326,0
0.3747111305055673,0.4501373593103345,0.5210173550221455,0.22750870958459224,1
0.6260323103366057,0.6932357257807638,0.4876126259000202,0.6221490250171821,0
0.5032725665678158,0.7335092481727903,0.5783752935116837,0.011888898956752497,0
0.8567300520577974,0.9959140856181313,0.6893150445758565,0.488551505593486,0
0.6588756809267877,0.28761588161438506,0.1067632752872782,0.6441640733164427,0
0.162970699432311,0.5384621568568693,0.8212423535821713,0.9182401596115826,0
0.0705778598164308,0.5335629198434426,0.4355008406650995,0.381208256999939,1
0.6425965420745835,0.40581467173514013,0.0722162287937919,0.7651884453882886,1
0.026507467960483,0.16920172807474473,0.7863021751164183,0.5976303756929093,0
0.5859361891811471,0.9779392922105581,0.3769251310768879,0.9270633900412456,0
0.9404950759839368,0.8537318950991749,0.1002450969827393,0.39825570075114597,0
0.5756317566774443,0.49855322766744825,0.6338447889193546,0.318947381365812,0
0.3882724285847261,0.6035231074707955,0.880283997384133,0.8871802089771276,1
0.6434657378206795,0.2273327224883836,0.8879088418880343,0.04900800329503969,0
0.4583760006187547,0.5440321757298139,0.9578434662626448,0.13617755397611236,0
0.5457655886148562,0.6952980772979289,0.8678537207961341,0.08217890417534379,1
0.941730006357451,0.5153964517362666,0.0019838742823807,0.8431337360166342,0
0.3862045322971476,0.9907749288840897,0.3802174866900571,0.010358362565818999,0
0.9614615617218454,0.6116237772628083,0.8186734999672325,0.8616870135041198,1
0.9056052202417872,0.3711241270464865,0.3662243923038417,0.4511631544080821,0
0.1958370685863427,0.7725222626307573,0.6016028872469619,0.003774060850123799,0
0.0693700582440417,0.17050305847093225,0.6063730101892517,0.4015242731784845,0
0.1007959967613615,0.3846736483828324,0.3649962573032397,0.18660952499599368,0
0.0182155455647207,0.3470962062480639,0.9046351574616408,0.6243525881574415,0
0.0944590933344214,0.4319908424411322,0.5032480462927609,0.6793289023679615,0
0.6831959719526818,0.7821553363734048,0.4647903466421539,0.4874348130403622,0
0.0711979431568397,0.48438547274664545,0.9977077932949924,0.04028026787891179,0
0.3190577862340076,0.7943966645176033,0.4935166336788441,0.6560913035334475,0
0.8451121066106164,0.5767519270316998,0.1783033772005424,0.8420622119848444,0
0.0232671406233022,0.342204011380016,0.5130925949623091,0.7203078155980602,1
0.8146963371658237,0.8103697053668586,0.8141460592040346,0.8299773880120737,0
0.2819260154037376,0.23836738247237152,0.7769765445950227,0.20032270031735144,0
0.1181879355654749,0.2244530717245656,0.7887021172473396,0.8889267221454842,0
0.6969304012935037,0.504726504144037,0.7081157213377836,0.3220465075002221,0
0.6291161479316837,0.2609393191140869,0.2541496977849817,0.013156670250481997,0
0.8777183941604091,0.009039158198420109,0.8622303640715927,0.8434155180889026,0
0.7352755517299993,0.6485998978138895,0.8936008048389823,0.9418773995601267,0
0.803705554094997,0.5113210129600998,0.1940633788741053,0.6555205095757072,0
0.2821058660708104,0.4457090744410039,0.1303438512732171,0.23125994312627615,1
0.1774800813298244,0.9674454968520737,0.9757912884528608,0.25157443253395745,0
0.7508238301617436,0.5714593094203325,0.8684724428414796,0.46649325503739136,1
0.807060349157898,0.8638518282740825,0.8933934135463986,0.8978727930706812,0
0.9907847597889908,0.1394737903121799,0.8865312313523575,0.14939414731150696,0
0.4127273680995806,0.5694654967007816,0.5417200902001369,0.825991832862145,0
0.3721158387561036,0.8684023692612327,0.6464719383804152,0.29114574161187023,0
0.7766296251722983,0.5833724067928868,0.5453974149263843,0.8085986342148286,1
0.3408921146445234,0.7183547489951356,0.0510666107219108,0.9203202654836014,0
0.931019374671464,0.37219456848010013,0.7456082425722883,0.4273814394835861,0
0.8586535281403422,0.09244731769717969,0.5053524762654646,0.36491775676475596,0
0.4291085339947668,0.45809833989785387,0.6477797376354388,0.8022316977725613,0
0.7510802216816105,0.3946426849309213,0.5026592982893661,0.5294038752402876,0
0.7547531076617544,0.8674824211114264,0.4918269961617412,0.6844208291655604,0
0.1031425540172861,0.2440761406002034,0.1716919035411663,0.6227808226926208,0
0.9028066622970852,0.9672110813942361,0.2786542241663312,0.15268641544684167,0
0.505389302674441,0.9586102635356095,0.1587509230118939,0.8448146904569588,1
0.8266888460201524,0.24771447380586784,0.1955775117648244,0.19558673654688455,0
0.3201320727697064,0.3481898102460551,0.973162773468502,0.9323351483607744,0
0.8957749170515552,0.8959935933855955,0.1530096524655846,0.25040087518372933,0
0.3893044844970397,0.9670990133826197,0.2692076024473735,0.7338689545495868,1
0.010829200092502,0.4436292237802459,0.5906401731479747,0.284496147809472,0
0.9056365639188204,0.32112007601553066,0.61023600114369,0.3176370207693153,0
0.0913018812659283,0.526329423903745,0.1538706400218075,0.3098509140208425,0
0.3193958929209996,0.6880932048858639,0.7938395893990418,0.7478848272894802,0
0.950329692608136,0.2735715063829442,0.7853220282308015,0.5567450685614046,0
0.9508750328038924,0.7368238598598038,0.2372436118287666,0.8829892930705201,0
0.5735948681581096,0.05163280622900325,0.2886103222252387,0.3072209187834035,0
0.6320113644036869,0.04926864717727944,0.9381609168374964,0.6919667750196705,0
0.4485657482693637,0.38644651070751335,0.82580488056918,0.7529428300681088,0
0.293285351535541,0.35361401732716163,0.6978853631735618,0.15127922179644426,0
0.3287495503153711,0.3157533066991356,0.0821044269899786,0.40046810725708737,1
0.6727045705455913,0.49123595483113774,0.4182538128047284,0.4827231933288449,1
0.7525841254175449,0.3208564683248192,0.5593413515078041,0.35555142388389943,0
0.7918001677111238,0.19231040787366738,0.1873195923772144,0.32196562632248665,0
0.7898386901810126,0.30958626311795917,0.4482268825280826,0.6863923206151303,0
0.0912212838359462,0.9753856033418673,0.6010800740117617,0.21568460741158674,0
0.4945540497823057,0.41128582549020226,0.3273343537759103,0.7093707002212981,0
0.0575640468730721,0.444903595696036,0.7810624773489323,0.9350981059020306,1
0.5496788319654217,0.5768080445750284,0.8405882288436786,0.5651302189769501,0
0.4416486943170783,0.9838267216164372,0.323565814305887,0.6113820879301479,0
0.8879535721396128,0.24168080290741153,0.8387951694637934,0.06870275655671358,0
0.3510065602008605,0.6816025545308234,0.103455299909676,0.8645076857551417,0
0.1170898015623394,0.7163241523795623,0.8378667862456552,0.2852888012109224,0
0.1430220902812619,0.6076043366128291,0.1526465103169201,0.6150002021135128,1
0.7617229141490999,0.08857401913428568,0.082798602755794,0.9791805218747792,0
0.6183882108679196,0.6771903035130663,0.6418439743334474,0.5954452304081856,0
0.1011407728576129,0.06407697504059856,0.4719460295569249,0.7246944629230232,0
0.0841198993688416,0.5964164424623674,0.9080530357385824,0.4452130278345367,0
0.7011636117892499,0.7399335654530128,0.3631595017144349,0.060133090287997584,0
0.0727727639974524,0.2110326330129235,0.2870957489481966,0.79760821350973,0
0.82209008734491,0.8420303077505523,0.5007537275529472,0.034757774381620095,0
0.7064382580293846,0.030317581636946728,0.455949209084288,0.7006349217753957,0
0.0813610629041235,0.8442223643178587,0.3443917343176537,0.022676548123414096,0
0.0848510222609957,0.4605284262192745,0.6938281982512109,0.862335306982616,0
0.9869180596286328,0.21765430860065318,0.759671950002911,0.15743516145555628,0
0.3743692111240927,0.1337985911506748,0.8531270374244713,0.5141875029990535,0
0.3707394954383075,0.9537766642545957,0.973041955157946,0.5970938744599137,0
0.8130269310933287,0.07265254788848637,0.2665924481701083,0.4574428238036006,0
0.9475154756698438,0.19914965476768226,0.7161882662127397,0.34062263225338274,0
0.9862793571964228,0.3479600763909708,0.3942394999405181,0.4677150780857667,0
0.7535880763617012,0.6205218428881581,0.6771629953460447,0.31126527850461855,0
0.3763585856983609,0.5450467462307373,0.4759917806845024,0.4380133978937565,0
0.0835136317331881,0.12565948128949342,0.9939658309834484,0.3587780821300379,1
0.777363796175725,0.28983388062766235,0.7290014374433937,0.5661378514346059,1
0.5585568091607113,0.23882973620741962,0.9526694675337452,0.23774960109927373,1
0.4243351126647773,0.2136070067061768,0.8351062637427233,0.9887280350733728,0
0.9066092585290296,0.411316761917281,0.9030616865371784,0.5007815687838459,0
0.1112185415166556,0.7043643618029882,0.814548662857014,0.19397317390050814,0
0.4927583214956579,0.2175192269104837,0.4591632869768318,0.47697056382517816,0
0.0113453451063693,0.36682694085818424,0.2517194651640793,0.8664465468866683,0
0.4687868124989206,0.3910787692003102,0.3702929963474872,0.021561402745704998,0
0.056308193365723,0.9769387105063387,0.020085570242891,0.6795242955698207,0
0.1188412162512407,0.9551365983017979,0.524020192639334,0.5478948478088471,0
0.117549166947562,0.8005231520963647,0.5050781464711847,0.16936102723617918,0
0.6493895628707052,0.24173847887634123,0.5252779334851354,0.8174918177435376,0
0.746252614024897,0.06802173839534385,0.9742169897373928,0.36875298155894565,0
0.583528665285582,0.31702492543836436,0.9116176956812724,0.29364578080421133,0
0.9624438351230054,0.2668878802393284,0.1616120182214757,0.8281440602647812,1
0.3749691712568386,0.5061501598824711,0.3688548353566503,0.6384817759896533,0
0.2857844611465779,0.7781012003166585,0.4239479191098283,0.898300937416015,0
0.8688428997694453,0.8587403901497711,0.3605022865399832,0.6298376013985167,1
0.223649948231463,0.8452741620736636,0.7986198127266135,0.7408079126025318,0
0.963494134836722,0.3598197849988892,0.5240647107393599,0.8364674916538203,0
0.0121464105111299,0.687558048909479,0.572143810555346,0.05450503877754519,0
0.9701523793710952,0.31295275516993937,0.8531566378193816,0.7760507600713524,0
0.0431609648558526,0.060886059775628054,0.8060546240558395,0.6136550777345755,0
0.8913935142898326,0.7018968234984457,0.1321003568867738,0.06927803942639658,0
0.5278446403169295,0.00978008157421231,0.7140085992548748,0.5084920634416975,0
0.993245137163766,0.4093539379803305,0.4354319178116412,0.08223256515607459,0
0.0738066262843345,0.3295068926096641,0.2945950328238993,0.7359358601745153,0
0.554005505918439,0.6937046100533297,0.0498786635630708,0.5464282844260766,0
0.969575918825366,0.7666124713536095,0.487263625138091,0.9536335196377784,0
0.5232400218203598,0.3042084048852883,0.3554042518435665,0.18294285421997117,0
0.6295720733115568,0.8120188792772616,0.2514439543483533,0.6059795336848611,0
0.6959416342545586,0.2940249525813903,0.6947589573359139,0.21139894021948705,0
0.4546630834404224,0.44651806296663427,0.7695990036881284,0.6140136981063494,1
0.6277309740481131,0.7273640317008352,0.2447180621488129,0.7226340027557643,0
0.5844744901475887,0.6932470501824486,0.0493070777988293,0.7222885165336048,0
0.9014113559422012,0.9878566324435881,0.8488942764861989,0.8150885817546495,0
0.0454481055779814,0.22523154246025728,0.0098054540337102,0.8535774290412286,0
0.2810341680538106,0.6626279663471758,0.9372852365342226,0.07704451369014959,0
0.95067931240864,0.6099631198530459,0.6276834508682825,0.3431271205165222,0
0.8905139259175877,0.9155470151833683,0.3218023582777576,0.6870951772525677,0
0.4557790995240897,0.15639496241560835,0.2464070482333653,0.49849715435554487,1
0.6203033083180555,0.7521572459606618,0.008851040567265,0.19048590071364516,0
0.2774511081611626,0.5685271359588523,0.2353966734044448,0.5526381752268672,0
0.1881648381806852,0.27476351358338325,0.13761908148836,0.40731664647428006,0
0.4638231163093517,0.4746420188523701,0.6122243467217316,0.38991356963314466,0
0.353444492332946,0.33390662983726777,0.1664465331372753,0.8097665648677784,1
0.583816096533006,0.5795779743289909,0.5286584981798796,0.40747938085660207,0
0.0777458564958212,0.8894348715261468,0.5901667708319991,0.026210638319893294,0
0.974669688244376,0.5695640719670424,0.2979890248314021,0.057829831052603885,0
0.9864890995093134,0.6320157067213034,0.0349195170779026,0.8562721256316632,0
0.6983553688346501,0.5189792325285141,0.037109220763881,0.9606630953214158,0
0.5362423661825836,0.05114068605651405,0.0261988253333242,0.6883824150831845,0
0.3096069940578204,0.2329332928856386,0.7392275745296715,0.36423517312602677,0
0.814022676253485,0.49221845965052186,0.3179640745101793,0.9386553907709357,0
0.6849208781461632,0.3103524173486394,0.796423260585108,0.662767772938012,0
0.1626531183391679,0.18181033693707177,0.4317273065048681,0.8443577296537373,0
0.9111834025502332,0.5043562192258357,0.4530000842828769,0.7658507634379793,0
0.8227674701021532,0.32293381709461166,0.5129057087122675,0.3790110357798061,0
0.9500675617928958,0.25819621409899723,0.7131251600453012,0.4786065511033707,0
0.7259212665150478,0.4641867964766235,0.2734415368590248,0.18594061916700788,0
0.6135839312143428,0.1333044336198218,0.1214724361904444,0.29185726646267396,0
0.4183543816039302,0.9282012236843585,0.5560956701937627,0.7781281430966279,0
0.9329911120367252,0.8681246883811838,0.3269351561459857,0.8940188426916356,1
0.8663069155987606,0.7079554615717736,0.4424895911163986,0.7244453170829894,0
0.0452203283849946,0.1062191702276554,0.6470171022769478,0.4650736131444625,0
0.0263630894744013,0.7762495306753363,0.4941422313335053,0.08628508382906759,0
0.3765624269669735,0.808347182183424,0.6203398046134794,0.05671407530751989,0
0.8107800341165224,0.7681324487037438,0.5442341547403089,0.37419570698517496,1
0.987554797618837,0.1139754774009668,0.7398995162561803,0.46372119216497,1
0.150449482699142,0.6442079223736134,0.7060278188561497,0.6090677151514389,0
0.5942937800695158,0.8347290975426905,0.5342205136209941,0.006239111001756698,0
0.3809912186140449,0.5776168988022402,0.6789846865837816,0.9897947201011834,0
0.9701879609376688,0.6467087100583632,0.8737099282033824,0.36380562169706104,0
0.8423549082667947,0.4585617779930424,0.4322659603797802,0.8481200769045371,0
0.838563575336425,0.5289441624644238,0.4127508643088688,0.5348894957673006,0
0.4688193398615559,0.03434283883634403,0.7643573890292643,0.13022966688346746,0
0.4149298409679797,0.6392602777647755,0.5826015180180164,0.797574405478017,1
0.2734758285316956,0.08143898497850446,0.0708740258575417,0.7098071728905635,1
0.0563804355712376,0.4352000991820319,0.8922688855184546,0.5273564069828929,1
0.8649650078842421,0.2927625984317433,0.0306361599832101,0.5144691911791209,0
0.8131284027946741,0.5456739546490286,0.7485025339576978,0.08725573865361448,0
1.0,0.1334365834310108,0.7589039880095712,0.6558113560215721,0
0.996918257874332,0.6919695233097076,0.9532894709948464,0.9112912654862447,0
0.5555833909571499,0.7953942975210786,0.0539957027330402,0.09302294161924209,0
0.7692018961446738,0.16339110186027303,0.5969095867919165,0.26334527535399055,0
0.9450318980922996,0.10431738850461869,0.4278336803947766,0.9023511541463087,0
0.8498855895386281,0.14554236026918335,0.330591777088955,0.28418456205156123,0
0.247409195758519,0.8775553169236793,0.0901926176780918,0.6539054552018037,0
0.4506649786939972,0.5284258204733576,0.5626947815231986,0.534740906363042,0
0.1291857560307759,0.4674641698554027,0.479051895007565,0.5962705052220939,0
0.9543199257908626,0.106717434609676,0.1044335368844713,0.4156726329376596,0
0.6063412406574756,0.6498590668398775,0.6125477471267899,0.2998372510393039,0
0.2286983992655564,0.8684223453650776,0.73805561441241,0.048296819612975786,1
0.6718865584103605,0.8285868073700059,0.7673911389320978,0.7442723290032103,0
0.6182983615973308,0.6263448918261935,0.905534735634447,0.7460854459305243,0
0.3582563968542567,0.07526710878987597,0.409457372162052,0.6706930231721678,0
0.1135793453955101,0.1124057578208664,0.953251140819816,0.6435921922313108,0
0.6717590321094846,0.049283149464679744,0.8655768632911602,0.24354446958100204,0
0.5204490581182138,0.257567443079637,0.296448354267298,0.022099719755141297,1
0.7725338521664902,0.1356829452595366,0.1591814202108921,0.8087279040235349,1
0.5203048159247669,0.2601376743939438,0.4353851685538146,0.491046961771016,0
0.8524204443293956,0.38521618751014974,0.4018826673849673,0.30668615507859714,0
0.5520574876492913,0.9434466236285884,0.5757645755982921,0.10171277620860328,0
0.5610912759958872,0.6106576517104584,0.5834342069102405,0.06248960973527479,0
0.8768997426396975,0.8353784430820416,0.7500937231819407,0.34872852041282154,0
0.4035898713285752,0.7106878729137331,0.5099119988248759,0.8047482680662299,0
0.1340429971716639,0.1125119193094664,0.1047018142689424,0.918772310062885,0
0.0287795016225536,0.7362707887323452,0.8584362759873301,0.8967927242218996,0
0.755347664027354,0.2751967626179008,0.3097160446220641,0.9200498140243394,0
0.6204803139028051,0.6394051821412289,0.9714822608052812,0.9077702992953826,0
0.70427516310555,0.3410959435462584,0.1177438806463442,0.5271450043927254,0
0.2130151449985377,0.9981660692273859,0.9584313709816356,0.21923501151958275,0
0.136399937157334,0.2636430333033079,0.0908861087868047,0.7980555934307975,0
0.0145373043198523,0.2792305608911338,0.2309598299076398,0.21353047885258375,0
0.3506790101682899,0.9311293497221643,0.0464385717695279,0.26704231271334405,0
0.5900795127397979,0.02460505234658322,0.7052040573248419,0.23307823020653645,0
0.3923477454640741,0.6970178738742747,0.8504408578180147,0.5148986442418476,0
0.4375919224328068,0.725670968238006,0.4340663892396108,0.32168044508916904,0
0.9044129222898144,0.8367840045472582,0.9286917876012524,0.15395403473452446,0
0.3483462326382832,0.9749203863999929,0.5903494846681099,0.4530693954679904,0
0.5141289885172858,0.9760836319547385,0.6300715543784534,0.8739411115736826,0
0.7838718060935885,0.06525966925826415,0.8455596018139602,0.5704873078796588,0
0.3966477467202988,0.8222367832898952,0.2967470936308345,0.8783709300071386,0
0.6222579853441226,0.6466112150957853,0.3542328794202305,0.19568384202732683,0
0.8626056468146875,0.6476439813927636,0.9061136706994192,0.16677605963171696,1
0.949788190034081,0.1283673984481082,0.9011234880029022,0.5755132252576437,0
0.1471050894018844,0.6504905723645017,0.9766694056891438,0.4632282134301119,0
0.9268484481377016,0.9829680635703505,0.9019986169766768,0.6601364661203445,0
0.4922493606694647,0.9122653330614988,0.1272591630927451,0.7946346808351786,0
0.2583086863445463,0.4393184209929823,0.8238570339150897,0.7513009881443513,0
0.4592591259703252,0.03991700639235953,0.4098252380925586,0.9423174484261402,0
0.9803091136374608,0.36243914823683665,0.9909930359526128,0.3981343945054458,0
0.4927513091363049,0.8267902657940674,0.4722897493261797,0.20620184518510515,0
0.3288366408342201,0.7018306231068727,0.5538736340135841,0.5508406560910715,0
0.6335754663363155,0.4595424912357697,0.5298039797973928,0.11052687736253188,0
0.2402045949184663,0.055078871466792946,0.3216927142741923,0.28869325273516594,1
0.0758739973850458,0.4270757834874187,0.0748907508268814,0.20770365023293855,0
0.1289059805467178,0.46922908009632763,0.8958093485981422,0.39644114739092967,0
0.1280718523923033,0.92901146722261,0.8028011359854261,0.11100048734128948,1
0.1519357220049981,0.641384522689244,0.1394181948990791,0.03159964297453769,0
0.1388563563125583,0.3117708270325228,0.7768844565765392,0.656756721805707,0
0.6410515545046663,0.5255532500412259,0.6259096174817458,0.6101964410297623,1
0.1819219276809259,0.06603864611068126,0.4091303028661173,0.7083385528488048,0
0.3457572878888437,0.9730482861794877,0.2539529484399594,0.6603503348140307,0
0.8970404704853133,0.3602043363011556,0.859874230960024,0.11407960228467337,0
0.4740893695151178,0.4780763403806411,0.7002774328499228,0.2909217408935356,0
0.6677423943009606,0.35542579169845234,0.5477753107089924,0.12931652307930797,0
0.1723589033227203,0.6828328478690168,0.6096257436284347,0.842996136407357,0
0.1923339228158394,0.6625421641487069,0.090940503165946,0.7468959046205027,1
0.0408689954210528,0.7156614064226188,0.4739291239528,0.20134051314833984,1
0.1689730998975055,0.26823729940958624,0.1936108154671956,0.3411685622561568,1
0.2786606197617957,0.31578859181949537,0.2082993808850091,0.9666792486313244,0
0.1770508956627992,0.1252670050387819,0.6613794203862682,0.5941015474873417,1
0.0887169783749987,0.655816294328552,0.91141977427354,0.8011656268280904,0
0.1206597056495849,0.03976607778779683,0.4037412252356773,0.2644252132913513,0
0.4609026208889707,0.5979569720872974,0.2076647511176403,0.20986922465117283,0
0.206382752227496,0.8701195677837948,0.6488179661617082,0.7839213086579164,0
0.364365335662119,0.8912674125688022,0.8713365354217473,0.6858447024340667,0
0.5035536614736564,0.4492309490274259,0.7484249515148349,0.6809485723067464,0
0.6905861996078697,0.4595025019552676,0.8689058625516779,0.5525631623130579,0
0.0393120613170362,0.07695850141578207,0.5365861269394827,0.563510509914262,0
0.7996338256879263,0.6710797067382727,0.7519836495600458,0.7356860819232833,0
0.6280733841103224,0.8216565631596991,0.139956163386266,0.26983843316436334,1
0.0817714348446342,0.24473625435530993,0.3482396602440616,0.35263154321281664,0
0.8738238598971194,0.4214788722205322,0.3895287679200905,0.8716698991965799,0
0.921131542958174,0.8392461122439511,0.5113182927251501,0.30871388973009034,0
0.0610842815246418,0.8775482188002685,0.929246268325798,0.5462360789356581,0
0.2769474252638691,0.24326037176657972,0.8744471460963084,0.7026172063454758,1
0.8064267034162622,0.5508194568472198,0.1344151425501181,1.0,0
0.7484680764037077,0.19254576893387937,0.172692798862009,0.43518145448524037,0
0.1845636391995577,0.1018817314358165,0.3576088980671983,0.4279806404290117,0
0.2093992438907351,0.9115668824164371,0.2906886182485664,0.8426119879347973,1
0.370569401161635,0.8209042350160666,0.6148299979086076,0.8055145656194249,0
0.4846538199846485,0.7603984973929554,0.9029366790606588,0.7310629436836269,0
0.6184249298759281,0.04874018381979714,0.962473165560283,0.46312891676053247,0
0.3690104796771755,0.8441382473042002,0.6536756942973767,0.32379274913002953,0
0.4626590853222582,0.4382312407131254,0.8382970407320087,0.608677447660567,1
0.7476790922228569,0.34252987847527305,0.5252296518613306,0.876257924972303,1
0.0366823513331246,0.5467229399260778,0.2082426287253937,0.883814565813785,1
0.2524995347228631,0.09135044269408699,0.5247156824981829,0.10828136655033767,1
0.7135477066614061,0.7570082883375073,0.5551205926271692,0.4282381319785718,0
0.8954584332084986,0.582701358910486,0.7425616472021943,0.4646217246354001,0
0.5118162616205446,0.18663948066791228,0.2198027476757786,0.9776832290992058,0
0.5322583139459298,0.18828248333320746,0.3682824940797005,0.6779676817153659,0
0.107191886868964,0.18429675240221516,0.3639980705178871,0.4071273489511028,0
0.4475322893173866,0.05698076540781475,0.9596202136767644,0.025813888838959194,0
0.5327622432714424,0.5880676701856823,0.443943750512318,0.565317919394243,1
0.2425301634025312,0.8407557798173481,0.7552025074597211,0.09585492587260647,0
0.2693107631816406,0.017454946033279115,0.7509184109616882,0.8344708986028666,1
0.37738346454696,0.04897864056572044,0.2654800486082678,0.7525127500692578,0
0.0200654614949021,0.5730312630046616,0.5719136017837414,0.4604075476639003,0
0.3221622341114838,0.8198918617567291,0.8944605359229243,0.4290989097217165,0
0.2114985446641091,0.3268650671142422,0.4752075332662429,0.897380517755022,0
0.3275820139126534,0.34975310969742984,0.9452930735221656,0.28830035109621927,0
0.1197857094470275,0.5966204021051397,0.2143760738449813,0.24884903744338885,0
0.8907775002472634,0.2743102847146252,0.0740274633124329,0.9392527034981402,0
0.5937553599966735,0.026570089915664626,0.8916105108289116,0.8092585177353053,0
0.6792903695842039,0.7355785213486035,0.8478223959376194,0.820642003593822,0
0.7893916545825556,0.6259398739839984,0.9927821867958996,0.19500524889823784,0
0.498577126638365,0.5810213610484839,0.6794753268364673,0.14309041731859268,0
0.0869342086397561,0.7420376695087965,0.9368605195244796,0.025785543383745994,0
0.5372528386969959,0.6755479658422848,0.8270829103076665,0.23686665849655383,0
0.5870020392474145,0.2059419427197959,0.8445663830238885,0.7741916838315036,0
0.745647030925706,0.35262132857648104,0.5691845205910369,0.23986455053436903,0
0.4317748366396707,0.1261263862503395,0.3823416671803628,0.7290896990544392,0
0.12760617934016,0.1298753110403591,0.934729914148214,0.25173828730220243,0
0.2838477113336211,0.6765134033463008,0.4321117938483212,0.39516951192157057,0
0.363177421811778,0.8590177101241511,0.5388516219929187,0.98323196940765,0
0.6460955337686083,0.9632072450704579,0.4461138624932417,0.24463942743608844,0
0.5709345026587846,0.628638556490985,0.5648597391771233,0.3762414399092744,0
0.3561897972185971,0.18414934346387576,0.4705132375908718,0.30093332005332984,0
0.9867936933615468,0.10565537933525,0.0478266777092315,0.10940837704971128,0
0.6059413079986908,0.8132435070209042,0.8822015060726045,0.4898021603746487,0
0.2372849096012821,0.5790207427397688,0.4443927674249366,0.3785622363010941,0
0.1018007633670062,0.6185709465573069,0.5889935833284454,0.6948622874201509,1
0.1528924489178847,0.7818374250993425,0.1390790975315141,0.8176099640981765,0
0.2460184135634521,0.7036097236758543,0.0032312427422169,0.5441755469647349,1
0.160716983104674,0.8348626277755135,0.2452188133281154,0.03195443675403149,0
0.1866102455178864,0.05619185127701525,0.7046767568928303,0.6188726615444812,0
0.2851673621552381,0.7478773753037495,0.0990717182667069,0.05515634627489699,0
0.1734129372612104,0.8512661154019358,0.9090502273224176,0.6163057879299955,0
0.8970174784469533,0.2862389706412379,0.214940612933745,0.6850019203530961,0
0.0802457000501626,0.6407453430617812,0.2045079793180804,0.19757990576862963,0
0.5246539828705334,0.31428134907016797,0.1814141837652343,0.8193621399296644,0
0.4105058651415422,0.9584431186788223,0.0138288444500105,0.9111311888604636,0
0.9826558451092215,0.03338903057921793,0.7719199032009811,0.8131009039676425,0
0.1120602087963068,0.5800576780771124,0.8751853774200811,0.30495664795369315,0
0.3979609494757818,0.16654192467449044,0.6142215328234855,0.58658273868361,0
0.9697438658515908,0.7125576013114292,0.1881085642651427,0.9148624289350877,0
0.8657499882771589,0.17593380438656867,0.285220821351146,0.32051728205856017,0
0.8173006911058786,0.23545938128794242,0.4759367683028515,0.8200440368816193,0
0.2579670246551556,0.49458883937236875,0.9545247729042216,0.009225699365405198,0
0.1709261983510978,0.9152833663062792,0.2472808185661748,0.003395360708188899,0
0.6688281948879005,0.2117775224701399,0.7317461733676467,0.7597081072358756,0
0.9296376320163836,0.14426619972691063,0.4394454273677795,0.7614445979464128,0
0.5569149698013257,0.7593398476878261,0.2977946062924488,0.7889832260878111,0
0.5717691328088778,0.5008409845679798,0.4559189496682592,0.9300791030353106,0
0.2800497827505144,0.9122318575713998,0.071074033699034,0.11769241662047147,0
0.769707562802614,0.14664203686550445,0.798811287567176,0.23180847736152624,0
0.1870871102039478,0.6462289651271315,0.2432299463920699,0.903768565461166,0
0.3237627754300267,0.2329538934429919,0.7255101938315676,0.17704174705463827,0
0.4255498991346333,0.15679346765867855,0.0682146793964122,0.6822003207789864,1
0.5077480022778399,0.6837510357439452,0.9552776429089036,0.5303843141206026,0
0.2424693743132318,0.5939570659750922,0.1929252663622733,0.08296840510514669,1
0.1148589540907367,0.7551882005996438,0.8828956410242768,0.28510461560829226,0
0.6107879558111481,0.3095792866549696,0.8096009306852068,0.5202902234174646,0
0.2887037862740766,0.4481642608815205,0.9680435120757735,0.8523769244482382,0
0.5813974951291242,0.40564099350565674,0.4779014246223241,0.7075178375357819,0
0.1543964671311588,0.9845758274069397,0.7274960647035087,0.6218344371242877,1
0.4812699419186766,0.2923562349639622,0.3706836156672892,0.4959429200679515,0
0.532734401183504,0.2949259238286184,0.1842754690538939,0.29852933579051805,1
0.0518271372484725,0.35468962313683006,0.4430744165915214,0.11903145482539867,0
0.3366916178012026,0.5648505875656499,0.165649678960797,0.4089575658848142,0
0.1344425631169897,0.2524081454274693,0.9822332140759684,0.028275303192077092,1
0.0633819675737126,0.915738605994874,0.0961226394480405,0.21087252244682464,0
0.9902396899487318,0.2657782880177583,0.5892617528303958,0.4323725785971412,1
0.3224369942719289,0.8962537265304985,0.6265270243831367,0.4184898400272807,0
0.8101009495646319,0.1034789056148791,0.5381115366628819,0.04405741093276459,0
0.2547038931390449,0.6568696017124239,0.6622616548875158,0.589000671945077,0
0.6816914784971475,0.9074296337513513,0.1160639546358055,0.5496118694119208,1
0.7604397651249417,0.16878904663083383,0.5550564927931774,0.07787736430878259,0
0.5958022487568966,0.9688046866759557,0.2871560779099553,0.9432196228052968,0
0.4717032163653181,0.4530786562206609,0.940349886510738,0.09916281294040137,0
0.4119503769299569,0.946180445140901,0.7621826548043558,0.8548617731068853,0
0.3489592123503949,0.6771380426955679,0.9726997119322504,5.729619626239356e-05,0
0.9297908321715668,0.3016992646889849,0.037411516479473,0.8823177122399517,0
0.8308520115103839,0.18835284701504057,0.2850759485087479,0.019473657822643597,0
0.9652990366342072,0.30384861810647146,0.1953337168156252,0.7578078562142335,0
0.1243221346475381,0.09301552109211648,0.0110007215930991,0.36155681282128715,0
0.7310707470792047,0.14389394108944945,0.2422534043262558,0.7382062024145223,0
0.9386047356928076,0.1046649318268776,0.6788576044352865,0.40162433417417087,0
0.1812747191930833,0.4231224344045591,0.2310126327134369,0.07067862411332508,0
0.0665041822785442,0.7959614474426038,0.5090251834103725,0.7675056969983395,1
0.7413269360900099,0.14140816766040054,0.8879734702270312,0.07102350009375788,0
0.5746303976204978,0.13033898471978142,0.6938448257648275,0.9221701099034744,0
0.8420646765724225,0.6437286523570785,0.3946104651532991,0.050738204540192684,1
0.1398018382246897,0.19723816999961147,0.3724425177312653,0.4792298322282354,0
0.7954895203726943,0.09761066641105838,0.4557387631207632,0.7230188573347077,0
0.2016749699628567,0.16688714488599135,0.1769460877510127,0.3931228082061929,1
0.1636924273767927,0.9241846868806636,0.6340665950010163,0.21705213238353593,0
0.1643024617686873,0.8218685116339185,0.3641234646219402,0.7590872048681472,1
0.8148026060472267,0.3542057116553761,0.852508199453851,0.784299208410505,0
0.6653811823708053,0.6561272601062665,0.7566617147365164,0.922744846196129,0
0.5232075928864733,0.5375172111690003,0.6105707070166488,0.3760358556870072,0
0.3589243593001406,0.6774424292414875,0.3641728855927084,0.5061651136972156,0
0.877446841620481,0.6829923575690252,0.2098480796215369,0.36299491552932767,0
0.3925488669089325,0.62902566599711,0.776267831909955,0.25691353934185124,0
0.8168279206518785,0.2661943195231411,0.486422867332152,0.7510265641208835,0
0.4392523970948675,0.038974937957339834,0.2246715128745648,0.33951062359665984,0
0.3770436309692671,0.4557635481420167,0.1950856577515409,0.42803722433487257,0
0.4628041975161104,0.8914092266325343,0.165301445286353,0.4035534183945641,1
0.3014548555210131,0.5697564514275705,0.7772775200264093,0.7126422524679137,0
0.7478175749739444,0.8327942839192372,0.2289101545444438,0.9178438826612394,0
0.5028565757949485,0.9921148350428659,0.5266702231017817,0.666722043398021,1
0.2322693386274924,0.16365299968038735,0.4515478323612925,0.4714846130029219,0
0.8998274531193798,0.6921038340319228,0.5796575421571077,0.779207950323702,1
0.3839924656072105,0.6746101884184489,0.8773064944528386,0.6409288556511031,0
0.5437010535191399,0.9804395456168297,0.8678956659010382,0.060377684026427285,0
0.9067270190158864,0.9860879254744139,0.4510773773304422,0.09544240149869777,0
0.6244099136142373,0.6870020126667816,0.0152138705741933,0.03767683355578679,0
0.1169207761561409,0.24369542173410452,0.4264364228083721,0.4567135036910683,1
0.9400968411067444,0.7989405407780212,0.6062495567091091,0.825871558212321,0
0.6278809911347107,0.1070349235871433,0.5578036963511508,0.31293324044527504,0
0.3349924547759087,0.78107422255814,0.6514080479892641,0.3840335486138093,0
0.1393013871484538,0.9106419986684092,0.153972278588867,0.9095226386487678,0
0.7942470325395512,0.38299030758491825,0.6466053475354769,0.8369251906657174,0
0.6202434488486547,0.6309279877023736,0.1825582442837543,0.6650135347185074,0
0.53360631691787,0.43032556746361766,0.7506309089106438,0.26663868580968936,1
0.8941437921184305,0.437952066909903,0.3390494176599148,0.11682730405382717,0
0.788817458408197,0.3104880970152897,0.7099880308985078,0.015811548490142997,0
0.1517078412372897,0.7624943638145749,0.0477246820721575,0.10679320652193618,0
0.3118020908409165,0.936636674342238,0.4078460877245788,0.29243980050014473,0
0.2485505693496449,0.9412134758370573,0.705125405216414,0.5517183672851437,0
0.7441534102471238,0.17482419818117836,0.2267927389739625,0.06376852059284148,0
0.0335306567015216,0.8751700984473193,0.795409762054625,0.13601988770505358,0
0.5700456215643968,0.7377826517379773,0.6308444245512277,0.18088751156904456,0
0.7626712469456202,0.2529230838534639,0.5876112195488048,0.6319366784263128,1
0.8770118096864957,0.06726862479214636,0.3535157594401141,0.6157390776411306,0
0.3421706989619375,0.26809125670362133,0.482463842768368,0.5506936943666131,0
0.821487155487832,0.9126552138167926,0.5974022006811595,0.2503309855597474,0
0.1106526298094746,0.6334727612277758,0.4724709628082237,0.37098878291403226,0
0.8466895510835751,0.7213968977599075,0.6984018361602011,0.09646886771632138,0
0.127514511929892,0.2572403985945295,0.4336921085590504,0.22628228560263255,0
0.3973924738804861,0.7197294792964388,0.202186728294194,0.8977468986953628,0
0.7975181706373702,0.028084059221851223,0.2138514423365691,0.9797602885133914,0
0.1499498720781154,0.3754741424576936,0.0056480157577567,0.6476193091468659,1
0.2293071679492719,0.6270439141983962,0.3009060705947917,0.9168712299060362,0
0.7224533070733016,0.14612376142005534,0.7490240020963554,0.6427000122102651,0
0.7202366236067809,0.8234016729208528,0.7942850295138228,0.03295482852817799,0
0.6413245228289187,0.23510722534780393,0.2023811572036322,0.9968367217757982,1
0.6941408603789073,0.6525856660886046,0.9592244752694724,0.09873219459359597,1
0.5428723921582362,0.40536630932328455,0.5024222031941221,0.6826129898492638,0
0.2518614617169167,0.5963173341146965,0.9171443899597876,0.25266652912726567,0
0.3457860065110684,0.1074565729158801,0.7068567752965649,0.3918570416209742,0
0.1816394770536054,0.016869211197298513,0.7225304429995489,0.6458933428332094,0
0.9087060511441596,0.9100099557737974,0.0849158180832034,0.436377864274552,0
0.5835517017263687,0.26972489322659693,0.2199109230080296,0.25037563442313865,0
0.4009576481076127,0.820073278501697,0.0086601422864376,0.33430325938149014,0
0.4621300173076321,0.9998450258940945,0.7162224362478824,0.34140751697761546,0
0.947550248119561,0.2114942531922772,0.3444019801416615,0.9593857713304418,1
0.1533848575988123,0.2652631822437545,0.7867721877211977,0.798622212157394,0
0.5863905734959617,0.6631701373552851,0.3388979709340916,0.4584465167471563,0
0.5060257962156265,0.9659247840354349,0.819464951426724,0.19963387142843295,0
0.6116223940968678,0.9162633011489402,0.130586554047241,0.8110293714251247,0
0.0181038709059647,0.503098208439448,0.173276509553709,0.15698144858206337,0
0.8723687169785435,0.795493097225729,0.3408389749798814,0.21027865575482435,0
0.9323807317380348,0.1357673774372641,0.4084736723025415,0.3658808100222589,1
0.5652877216430379,0.9779209031602009,0.3486680067590058,0.8803841795677791,0
0.6968440344177115,0.9648287832599777,0.763758589563146,0.13157732251348828,0
0.922759002013912,0.16376581520326383,0.0968277895702911,0.12202171605294457,0
0.707434958177727,0.299534334021921,0.35118310237835,0.4938843439853432,0
0.1525722585241755,0.10015702028700259,0.8373775146210676,0.27624859328258583,1
0.5764461783769779,0.2718136272260827,0.0666628380304246,0.5686617964898263,0
0.6068818114964497,0.8163500261448612,0.942518095392458,0.4515321646179893,0
0.4242437478624555,0.3784700445174266,0.9865069404794228,0.4348491204593069,0
0.7366491473350184,0.08839254726364758,0.0884416137993469,0.11175713072336617,0
0.9346301252584616,0.3423601870289661,0.2912174610838391,0.14084337994590798,1
0.9258290362151568,0.9818682148923052,0.3723742207729827,0.8210951364323278,0
0.4509603016015916,0.6299757665067244,0.7765074209362552,0.8859205351507434,0
0.113259705074698,0.4163361206311244,0.5959792100729189,0.23450790967177224,0
0.9851191512800508,0.16657691028166624,0.6444351840466922,0.11324514927717487,0
0.8391331244967293,0.9866643044518915,0.7576192151122711,0.053181641220477485,0
0.1246876998273375,0.8212459271704294,0.1178628133393218,0.6082444369513308,0
0.9211010160700044,0.28157867848438417,0.8333455503434735,0.7153351215797722,0
0.8701405150910196,0.07005423309461815,0.7057108935766863,0.3726796348683705,0
0.5189789821948143,0.05660372875413255,0.5773875677312006,0.679646083854382,0
0.5914376608733147,0.12039125330496431,0.8898913662960908,0.7129399399113336,0
0.3991083916039443,0.5810339525027951,0.7003955690945745,0.9353962886011046,0
0.0547661031908234,0.9292194694437254,0.2016133069945951,0.06464236197016518,0
0.3352841675170295,0.4969627563779144,0.4297391627173041,0.19210220673648934,0
0.8030778877984531,0.8433545078452392,0.4940593278961884,0.06829590873501389,1
0.0046217468647355,0.4460780818898668,0.0550793031591183,0.8680258681272728,0
0.333585598248355,0.708918949240777,0.9548164374820374,0.792594381383436,1
0.3982741360857794,0.7322209017760481,0.1284648129689571,0.5745778637307566,0
0.5375419848141885,0.17400617122757217,0.6975494789048255,0.08343829225284809,0
0.9201144598558784,0.361361126847805,0.5062517961210418,0.27314939545970834,0
0.3464361985045038,0.6375985022794032,0.0254834907965459,0.29756488405383746,1
0.3470435845828742,0.07068248961445096,0.9249158570283952,0.5606744339762145,0
0.7377064706323537,0.3616854332371998,0.8519794725813981,0.2578759268319574,0
0.4523392764527401,0.5350396469757777,0.5242850464660762,0.07273123818757889,1
0.2246592293417504,0.9967175057200689,0.2288652895641689,0.7307492610312651,1
0.4525609168493629,0.4747407213808165,0.1215079898732511,0.29892569348953946,0
0.1408868009154267,0.8164510491679459,0.3633628567587976,0.4522698986601424,1
0.1764272145540606,0.4322511749677553,0.2553605767208395,0.12745593858232077,0
0.498502678563922,0.7967742389195942,0.5067121233480449,0.8025587893600895,0
0.4190369954800371,0.5956881957175547,0.9665923724453124,0.565464684303348,0
0.9151032714149012,0.8870283843319119,0.5749984933758014,0.9016285701755792,0
0.3624888221079953,0.4111148672223543,0.890087156438824,0.495381409225388,0
0.5807474328913048,0.604582684872273,0.6509506183949512,0.9414816727622362,0
0.6324385657341486,0.6303110354721136,0.4752563576119755,0.891907963607484,0
0.013086668809358,0.417558785602289,0.8547512038095064,0.5763962453202519,0
0.6637208456162842,0.14433826176014014,0.4713765731840666,0.9339469705173742,1
0.1780766797968149,0.09355781572250438,0.8687767570027844,0.32294209756688713,0
0.9613412800091974,0.016627829685821913,0.2915218157194417,0.3655094592215262,1
0.1486948035406632,0.8739600503685975,0.1287007091121523,0.045240318795140996,1
0.4147344049066665,0.23655162978421382,0.8554583547808221,0.589141471313406,1
0.0853631267934485,0.2115697858396245,0.5874645594792725,0.7219080324758991,0
0.9971557424576908,0.7363858457939922,0.8892482029823299,0.7735201623502722,0
0.5023310415468921,0.3201386059724938,0.9380002017021524,0.14961284886272877,0
0.595548450862294,0.5062691172934204,0.0534895062170548,0.4440521015717331,0
0.0670845629097373,0.16254725529278083,0.5009882059448003,0.17666863913572708,0
0.7501693565300327,0.9602187460579853,0.3749390081573196,0.6620918139536665,0
0.2099556772195694,0.8519951573475851,0.6259213526390752,0.15774559975251579,0
0.8983067222492441,0.8642100696360052,0.7937133162922052,0.9042074728416302,1
0.2051883231875952,0.4069437792011849,0.2805313868879651,0.23045769548574965,1
0.1907321538124656,0.7627260839700074,0.5568369807619078,0.29124523179069894,0
0.0365487770249217,0.14390213462298465,0.7088207658437753,0.8509326567333559,0
0.4721941172310987,0.008570869386599707,0.134320699796099,0.4583653288140678,0
0.5649955854396578,0.019931020614527516,0.8141962473317363,0.023751272883405592,1
0.0657163227397715,0.586870302495441,0.6061655895310736,0.49449580721498837,0
0.7757440207917471,0.4555915772221727,0.949714562312181,0.08431850596414418,0
0.4534104852050591,0.5182463329592397,0.3394908791874655,0.9854151134419178,0
0.5245328270127049,0.007414373872045107,0.1080262878762496,0.5880517779914849,0
0.4408807141253439,0.4228653695421384,0.5065220563609714,0.25636415510799193,1
0.4008692662384347,0.7184087616483328,0.0856832390795574,0.5636498923508722,0
0.5597932542003247,0.4428834144787025,0.9697106991692764,0.07663975819563289,0
0.1552742558237228,0.7325675606450675,0.0385408031834657,0.7999009194426323,1
0.1819699879049063,0.2330937882996428,0.7536118804130822,0.9253787790551776,1
0.8620273890959711,0.813534699433676,0.5251298145701,0.8744784370373582,1
0.9463820272294492,0.5887008079972859,0.368592873931334,0.34161707100869815,0
0.3734074489266968,0.2108257285142747,0.0657075884554814,0.32562234803988704,0
0.2708126468717496,0.2367973279528154,0.6222285776684657,0.03484657342695759,0
0.6441772717809104,0.628321730005101,0.5852689509049966,0.6513613081898684,0
0.4088427203494904,0.8303414921897189,0.2808245473497024,0.5348275539978543,0
0.0253821822885766,0.4158026641134733,0.9103849589732392,0.4592443779965096,0
0.1561868755342315,0.2583891056877887,0.3040594742704954,0.9076758785659046,0
0.7161711208069279,0.8674338190267691,0.4497262396859582,0.16768138365119697,1
0.6591060589402534,0.6695821529298615,0.543796454211936,0.009416897435666899,0
0.0270923218468524,0.4482781541546025,0.1001094322285141,0.07308794326183729,1
0.2220257942062563,0.48811467811421355,0.9323327155652734,0.22319210724405003,0
0.2311311054720559,0.2043155317947073,0.3745104604277145,0.03304392087528199,0
0.672078674077836,0.6270932227240916,0.0806499064891426,0.5027559729142158,0
0.0197046954202145,0.3588862230654438,0.3872699806645059,0.31394085645037245,0
0.1041275567187686,0.9961378719207339,0.6002564532065904,0.18028962144389518,0
0.8001396608481198,0.480393769840028,0.5136760496465769,0.7500773665485602,1
0.1785855245621519,0.48609898515602934,0.6946291560082187,0.20426579486582375,0
0.6529264083027959,0.5661089828300879,0.0553457124126453,0.6875779160451351,1
0.2382411800186711,0.917205472044797,0.2844831745877414,0.34912683496414654,0
0.099458995116312,0.8012040420847428,0.8193617395754274,0.5117429673215595,1
0.2432320570969573,0.4513244049096738,0.0797640680591484,0.9339205635671833,0
0.7224676747594405,0.7190402122261099,0.8556299056027328,0.037111339026318295,0
0.8559364456860657,0.586503863195842,0.091770705890724,0.500175924453309,0
0.8304523508047984,0.49258397909173945,0.834590747381931,0.8544504474355014,0
0.3972886824278858,0.19236829389046237,0.3607578598823409,0.587914410900973,1
0.6682699474308729,0.46413761555783,0.6122672043674271,0.27670871990427487,0
0.2050329324425172,0.24590042431597703,0.1527832425091304,0.3975589319560216,0
0.2932222915612871,0.9152905701061236,0.0660342608568456,0.6802360383777353,0
0.8965877460168713,0.33553773952019417,0.2158565705647532,0.8908513073501468,0
0.0129941085226026,0.9527329396231369,0.1277411149045022,0.04082729540720109,0
0.0855220362825395,0.5332945150901147,0.3123582907736733,0.07130973043974699,0
0.2079357454879114,0.6318375695163138,0.5144068820280978,0.3249055171524817,0
0.0265283674363215,0.5431850859294891,0.5888093334195048,0.23260343726616814,0
0.1814771476233792,0.1293986535537979,0.7899889132434623,0.26476517612625544,0
0.5832013649444252,0.375974289591808,0.6563135651249397,0.22108997932731725,0
0.4215368314234339,0.09914758225201588,0.6088152490787877,0.19563669035515524,1
0.8929225611495978,0.6232425280588926,0.4117694730068351,0.13041423969056917,1
0.8176722911311288,0.4470661983598591,0.4738177587343131,0.9340076840541826,0
0.3419062241985159,0.7783584026733867,0.4145092409546365,0.14398418261604198,0
0.2594880781726351,0.2205384291201337,0.8423052827002024,0.20421822781454835,0
0.3797924177490268,0.16460337443203793,0.2299237791970441,0.24609389665708226,0
0.59045687933121,0.4065020196689838,0.0055651492380093,0.9330681175613962,0
0.268130826199127,0.927040238028372,0.6513918336981277,0.7557092703684379,1
0.62432079935322,0.7107582257416396,0.202375796856657,0.7897057052551892,0
0.4095204006545326,0.4191003127924059,0.8902713017882675,0.10454005526134408,0
0.5521978709940802,0.5175027465894542,0.8591915364460476,0.8363314258309523,0
0.4362431330522864,0.08420629874847217,0.0765966353578164,0.408074323761589,0
0.2945407084059442,0.9850625263509977,0.1062681310262405,0.2626566252966692,0
0.948720559496354,0.6667195982324389,0.4951884513365385,0.5756862397638712,0
0.7638186926695213,0.2855075961184322,0.6092797505020116,0.8221998267293058,0
0.140142737576127,0.5860765246038048,0.2748475042562859,0.7786548054341635,0
0.8687117089128408,0.1094894996623266,0.7168927488230281,0.8900366287062201,1
0.4875628881971067,0.9663130308608113,0.5949680623439164,0.9281838302187994,0
0.8948036299284564,0.17482790321862676,0.3247808830541601,0.23794757514381235,0
0.8000788135354802,0.6483325421563896,0.0252226369772685,0.42374427002122717,0
0.4253268994341303,0.24553610031494802,0.7502570776993593,0.014380796261098196,1
0.0224642771966813,0.7179017054131387,0.2146716145536942,0.8793573065488473,1
0.268744725223856,0.7771941607605217,0.8346102828410835,0.15437027295510367,0
0.5417818428920425,0.6737358648177066,0.420280706640078,0.8615046105895264,0
0.6336528545949031,0.6147833115488585,0.5771231919475852,0.32924273652251224,0
0.2579518785910588,0.8929052551747584,0.8730988408701137,0.3680017030264525,0
0.1393854132583293,0.07861693761892147,0.8637698219648513,0.038892542265809495,0
0.8351641081122065,0.3310432304435696,0.3714928191986075,0.32673338216734665,0
0.9846800039288676,0.24837066972258381,0.2088047727924404,0.8884022934729283,0
0.5258331222245015,0.9885024758847187,0.7752616907671168,0.025303236671196792,0
0.1717181296066109,0.38955028497116234,0.433075161518424,0.4062081035655454,0
0.2723757597425208,0.7329612691826968,0.191951931317206,0.031157383342693794,0
0.0183844461108904,0.6850474944567294,0.9045865553603748,0.37079245248108544,0
0.9145560160353048,0.2121445888187418,0.1980162702879084,0.17244468393755616,0
0.117774069173187,0.2390757800757274,0.0256584708013818,0.25204851684293067,0
0.576674360801259,0.28138583397766875,0.0201293267989441,0.8776334556639793,0
0.2741241678749813,0.4112996943498372,0.6223770623048708,0.435939591998617,0
0.5543293192215459,0.23440060521492181,0.6617506497125447,0.27363518736676523,0
0.65160029897774,0.019609394648997018,0.3109936169664351,0.5892789875542245,0
0.8299741493722125,0.879822053181523,0.319966064845623,0.14190099603293116,0
0.2064703313271875,0.9660860691414249,0.3394558627699027,0.25922408190898755,0
0.0109874237823525,0.34170469030722317,0.6802406553380962,0.5461744549695319,0
0.1369142428254214,0.3386395040910595,0.0579964960390455,0.23734834924115283,1
0.9002716522703516,0.007042842764934406,0.9292862748666336,0.6790977741231828,0
0.8741354049350947,0.6805705671740704,0.2224417326531522,0.491399843948673,0
0.5975771320666661,0.8258393291738501,0.9998680145701612,0.7719895408889361,0
0.6006818029836354,0.14663577663733124,0.1714253938791756,0.9483027714474082,1
0.6652205890126014,0.15970098063652405,0.7716608006754484,0.11559030543783268,1
0.1754112080045088,0.7904633101718248,0.2233335478597666,0.33452215420370807,0
0.9146691886681588,0.6165755811613668,0.0807175180979342,0.31940125307215456,0
0.4188820253123041,0.04483228252215634,0.87508413482729,0.15097993004748586,0
0.3832395511556582,0.6228352512978784,0.8588963618515919,0.8103161648297333,1
0.5190586537719537,0.30903413450694317,0.4035549415232111,0.7598752056817706,0
0.0469681388427904,0.3688743378568565,0.7024860948715101,0.484331696803058,1
0.1663206258562541,0.7701003269696771,0.5571046234435855,0.537694486889176,0
0.738238995490766,0.8113266784300686,0.8530991722428141,0.05931111547375369,0
0.0828113765236726,0.4005231412886883,0.3150092971587241,0.5554368743184419,1
0.6033178269058354,0.9476190605455769,0.5236993120310132,0.7913483371309444,0
0.2454096158972084,0.4066325781559742,0.4853857738659926,0.5737630997535615,1
0.3893984474263339,0.7722060971010165,0.3538728574055341,0.26514078308349576,0
0.2887669883835057,0.4840895430853984,0.891611702660775,0.6675145140602875,1
0.3557656631066134,0.8979712620787853,0.1657786337043774,0.36135436515882846,0
0.7192457009518723,0.9082057840120592,0.1494035747094599,0.544799321120497,0
0.297197445465531,0.08741185092215178,0.5769552254134922,0.4874726183003358,0
0.5665595522199111,0.9369536150544898,0.6575683442972107,0.3810473881377464,0
0.4761787456474228,0.8259343269699658,0.19453010114659,0.7188610446636219,0
0.663854678303875,0.7916914470865428,0.3906974577737614,0.8839132519233792,1
0.9370935739732082,0.20096857062330836,0.9467399193168262,0.0049616895730942995,0
0.7327758703263456,0.8055075077176299,0.2465466105570399,0.933669960841847,0
0.2149919431828824,0.8505456982376217,0.6684386493040435,0.5114302402842033,1
0.0311806662203724,0.28925591482801255,0.740252662537209,0.7007089975200695,0
0.2623295243168509,0.9527290012953121,0.4481289653593734,0.855652447092092,0
0.5952412739443271,0.04983461075474964,0.9376988752215,0.4670042413292836,0
0.0514292969605805,0.14993853823966063,0.736758772111088,0.8349951863911735,1
0.4965005644812814,0.5378228429278047,0.457928301005218,0.17742549446375167,0
0.5970067111314707,0.5760551134130673,0.5693782202114335,0.15896716202814887,0
0.3343305363572725,0.6454507292140402,0.6926999451554465,0.6574343080278154,1
0.7711272506900362,0.016925571456133614,0.5922412603826857,0.8701756446691516,0
0.1066179599505596,0.9608401395163355,0.8788497220504539,0.8924661196295472,0
0.0751482376667976,0.04455966833490694,0.3568567455493578,0.6436988974485172,0
0.7283912404074456,0.14308748582460065,0.2998337169795633,0.5254089142104875,1
0.4956253762146148,0.013969340724732313,0.2137565155595595,0.33124915959212214,0
0.6885931815357197,0.5671161802923358,0.0376384948365497,0.9800690588385926,0
0.4349435604964581,0.9327248518370872,0.0428713362542154,0.3195479249137502,0
0.2464628490649638,0.6662592074908776,0.8702042829479808,0.7441774658608502,0
0.8193315348206005,0.823055377309977,0.6784746322846118,0.5319036117487107,0
0.7996393073592629,0.013235624847129411,0.660607601392158,0.6084592361089255,0
0.6948891067218281,0.5422594329978856,0.6147018184911133,0.3933569707208976,0
0.2722135227616933,0.4597619333219893,0.8493608851414791,0.9648867945818368,0
0.5903925847853703,0.49918849148811834,0.4802785275097321,0.5716171491962214,0
0.3610684023827196,0.07219989775445428,0.8705600438384522,0.9378424390895433,0
0.0915973646671636,0.6847575328512644,0.3594140111441888,0.0073413669181973985,0
0.9175716714235372,0.5034432922132166,0.9268765768538004,0.5726057301745414,0
0.1368472239746156,0.7655152475739102,0.6987456135169268,0.717169399765103,0
0.950505130950246,0.4855036870207132,0.2571100485637103,0.7450718228075464,0
0.4461252818459041,0.14941063211791153,0.5641260882199006,0.9050209371806526,0
0.1851757286125032,0.6485593023613264,0.5330607743760609,0.004150514336513099,0
0.5420486540417313,0.17242796314390776,0.1377896618482594,7.77302354892928e-05,0
0.8731908855966952,0.8728197249935751,0.591293651576791,0.4721657008471195,0
0.732428557429047,0.6133993324444337,0.3147388561994262,0.029050768349988293,0
0.8067866773031033,0.15723716554947403,0.0522094313002199,0.9745994048917266,0
0.6589654424049761,0.9628125025148081,0.9488329720559748,0.22188541584983265,0
0.6924684888168584,0.5185966392267924,0.6415588384176729,0.4725671009265165,1
0.8494337175935952,0.07288553977401517,0.8770704427205374,0.060905129726636587,0
0.2497297850383415,0.627123513662761,0.6761366665241866,0.5219669724971282,0
0.4895572398532765,0.2532847882587818,0.3569518089284642,0.37982811285166906,0
0.2212628498166554,0.8040809696149,0.512711109915891,0.044422128304494095,0
0.9879467915316458,0.8182173329025345,0.6758273127798375,0.33498156142990115,0
0.9443253001839256,0.9794309017422806,0.9604332298068884,0.3913117702909012,0
0.0394267665633659,0.5020916681794527,0.2536011344163,0.9899933859982596,0
0.7057710072425551,0.4551533116914492,0.8751278845269255,0.20770146617361124,0
0.9255087465712322,0.7538356069531627,0.9242459502488672,0.5447056215062764,0
0.1806168047532613,0.1324903860768388,0.6704941866289857,0.9873865898634372,0
0.5681005954829851,0.5471623333220044,0.9314373080318816,0.7920262431522047,0
0.9157458568301958,0.5464940536849263,0.3978611289101152,0.993440524983479,0
0.033944322153245,0.08946929259309938,0.9531945282765122,0.9683631227109996,1
0.6976137040408726,0.4181602586977865,0.7028729659079502,0.4894474441231236,0
0.2974248040495701,0.8536994892531443,0.0418627836768834,0.6963515394035753,0
0.9246563739673936,0.8565698846159487,0.9070349081525606,0.11022678579419987,0
0.971332144634354,0.09923918505918028,0.4844858943967409,0.44104086774254947,0
0.944532510522602,0.09071773622474759,0.4603315533099916,0.8090311487561541,0
0.4743420201792697,0.2627865617727753,0.5665086125900629,0.5052483998362174,0
0.8622844946508939,0.8751925236256087,0.1492794381894029,0.7026767946788095,0
0.8447860983423627,0.12892035972909272,0.4691737348566889,0.7457432015918635,0
0.31918266589331,0.7203384598494826,0.8312625756931808,0.25329967473138054,0
0.8291475768352108,0.10116819615088168,0.0153301199665847,0.8757338330762272,0
0.0370068785565187,0.6234264383394535,0.2728556247608225,0.4597205935997498,0
0.5964335722158769,0.3562095457935917,0.0022976520189175,0.21000145141455603,0
0.2300648327285852,0.7892933824702941,0.4157001406260576,0.8654469716617986,0
0.120590700041273,0.2337656406595327,0.7284146052290836,0.4177032027374868,0
0.0769641913806197,0.6394992160329412,0.7988957755419435,0.7503058048223141,0
0.6964818799595024,0.23575881794812953,0.9453653527923294,0.5479601446295563,0
0.3399632651135989,0.7139984683188307,0.6085614474294516,0.3817443677568666,0
0.724968249505169,0.8741038994612492,0.2545588796488971,0.8098893026829868,0
0.0653639205176866,0.12681842268338622,0.9243161188327704,0.5844089456878817,0
0.3153714101183174,0.8670176728145166,0.7754314267678879,0.3904375660816002,0
0.5396382904846978,0.593847640555223,0.574473297965163,0.10938125216797458,0
0.7909440371548425,0.1271272835673676,0.6957277850669783,0.8954862453369264,0
0.3188345932621823,0.4277232656091398,0.9244845841044338,0.03522867273862659,1
0.6260637803103382,0.16089557896098064,0.71248750730647,0.8632177078729381,1
0.8862266299630406,0.7006787797159582,0.3683466421963572,0.35982695965644973,1
0.6160326432878563,0.7592310906923678,0.7131219048114801,0.6392957599830635,0
0.23301633782329,0.1058016342537558,0.0401345696244206,0.9222494237633557,0
0.0243963183787664,0.5063643297180955,0.3863940599697315,0.15150379784771018,0
0.8703430864780036,0.8150185635971184,0.4063085518434093,0.5668837479425964,1
0.0212640268996102,0.936623144317183,0.1667392821877626,0.7644308565704011,0
0.8749472387046265,0.5137463864542782,0.0229358231551586,0.7575795822523116,0
0.5290810287083897,0.9507470611602021,0.1332704832913194,0.5255516453633474,0
0.9393321912285636,0.5359296385431258,0.6546945968246902,0.6246916716848783,0
0.799006478136541,0.39435363039494875,0.8024140033196758,0.7575227250381028,0
0.9982159127943108,0.848615034802317,0.9883942564028204,0.8410507347488178,0
0.3508033033508096,0.4931999781926186,0.3463278738926334,0.7618102324871435,0
0.7674022408659803,0.47210822767135285,0.5994328379680098,0.35386842577403954,1
0.4020374623770041,0.4905282940306601,0.9373177208818504,0.996800525988381,0
0.4800050885496133,0.8471961310746695,0.1669429009011338,0.4343925582449858,0
0.6276783417105404,0.832344537607561,0.7177409175310672,0.024220183470343094,0
0.8739223789374828,0.40368824021505956,0.755087232664799,0.36248325663511266,0
0.9843611987081596,0.3334296314159036,0.0888491195303089,0.12757229629586378,0
0.7684876848780883,0.49214471387163394,0.861395368994792,0.12122987949923837,0
0.4178779874391164,0.5730334972783956,0.8132340492198225,0.28137477177365583,0
0.4214692632455653,0.23841494859625742,0.0332569884282847,0.05314044996783408,0
0.737787547945103,0.7943372664386315,0.0909587423949744,0.6884853007452284,0
0.2388357195119498,0.48669647190482435,0.0489864219479443,0.07376059572252688,0
0.1104949596367064,0.3341757285559049,0.3347038039312693,0.20310364331626016,0
0.3547147953678163,0.1068266682917436,0.5093108293265587,0.09267762375632059,0
0.2873118155021293,0.23892317669649293,0.5323776999901,0.06293589595262529,0
0.2963836110623891,0.949748462434945,0.2676033722593303,0.267586879911592,0
0.2336648047438549,0.3052140064383749,0.9117606291851316,0.5718338617583495,0
0.0420939288741735,0.16889895779108255,0.368234885077932,0.9647491804702416,0
0.0178675523499881,0.46087235558002376,0.0454084224172177,0.8755910677093856,0
0.9880011892618672,0.3072031523094181,0.3001752088753378,0.8759684624500589,0
0.4278872813543903,0.03512565945752663,0.5311389577985892,0.17587220214468338,0
0.3844280194297224,0.3232694247174053,0.4082080123366793,0.26474147563673356,0
0.6798354933781757,0.5443539054687183,0.2737813099327226,0.07616581633272149,0
0.21830642678766,0.5519618199263685,0.1312117705148452,0.7784709340330828,0
0.9502288798724964,0.3567014372293936,0.8192956395246398,0.06958664550465178,0
0.7865645993454583,0.4474949942366035,0.9963388070521262,0.5566255822658497,1
0.0894256552538991,0.9659941056326673,0.3295005709935452,0.24770427260394615,0
0.4176919263619233,0.377502384655917,0.3815978511703974,0.24327288246276935,0
0.8793651722848379,0.2583154494833002,0.6180977216301429,0.9907972133269892,1
0.9449981805896353,0.24354759286207642,0.7185370866534555,0.7567752930043894,0
0.4675273115099028,0.4579625831294582,0.3920100131303172,0.8369611154100525,0
0.6135801233699011,0.7598834622543131,0.9050909078599574,0.5719176068792099,1
0.1670714238979453,0.206048196918702,0.5600437163140342,0.8710472120607466,1
0.9914484390214164,0.7096319210636286,0.4503911399439104,0.6454495518004076,0
0.2317281857860342,0.021108556248261516,0.6467430504687712,0.9462312618374438,0
0.9429973442645648,0.4191096711083947,0.9529821255919656,0.28117825332752017,0
0.6498260380538963,0.776237334729476,0.7946747525144247,0.5952621156248054,0
0.6079038604354605,0.3388657043156791,0.0398694439407165,0.6901049909278577,0
0.5128276278240822,0.563993138149511,0.3322693244733301,0.39281354711947647,0
0.2307260015167892,0.2050386927140588,0.4705528575197775,0.8797437562994669,1
0.1765683015274796,0.7423491021952786,0.3144707101431621,0.9798717416968625,0
0.2205394044021515,0.05225489306102825,0.7002767341399618,0.49367877970419477,0
0.1864814457486658,0.8529569289077549,0.826402795277275,0.3905161442032734,0
0.7798020705737659,0.19825212973530806,0.7314452585303215,0.47184006192004396,0
0.3502165745901811,0.8748242911221203,0.9895244490105384,0.8527636802082196,0
0.0578480469048908,0.3526695493411334,0.2724859819932774,0.6454274309048051,0
0.9693759545652908,0.7230267038790215,0.8751403253138577,0.04453450876431219,0
0.8840341221774692,0.31934735735409636,0.7667352717938911,0.5420950612901635,0
0.9280134486366785,0.9063551981468227,0.3621487067749882,0.017053255368514795,0
0.9951887350337868,0.1266536588441883,0.7342256873824624,0.7785379870897392,0
0.1739347445771882,0.17856475104483066,0.1039548663722627,0.32816733574734297,0
0.3963468948628334,0.4932474188736146,0.7894540996287418,0.4719096382760531,0
0.7584497959650882,0.08193048028661747,0.5323605685820354,0.798687323473843,0
0.6962136432839077,0.19603471367582706,0.2922354704879168,0.04621150296165899,0
0.153929520932621,0.9442306511321109,0.6558508104932628,0.15834095797817888,0
0.8160613808377492,0.9769718603729167,0.6416885137913937,0.3978382647732587,1
0.2244949299407358,0.3764126399712747,0.2094023134903082,0.22974798084775264,0
0.2238717897474915,0.9237390679803263,0.0302503365155644,0.33775963068106046,0
0.5371206809225683,0.5450703495541291,0.4336177361300173,0.9982493374938326,0
0.5931026494125659,0.26983741195262584,0.5695549500947905,0.8254324175725479,0
0.5802451427971385,0.7027307356574422,0.876756678586915,0.883938963321371,0
0.0915021007343587,0.659209987570042,0.9283864005267972,0.9371092019677684,0
0.8777072399848389,0.9896144418820025,0.52883394066113,0.34079507971724976,0
0.2656665035490498,0.2651396608247547,0.7539115687445559,0.2969217830941324,0
0.1295413666979193,0.6723748932493173,0.4393004252750572,0.23388666582192966,0
0.8889977762060517,0.05199940490689145,0.7461875180451969,0.8301364324722417,0
0.9559208673770344,0.1136554537215667,0.2047159633007282,0.6795220380080772,0
0.8623694859111869,0.0038676660967205036,0.3710378183250569,0.23599684708647645,0
0.8097424730565941,0.9999554669632092,0.6342939065487982,0.3768648460665604,0
0.6554230149961147,0.8026604369485104,0.0180065701536662,0.506625293900449,0
0.5510077108900265,0.7871012337357219,0.7225583401526379,0.5280606100438178,0
0.0870007000096433,0.5099525173367359,0.8356724151549457,0.8887664585339248,0
0.4085616797069725,0.3001786449729143,0.3991246480441077,0.380438320572403,0
0.372786467114532,0.15129431192733744,0.4479426173649941,0.908569248424384,0
0.2598185256404919,0.2847778668745769,0.8514246803590169,0.4412596747027489,0
0.7236211956830718,0.3761243747052013,0.7757704277454494,0.7463647500364011,1
0.4960099081247524,0.7566716516105989,0.2880933262901592,0.9303066596860567,0
0.0810584092013445,0.5399046338456404,0.3239325807553683,0.9076206110873094,0
0.2202363081831777,0.07747322684605257,0.6789598893711712,0.056718995516749485,0
0.6834480362931247,0.017986031847162718,0.5632389461727456,0.20551917425161553,0
0.0761416074337252,0.1023353952735287,0.1621289932734981,0.4768091869186429,0
0.8514455714845702,0.4106707853738726,0.3098814289806384,0.4314431881835847,1
0.49528048563785,0.9336513923732194,0.9001429230951743,0.6408491702590343,0
0.4807162546277777,0.6376988819222286,0.6882593727047777,0.9447661278480942,0
0.5925703427527325,0.8022123943117216,0.9861642950760086,0.11218901301090377,0
0.8249118234613976,0.466577282660006,0.7671252741151662,0.4517542178197766,0
0.3478998422956149,0.3618113976520888,0.9421488896825848,0.19222156049614145,0
0.6782038836137658,0.1084069134454442,0.2161070287267676,0.8941480915519763,0
0.5658866781197458,0.8763601226785233,0.7715991964583253,0.964643775291401,0
0.2670951510970973,0.7835362957373346,0.020066851150382,0.4786060319728538,0
0.878876707488002,0.16815735989515904,0.6708388151977402,0.10379184831769857,0
0.7976488648838173,0.5124883946656378,0.4692900054065774,0.7852994980670087,0
0.6586338128663777,0.4875890028768288,0.3467245825838745,0.6971172909067795,0
0.8508202026957156,0.6253812077826671,0.862550743490381,0.35453452743643454,1
0.8675375888286654,0.9466524892000345,0.8544112138530551,0.8874457712574951,0
0.7085596311898943,0.5800362642796456,0.0221517710449035,0.9758991668500244,0
0.837247812205296,0.5404604160881505,0.6095623098126239,0.5577841401507977,1
0.697664913516929,0.05029765086825224,0.3678041676558266,0.5656607829709298,0
0.6803291275548342,0.06288908949210285,0.4156498152318946,0.29735847348328676,0
0.618781641420266,0.18739658974264567,0.8321764204162534,0.5844450618592395,0
0.7529263361342713,0.032435707760401826,0.309791259485344,0.4395338694862858,0
0.1586401046159401,0.7437073504664313,0.9432236471365768,0.30203752828532443,0
0.8811181392263393,0.7236737877657216,0.1795393874618653,0.06695467823772118,0
0.872088253334119,0.1360779288385131,0.6627983817939977,0.25253814369898336,1
0.0292442449604082,0.8364841637281452,0.6721843349308259,0.19766695634895334,0
0.8260479420761082,0.15481799200915095,0.252126316701144,0.5419670934726013,0
0.1288961232118372,0.30128775645556716,0.3247073563472469,0.6016146728789558,0
0.3352057570806234,0.2490604670117753,0.8349351465054653,0.6085186373510851,0
0.7437152451624025,0.3724582436392717,0.7619161623542254,0.3880556843299091,0
0.1607955289828884,0.2547504497867436,0.3290541603798402,0.42111524819719,0
0.8181959074347681,0.48916598500815445,0.5339870864407814,0.8342593015707035,0
0.8323672270953963,0.4075782594488663,0.0615442522057065,0.4761363544650097,0
0.5076053154097797,0.9870572131189349,0.2086617120329421,0.9878445228334374,0
0.0063761112925109,0.055904138383072045,0.4858341196087536,0.4395087707472631,1
0.2871108979609448,0.14220642698793473,0.0858462601306229,0.6495412978210571,0
0.6170966862689322,0.05280198330785435,0.8434720189224691,0.050126967483762185,1
0.98146305559388,0.6261312608354853,0.7181016684969208,0.653301509571396,0
0.6319876722859861,0.05448628920157625,0.9438087134420884,0.8514528994432625,0
0.2598683375871186,0.8368451980248065,0.693553708731784,0.9425141777548446,0
0.6341804929737204,0.512166285072102,0.9405752749439316,0.997394931314043,1
0.5401325231105648,0.5272435358354586,0.5545503458112009,0.28201858824807785,0
0.7800630688816023,0.5618493704092917,0.6002725228421397,0.5753060965238384,0
0.1070004580834593,0.17085444562818983,0.9771578563424584,0.4506131643770171,0
0.7612400429881396,0.19774576912620848,0.6421978415304253,0.5637497260867184,0
0.5414140988046936,0.31893915889623986,0.0306396278290819,0.15725202281113726,0
0.9632635314665996,0.5937687587641728,0.7239002796126499,0.8561776255751524,0
0.3419610546573683,0.2101800514277753,0.9056302731960172,0.9096145037230042,0
0.6327962761016317,0.11634261374696389,0.7957030704724133,0.44955649576393,0
0.9322905282480896,0.9705955937625169,0.5838814048901213,0.2802692310346158,0
0.1025282325852019,0.02194100358761732,0.6713824982826253,0.14062704647225088,0
0.9374924391358904,0.8030843773025722,0.9903832542490534,0.6837363812360959,0
0.6880763554818511,0.7884140875448178,0.0905362670592779,0.3120816317040813,0
0.0678453682739444,0.29732411266442177,0.6673223822236167,0.9095841203373678,0
0.3010404264775167,0.1356480750102263,0.2833398557515636,0.6709798519113426,0
0.7083686869899034,0.14565558619397753,0.6401583721345219,0.6456444016464942,1
0.0673587675956939,0.6977609101525946,0.607680099578964,0.5593329143401026,0
0.5823300080056405,0.6431059529125266,0.1533531599224247,0.04553880471007069,0
0.3459731249657215,0.7831217139203834,0.2066617701941666,0.931975322086541,0
0.6210864584999739,0.937941997418342,0.6216910420027588,0.6278907531854581,0
0.045743845985321,0.6922536401959645,0.1281173769697616,0.9941352350907454,0
0.8717814415504206,0.15588407754260303,0.2651166107870182,0.5372799780628978,0
0.9737635833956936,0.24352315217609743,0.8353823593509802,0.7100910828936698,1
0.969151113615595,0.8426023443494283,0.3270490790741647,0.05597544247875039,0
0.7498606271192284,0.20936790656100898,0.4880745069796006,0.6316906816710769,0
0.1301128535408591,0.07250919875849077,0.9413144984781284,0.7646476768268791,0
0.7584745234589502,0.7036125515342924,0.2270714097388548,0.7785169040314979,0
0.0245825080136085,0.4026940588142474,0.3896056479044958,0.7701115075688737,0
0.0221184187365,0.9204913209251123,0.6065138880318557,0.22610425080912294,1
0.3236937378809449,0.6505585142199989,0.7554475560697966,0.9754656126281892,0
0.4887752367360165,0.09041566584359288,0.901813622018402,0.9952557394407892,0
0.7706223163207584,0.948323077338685,0.9156380973953802,0.07536811334945738,0
0.6834846600059945,0.2586460809296504,0.776756214380832,0.9365007918817789,0
0.4460221849581841,0.33734440582785497,0.2282535743269704,0.28929151971671346,0
0.2736954874539148,0.4024279712882122,0.0246602806904405,0.6892574470631194,0
0.9974060643544472,0.05119950822856105,0.3837514967258002,0.33796919430096733,0
0.4262949817797785,0.4967346256696649,0.141440978561647,0.9678189531389494,0
0.4515081155633321,0.123333205997529,0.7104804185714642,0.10128458744508717,0
0.1636602962574463,0.40113717740624494,0.661205983771282,0.4976574087968385,0
0.7950316226584486,0.350849099086376,0.043829351292139,0.4279355409703126,0
0.6938745634122483,0.7732106954528619,0.8367310662985901,0.3258777643559527,0
0.2208228914550072,0.8035577428318665,0.2486732039953452,0.6454930177548522,0
0.0823936314134225,0.15344408715068444,0.4322217324878821,0.13084615775124728,0
0.6806877632943356,0.3666991785670429,0.6680115320406514,0.7166447562858144,1
0.6546920337579093,0.3735048792746885,0.4294124532960026,0.9806609609675564,1
0.27332824021392,0.15144055148697264,0.4412856557401454,0.8045698593162789,1
0.951131523515133,0.7988381516265013,0.0654933437397886,0.8600460732992217,0
0.1510906718614222,0.7075629892342004,0.4014273481432369,0.35950207150995445,0
0.4324502900098584,0.19043324769982398,0.764959873833277,0.3247405459749925,1
0.9438817502783292,0.3668699933261366,0.915341342372507,0.5169652723206911,0
0.4198390986890493,0.1058101434974495,0.4134851875461436,0.045489063747102695,0
0.6387020667066523,0.6284979590381866,0.423577435893101,0.9454154242066594,1
0.3976996715872024,0.12138557287445731,0.7027171401213863,0.14357975922579316,0
0.2742841965787182,0.9864215428478245,0.9429467399666436,0.903056450947041,0
0.9842553463521786,0.7810569836336956,0.2669973390416729,0.08335707759385208,0
0.4094427319467277,0.39039951996097544,0.4401416561033571,0.8226419934571813,0
0.8943504735029708,0.5788280931570405,0.7960962028490428,0.15175979209282167,0
0.2300105853853396,0.9117883185075336,0.6097508232071291,0.03789157392851139,0
0.2131557288409432,0.5543500361783456,0.1104675502932082,0.7194727149289916,0
0.0311315996199091,0.17454124474836707,0.6277963522569223,0.2801046157029318,0
0.651846808466052,0.37885800539514525,0.1866543544275671,0.7144777809754225,0
0.3686230699476309,0.8435539996679368,0.5102380996809686,0.5550146341266512,0
0.8646007743982151,0.6445131484486272,0.5291320952942513,0.10859051299489027,0
0.4733374148981186,0.6510280846143642,0.8763546206754995,0.9321830277522386,0
0.9684664849901888,0.8672435936301496,0.4624996070012841,0.4522098767354768,0
0.1855684309163509,0.8944100427629483,0.2793831882941546,0.7344354446723648,0
0.8688669466044388,0.9202437045547036,0.2308900155600355,0.5009322367803082,0
0.7768135712951156,0.09484830878536249,0.8744024467974754,0.6043070081600678,0
0.7711368944231523,0.5443712930144176,0.1709133739717714,0.30262028464106466,0
0.8450199966812795,0.7408624181238881,0.4258609750740945,0.20017343186544104,0
0.7612361302789248,0.7572887376966289,0.1870813353108431,0.5424954854425434,0
0.6263928222303907,0.6069957885261813,0.7734190034205213,0.4401107109216493,1
0.1312718317875629,0.16682586830675303,0.4743821627578981,0.3899885299718528,1
0.0325241055697446,0.7978046345245378,0.3511097474316855,0.672535081697387,0
0.921106983022373,0.7204530534927283,0.3610692092119834,0.6904803979958398,0
0.616820001079143,0.08613011267252808,0.8523570036030534,0.04568256847359319,0
0.7967598729236827,0.4640111074967925,0.5538114838916428,0.3386029754527413,0
0.4816523039761214,0.17401987234928218,0.7179632607179016,0.4116469626658633,0
0.1173310450134074,0.3376091060942595,0.8971971237770546,0.09667137889100827,0
0.1252109646463161,0.018038143632288017,0.9019019424881805,0.23572564244774705,0
0.6857552380909304,0.40049636819767664,0.3284671274148536,0.05140618482010219,0
0.4304207872711123,0.5501253633506296,0.9526294161236706,0.9963160648247922,0
0.2005720524001817,0.6198692293586646,0.0247268561370148,0.7365460613399156,0
0.4917274609129441,0.663801040355296,0.3768106800512996,0.08722627975388979,0
0.0642161794022137,0.8366966924239491,0.8959570277768165,0.020003478992491795,0
0.5821308912111005,0.2155281115600946,0.2745759508411751,0.7192709987340588,1
0.2690608632063935,0.12049498304416421,0.2730199727069333,0.4390835671125944,0
0.7977819830456878,0.8519509049940374,0.302571227252983,0.7868020326808072,0
0.3104415820317734,0.15664577301660473,0.6123715627539426,0.9235261560388586,1
0.4553423674377722,0.9752413328599419,0.4383295862431495,0.5992442635200691,1
0.0116123187270087,0.8429470316385411,0.726833373545702,0.18691720767356607,0
0.0724565524738137,0.5010981989838359,0.8950684995371816,0.7821978512054928,0
0.3925973301393043,0.9819063264443573,0.6742793815742942,0.9558724589382938,0
0.4800683215508938,0.09737722957136888,0.2043810404651864,0.5801689119509043,0
0.600185344729688,0.30317896633023467,0.9328530821936454,0.6819684245075037,1
0.2917367033038702,0.638521266121821,0.2644283663288647,0.33733276008805796,0
0.6951746059197078,0.35014579441165183,0.1497893665472958,0.38140019742295717,0
0.8603636762041723,0.928828386047198,0.0898412123342922,0.7346427326400119,0
0.7800686642686365,0.06560919128088825,0.5634246598734904,0.9278226242691153,0
0.0396188370045262,0.5496600194157231,0.1136447891057272,0.6289419915251049,0
0.4806366011439034,0.5911371691810224,0.1386670335922275,0.7898542320865198,0
0.1049493947410821,0.6530329219813581,0.2999785085728348,0.17143873099463178,0
0.2421045505165398,0.2557534565124133,0.28159455547177,0.21177601944855373,0
0.9869410811620476,0.36471333118373234,0.6042948403832682,0.5319565160099993,0
0.1425258052412598,0.8440899578137991,0.8168755655819595,0.17635951800802097,0
0.4990232122926581,0.19499672950545588,0.7614604029011858,0.634950643122123,0
0.6183258635420662,0.8272680630264232,0.2624192392787776,0.29149623313213463,0
0.7026598907225874,0.5629108669148378,0.2452392248675678,0.7915394944066102,0
0.5598016088349616,0.762552286278831,0.9659743885274424,0.8081226554562685,0
0.0097620823398849,0.7139455224750326,0.0080813465002762,0.4636869179234705,0
0.3265456653321793,0.2075723427941247,0.8798730321041646,0.18061735578823318,0
0.5178522372338494,0.5690715542676866,0.1996411681089185,0.6467343946660454,1
0.0878806979285477,0.8681457548037946,0.9474606535590696,0.9928598521204866,0
0.3507183941482463,0.4323001535255497,0.3422702248828173,0.6225424055619186,0
0.0332012339195038,0.9670675454768337,0.440349296672835,0.03553387810468699,0
0.0785899648211806,0.4524100297421198,0.7072122327137649,0.017047106380048898,0
0.3970283524840543,0.14281101836520993,0.5877185367123516,0.32021442710435727,1
0.1327431406563525,0.3895952099845704,0.3178936745796505,0.19559543484395595,0
0.567696094284147,0.9521710237542527,0.553868465556782,0.813065135278319,0
0.6896560666925318,0.3198431804389384,0.7308068225951416,0.8448300022199544,0
0.8008104717765795,0.8685209673461188,0.0421920782699842,0.25845099251314013,0
0.2001974598288725,0.8816806959181668,0.0110454553101035,0.32549896492268965,0
0.1675201919854662,0.35032554871057925,0.4580707104308388,0.23607185689400134,0
0.1045869501125521,0.08325042214839767,0.1317253196316912,0.9084277189261576,0
0.6366057523505552,0.7249020655812284,0.6644208219636596,0.502561533189531,0
0.7066718260197792,0.31163013234221215,0.2139701576220289,0.6560995459487087,0
0.0315837944889078,0.7832997514265363,0.4328459839038459,0.4153657175060259,0
0.9364758993195912,0.4428445394823037,0.1975828601004678,0.6309684617329707,0
0.0519749275221641,0.4854797822104566,0.5485192493020534,0.3857292978174028,0
0.5414438641795272,0.778282796446202,0.1159365941011003,0.33953722502429323,0
0.7092573790367581,0.38251998631267564,0.0229572029293834,0.6344354772921056,0
0.871213592218306,0.4433172954435486,0.0509918732858238,0.5910032525695738,0
0.7142852697244032,0.3763437416792058,0.9544372319292408,0.29337161633279,0
0.801952191358854,0.36748893896728985,0.1421786062726084,0.14914485980994188,0
0.3395383689852487,0.5261819067677878,0.7085703507792473,0.36844495210410894,1
0.8150530731900459,0.8091897600025335,0.0677923632621855,0.4150811767249023,0
0.0801267658111119,0.36191368239454336,0.1080407028569538,0.6286378380762755,0
0.895068136849736,0.524489123372867,0.5088979444725794,0.9145759495221446,1
0.5477417563698342,0.6710419860806024,0.4648771014487849,0.03594411932997589,1
0.817526456485415,0.2695342263467888,0.9517581552101576,0.24348833156295344,0
0.452439649587067,0.2776220141191683,0.9450109197127928,0.19352689255144595,0
0.6437552996948852,0.933871723008914,0.7797258296383305,0.5022064909393718,0
0.5265458103607805,0.7238781690296354,0.6021564061656193,0.4295890978223555,0
0.7317930059471704,0.5774500824510383,0.4549629929683974,0.729024017760743,0
0.0816423469794933,0.6480221085167731,0.3561463671176312,0.24224282350308443,0
0.0603581922180624,0.029262641482862523,0.947263808037036,0.5944406664622041,0
0.2471642560226232,0.6183887913503116,0.6029636721052825,0.8838943973601804,0
0.159579955716065,0.5097351962596481,0.5791189807178228,0.9107236636882021,0
0.8720282745496372,0.5459958605043798,0.2318251188307485,0.9588462947998272,0
0.2192668085958876,0.3595679126719749,0.0465564891458143,0.7732620396200122,1
0.976140568779544,0.08146568442189576,0.9453641710081656,0.9060322930060262,0
0.3369832170973463,0.19339231551052297,0.3136881208373623,0.23435519873947114,0
0.1821598289042735,0.9512128058205781,0.4425873352374339,0.19739316131894175,1
0.7899190781599061,0.4088706481252608,0.1145225797201447,0.006237672924131998,1
0.6588898289676975,0.4668860130585818,0.8370617336703958,0.7068234778587722,0
0.4983305716847903,0.05268581563495015,0.027483779070593,0.9375218914242169,1
0.5555152162514171,0.03753395760402434,0.8341271311180378,0.18674407307430627,0
0.7194016198740465,0.7175215616304766,0.1401766945746985,0.6368997869214952,0
0.2285102797935161,0.5383366503774858,0.886719025575438,0.7464518630064432,0
0.9966152477838768,0.5089318673188825,0.7298722460363081,0.9276657096007678,0
0.9750681598602944,0.24320489154198663,0.164570545576737,0.6468196855449855,0
0.6505052750779782,0.7451059524528494,0.5658597706879434,0.9703591947679946,0
0.1995894877928545,0.16827590632636555,0.3126087957774359,0.34453356524685813,0
0.6804166239463929,0.18998596011247687,0.1781381659299796,0.34979068038203437,0
0.0722080005937547,0.4609117568509088,0.859327454075121,0.5429379370081912,0
0.0306498773334127,0.28638386964695367,0.4035072987819887,0.3833750308886151,0
0.2577470214489638,0.24754571955146362,0.3985264904048904,0.0011736583198963997,0
0.4627473518753923,0.6455383384445451,0.1697887978341157,0.7317593151866298,0
0.8685161809456201,0.6512755810373628,0.3830429926370939,0.7517108682587201,0
0.7273712541334867,0.8249159975743962,0.8717664870013948,0.7469668772043314,0
0.7429132743222494,0.41788458919696797,0.3630989947784471,0.34488120474109013,0
0.4256068116963922,0.07307228119506266,0.9517814164720164,0.5222081086399112,0
0.3460250758312805,0.2737634810619014,0.94648488562148,0.35983895688058626,0
0.3711362279801001,0.9804895888609096,0.1447919684416874,0.015789118491987296,1
0.9879283418475608,0.5965324316651769,0.1772159953832996,0.562380738264693,0
0.0401093472597668,0.710073120341028,0.8628205566654259,0.12354868956118287,0
0.8672748067435038,0.0073090053765296065,0.3927416552287823,0.07981501920864599,0
0.5788339286891482,0.5184368205513352,0.004217724876625,0.7554941349798368,0
0.4387327549594739,0.037496365004739234,0.2738106208738813,0.009256780704920798,1
0.7254592827363942,0.5694892586757453,0.5976819915532516,0.959070207043366,0
0.4868004072322712,0.9212225184462648,0.7993900866816048,0.5151716941173097,0
0.8736684281810673,0.9688969075807085,0.1332778663500917,0.9830860623992181,0
0.9009550753335528,0.5407960084813443,0.1104225548805857,0.057764043080261784,0
0.4218332948532168,0.4584030168754531,0.9222600983146592,0.5834682547128015,0
0.2768975596931605,0.9454820484803603,0.7512555162733108,0.34918898545463833,0
0.5925128697917411,0.6739260720675381,0.5898298304602818,0.8435063943476935,1
0.9126199859732552,0.06488198439592095,0.7693003010457815,0.36108858335039584,0
0.2107124956050947,0.46592791020242647,0.4288478286634927,0.26032041273378054,0
0.6231381274075861,0.24032380179162982,0.7585654732539382,0.8575816400731051,0
0.6317342908774672,0.4700088888794424,0.3717763351974383,0.37452334136766735,0
0.7333169545893012,0.45566228270154546,0.2440228704870932,0.016586299500449295,0
0.131594734153289,0.5824109257849411,0.7291127621987741,0.39016447502171797,0
0.7160238133388992,0.35691312232839795,0.4196625207704798,0.6544842416592703,0
0.9092881816000966,0.16430760348344903,0.9815654601654558,0.25419036410934287,0
0.1797243061359649,0.5039425853760595,0.3494506541859579,0.43187663266403437,0
0.237601535865087,0.8306049275900697,0.9218947364466316,0.05648118859116778,0
0.9716690925603332,0.6643232092533143,0.93313382739111,0.5880329928953228,0
0.1810185304272868,0.33850041442012135,0.2417804543823152,0.7562902509730614,0
0.8546246853423612,0.9359827748348771,0.7983449337882789,0.4131954811780888,0
0.4924109715453317,0.9126545479197796,0.4330694610508772,0.4201178205282634,0
0.247292134006854,0.2094102533015507,0.9176905607517014,0.08805889462371179,0
0.8709943052828221,0.039386327607171936,0.4501252424176343,0.20175451037902284,0
0.4454245579047746,0.7416620431607661,0.7444084515100187,0.15447345841465918,0
0.5149570967190689,0.8280108839986297,0.4669743199384086,0.48159309738928646,0
0.3593273630439765,0.9683420391650559,0.227723306473834,0.5291764593038932,0
0.5931135692157915,0.8902711127566149,0.1992626444635945,0.9489985949802334,1
0.1635603182611212,0.6008109677244994,0.4254234541772348,0.07300296757792149,0
0.3911848951829252,0.5302899187790042,0.7556033385089975,0.5998120336759499,0
0.9696857378241088,0.027803450534752125,0.6051271086900627,0.5264185421114355,0
0.2581976981204541,0.24673874323282363,0.6887143863210738,0.5161497483781883,0
0.6569181384070598,0.4598137359184248,0.2822681340233473,0.8731929150414649,0
0.3252740475062378,0.6287954249321063,0.4814473599325524,0.20535329562410604,0
0.7736889256645543,0.5575043165022486,0.0442531240624859,0.04053409994301789,0
0.1309005056679535,0.7429900517586352,0.8176629797099579,0.672239297329817,0
0.9700945807514336,0.279867369744138,0.9900835215513696,0.34501804709994516,0
0.4539113390724095,0.565209310377767,0.4068647787483499,0.017343143815542396,0
0.2361082353148496,0.08813768393503628,0.0108097200655876,0.25120385413010654,0
0.0735067207182675,0.4138393304729421,0.1696947294098763,0.3091756142084535,0
0.169796183867855,0.7505190181738122,0.6525992399542915,0.6167879991009289,0
0.519915148821677,0.6937279377386296,0.6121374135497675,0.17238981923134178,0
0.3370906333337604,0.9911326913953955,0.7879848188046594,0.4129371831047839,0
0.8291154591257738,0.27799053702139104,0.2538157619334313,0.4823810312945206,0
0.4310025870601763,0.49840941979264336,0.7637434672549333,0.4591353623167074,0
0.2487757683226301,0.32965811989927857,0.6880688903420236,0.9740074239468034,0
0.6173148186197261,0.4407916810593594,0.3227705621794072,0.045266613894401994,0
0.7069734050709446,0.8573668289270467,0.5455227550446864,0.951027314813099,0
0.1670793880479733,0.6845311229799697,0.1471679554067293,0.5818753979770006,0
0.1676568661916646,0.8828718579085039,0.4525663339479351,0.7957359655895795,0
0.0366705719133741,0.2035697637798723,0.8813503595058876,0.43028113552596287,0
0.7366069143610691,0.8737868090914488,0.4211821442585091,0.4537340826009768,0
0.6639880797779254,0.059742164279076554,0.8397050422683137,0.8793621478857668,0
0.4747588017893542,0.8890333212447502,0.5903037620503824,0.8959755881843714,1
0.8444070373471625,0.3292012353790395,0.1917865925620461,0.23851457091085534,1
0.805895420396517,0.31470715183270337,0.5811534150721798,0.19905463989941793,0
0.5855148484464946,0.5123163132498525,0.5060040018148442,0.4961452702920176,1
0.8685149556903203,0.9411527710816429,0.3986241456691886,0.900319542219645,0
0.2058900990374162,0.04775468999495834,0.1195148359222599,0.3222082032344302,1
0.1119408909511332,0.3523711196801707,0.4166978471151878,0.6519757661415022,0
0.2698172926493958,0.8569884805433369,0.0726302411168617,0.708131236628217,0
0.05709200418338,0.39621863457621875,0.0986460894756788,0.7786773266319772,0
0.5313140791129874,0.19921316721060137,0.4159054367964501,0.5638567384927345,0
0.9368694610628512,0.4249740860277681,0.3053313973767686,0.4023345397111383,0
0.0393434713777945,0.3857109042081349,0.9257129880950216,0.9670803765866953,0
0.1221341819982447,0.9158649362654616,0.3756805259225544,0.6112785705783791,1
0.4523203582851558,0.7622990121254911,0.7579676372196573,0.7285514507478019,0
0.934137983346592,0.5053394715169568,0.5302767576085046,0.34484337143126326,0
0.3162374318414757,0.988859275937858,0.7041762169111934,0.6699162095909108,0
0.5073723218462056,0.46547961830952417,0.2600499321589566,0.25762961426055714,0
0.0415734452860834,0.05821688562159725,0.9420794058773084,0.24492470714611214,0
0.1483751827934548,0.2623651758191905,0.5301176720630423,0.7147039040846838,0
0.9869086013059218,0.4362565636203723,0.831459499696166,0.5213130783549987,0
0.9653908493931536,0.15693574106737274,0.3650166539323933,0.6832480068757336,0
0.0049297953489272,0.9480314767177127,0.1000888958616172,0.26927425795185644,0
0.9520800255110018,0.7672162270500971,0.6737914823187978,0.5986670264415953,0
0.6392962315196284,0.2683813491124189,0.0076045851394752,0.44382660508345917,0
0.8681618659022909,0.5910754014775291,0.4753028239743457,0.5969033944157638,0
0.4548619327605465,0.7217916101307968,0.1927121084634677,0.29072252649396174,1
0.5157360003362806,0.9417418348584619,0.6274389951257291,0.7154329047651664,1
0.4889786863946315,0.8820655741853533,0.9796075386131022,0.8059409602176905,0
0.6670487094094079,0.5154216632946791,0.4644089125314607,0.25974912036297393,0
0.1396806807390806,0.7750242249756496,0.8176288082286263,0.30046654651583765,0
0.0299707653675333,0.5623999180250503,0.5078054948161324,0.6611184159063888,0
0.3080088495697818,0.552953881241645,0.4958571259688682,0.695560604704471,0
0.704876334464189,0.1147519738582812,0.9305938764149672,0.7040779053016187,0
0.2019011685317241,0.12615391766509462,0.8901219815747652,0.6826697117637078,0
0.673618816546568,0.5297709103607509,0.7859198362933455,0.3926839165736566,0
0.970185608538822,0.26895600836845124,0.2962024498541495,0.3947305445567278,0
0.0939166889219134,0.02099557348574872,0.5450428534981668,0.25464859907779164,0
0.6727882572943589,0.723182418579914,0.2238184071974416,0.15663256256534439,0
0.4438690649516864,0.032451541429923125,0.4439154782633352,0.6925518240380711,0
0.8683858916147018,0.5955501596077873,0.4842260595054384,0.09296678997336429,0
0.1771902417958322,0.5394363826380126,0.8317755800303175,0.9378470969435769,0
0.692817979261895,0.9692926844002221,0.8961866165460748,0.8267047005052652,1
0.8383500975191446,0.4844256019071013,0.4146085089628784,0.8575342374000212,0
0.944880343132576,0.06358343009863796,0.0175528896518812,0.9067134245198234,1
0.6834372977664618,0.5519374023408834,0.8619200085892373,0.4084863476578351,0
0.497309319031148,0.8415041826982169,0.1741823506975421,0.8467256796106978,1
0.6180172787131112,0.9973426393032893,0.6219435168726974,0.15786056528828618,0
0.8691488459951052,0.4305261188852873,0.0248219080718925,0.021396350153750996,0
0.5707658950645662,0.32042139024503885,0.3994895908897362,0.7848960938418044,0
0.030384356771629,0.9070972302285651,0.9861502745622062,0.07456862425005469,0
0.9312108008467964,0.19129406189280576,0.1005713180171667,0.9885961042610986,0
0.6897178667536639,0.6157132756095299,0.4236847988698926,0.6747650468025633,0
0.6767006749465204,0.40588387436678486,0.3071004893808862,0.7534441048785955,0
0.2157269330485436,0.04105201963732254,0.9052495702108274,0.24563187758393584,0
0.6590675759502428,0.34742591073462525,0.8694889455177659,0.6738337059876861,0
0.3939685824821314,0.265320995223613,0.2376248023390488,0.042981564713752994,0
0.651412832559464,0.6864142329961119,0.0810586237791355,0.8378477675343616,0
0.1066127355890175,0.9492575195122609,0.6272018011167759,0.16942714756046307,0
0.6580271044620943,0.26814120455118323,0.3363295572569598,0.6973340782736883,0
0.9996959631094048,0.8118577157249296,0.6721636512300435,0.22430153412834064,0
0.0482145773331813,0.05533729476859155,0.0319732852843515,0.06822306669900288,1
0.9774498820693884,0.5383630107321005,0.1332884881795877,0.4813989436670136,0
0.4070159729809243,0.07053586484279697,0.6864565330731054,0.16908915406566316,0
0.8709978553911648,0.9344919267627612,0.2122877634841629,0.7294305154469891,0
0.7826039046965614,0.7667183371266588,0.8577323679983522,0.23739116480413155,0
0.5671713527554659,0.6582575706208017,0.0584537539517029,0.34233225926141614,0
0.7386547105199226,0.8242949693009337,0.215400188409653,0.5673726837571547,0
0.8787622487877441,0.6478217399370308,0.9987546652456772,0.2848091344362668,0
0.4042475200906075,0.9694224620677927,0.4330710590565658,0.3778594589287493,1
0.3271176868036983,0.714296296173069,0.7030558167599139,0.8156365416392399,0
0.6677780518254567,0.9251124086411036,0.1825696784286847,0.17901604567814347,0
0.8080718491739236,0.5173623919823753,0.6099260506038888,0.08197599259378689,0
0.7624976449492475,0.11707570106146739,0.7262043837797023,0.32821286225364116,0
0.7980366061165062,0.528414273816638,0.3144297593612961,0.42426331291864217,0
0.4356997589988678,0.1268894905391216,0.8290316843380197,0.5425845933652632,0
0.8180630604388295,0.5927652725723324,0.6034726186076469,0.372293215238414,0
0.1202327644153201,0.48270458059178756,0.389102462738208,0.7899180447307645,0
0.5446375656644871,0.6228636742338362,0.5576812874348036,0.03907983681329729,0
0.0057487156436522,0.00999963029230591,0.5768064850807519,0.4316565063179559,0
0.3246696355079742,0.19489439614910448,0.1654358808809135,0.3821286560822545,1
0.3665576539425442,0.4915467943016236,0.4027166233492139,0.6475381877358124,1
0.3962775471838844,0.9509715220610745,0.3433939242916963,0.9663403972474209,0
0.6956600691905238,0.3837663781767867,0.4008863306993717,0.5102901373005707,0
0.3886607177906155,0.4245516994353688,0.7612212508584335,0.986947743828431,0
0.4488139218670499,0.715034841769979,0.4825508105187808,0.30209591539970354,0
0.2376023420525248,0.604070741977926,0.9404900258621538,0.030625711882138595,0
0.3733499073612808,0.29903708700617165,0.2936222000985822,0.16546492387123798,0
0.2273248172450564,0.4109886413136653,0.415692407034264,0.3950018438127565,0
0.0732058087001595,0.2177662288179178,0.7870765894560847,0.31618504566380123,1
0.6036143980012999,0.9664979224369449,0.5460593895260359,0.09683340179340177,0
0.6683976469539823,0.13065310512883432,0.54706329660781,0.4325493683364063,0
0.6196608676733374,0.37198767193005844,0.0532011771858407,0.33797404681421556,0
0.4636186950779764,0.025800274478403825,0.398582458492335,0.12240686984289077,1
0.3798858172168345,0.2218481573102206,0.2706714267089865,0.2959616413405751,0
0.863575872848838,0.7808459317461203,0.999529812909131,0.8864740342760111,1
0.5192227818726718,0.20123260782326566,0.3083060348991324,0.30189532025532895,0
0.4793111418818534,0.08005441637500348,0.8846507184521428,0.7139368742171104,0
0.025637967625701,0.47466029455817743,0.6763144592412118,0.6119951316985232,0
0.3413365326594345,0.009921841371885308,0.3408788586510383,0.4270686274117513,0
0.3802957763356466,0.08475974508552307,0.5435682962188011,0.23885143664975986,0
0.3989284157247406,0.8080155420188804,0.8406745575936156,0.36888310116166606,0
0.5803313295222359,0.7718432079989321,0.8835220837320819,0.5920487305191187,1
0.5337478132629003,0.9155874032162252,0.1602926496875838,0.35061563163682874,0
0.6080722078376957,0.8549308009087867,0.3395351168631606,0.21471432543511904,0
0.7650965356885002,0.6834970447315595,0.3351836215293815,0.11624838058567608,0
0.8132131572952475,0.052308676546769746,0.0419018261003927,0.8798027311267635,0
0.718322600638197,0.7832247140623669,0.5982909729366952,0.44020474451055747,0
0.9557930275222242,0.8459212418686971,0.8549637690189087,0.6251606871837995,0
0.0182263057526132,0.7994671368029607,0.3815511783624643,0.4903185485636817,0
0.1958239156141252,0.5087047940568712,0.74013917380762,0.8725999517454263,0
0.0075534606491662,0.23297659837472398,0.6277640188946378,0.5468615649310813,0
0.6476534645632354,0.8457403076305398,0.3756234359053181,0.4806864496339816,0
0.8982829747776756,0.7275083934847275,0.1409517545655276,0.9246514773285658,0
0.2435422538596987,0.9812457141352917,0.7094162486823592,0.719672926309723,0
0.9272954991882976,0.15572505165859965,0.8547087950640346,0.11133392893061828,1
0.0602734736130539,0.22573537721504539,0.6859386100820828,0.17751016394542737,0
0.934699157587806,0.2118613461086156,0.0177269900013143,0.7871282934477238,1
0.3517144429786776,0.7929211738393585,0.2161513648802255,0.8358727217110787,0
0.1014390128551071,0.18695685405034296,0.0693466919798808,0.5451169699956151,0
0.4860029905841245,0.06664349935197755,0.5704294886893067,0.5543844050399914,0
0.2568404341565256,0.9990550994143809,0.756586707071385,0.6318875321927858,0
0.2849450300662463,0.02477795384270642,0.1104603908735057,0.43900715067642887,0
0.307368684721078,0.8356488656514108,0.8384757229277326,0.6801695113369662,1
0.8032503877414419,0.36551418379122,0.5555471199787334,0.10826427344614127,0
0.5393081777441888,0.8420237563778191,0.6900545811155396,0.9613417500223308,0
0.3113876003571402,0.5548715325845079,0.9715866859276758,0.7501481385816952,0
0.6105016125065352,0.9020724109848643,0.0835527043903354,0.6311285246784945,0
0.7163496186542133,0.9266476262157733,0.9013841068362396,0.31617318960035545,0
0.2726925270740759,0.00905031063546951,0.1259893753190653,0.16075570097989036,1
0.4136590665969648,0.07540064125834077,0.3929396127406477,0.409224582629734,0
0.1219102955111647,0.25044305457768273,0.8515812196694412,0.6615410252198535,1
0.1811909779454031,0.6696293033638604,0.9064160948775424,0.6336648950776905,0
0.6813064970684947,0.8887060580976235,0.506392483181628,0.3825140227481994,0
0.1814800610856545,0.4601411147643026,0.5941563935056848,0.6132348520405688,0
0.5253061686848391,0.6072528436033725,0.708239315517794,0.8137624521628557,0
0.7092431171158191,0.18855028301679697,0.8328946028816446,0.026040849549579193,0
0.1068967118538507,0.8053550493527737,0.1213962293240058,0.4505161950052974,0
0.5674673984237213,0.9678052906236907,0.8101972395577732,0.758551296360462,1
0.2566265872746378,0.2686932524090999,0.4812881083343754,0.5460709239103821,0
0.9631983836942496,0.49504422931564074,0.4506245709540266,0.6514370622371426,1
0.483676194129219,0.08611044085684588,0.4238914717401982,0.5165931883308941,0
0.806217912021734,0.559390172411701,0.5092333965898561,0.9919470794896526,0
0.5503766969433621,0.5030060797674518,0.9452260959578992,0.05438690065132889,0
0.043413660042744,0.14446277041330913,0.5482393376481056,0.4909532171342307,0
0.6333259142549155,0.4422555818047988,0.9533559474156732,0.09119397229146509,0
0.9516714621925466,0.334234864607611,0.1801959232001593,0.15958539221121137,0
0.601777084666926,0.5220639500251196,0.7242335993434565,0.3829113482757216,0
0.8194181020206123,0.585922381402806,0.812368235431407,0.15533853020867916,0
0.8844548242326455,0.008447377773424407,0.6792105767078951,0.9637504627725114,0
0.2281352001521874,0.7613701106309134,0.6069785565571806,0.9468475356746112,0
0.2120955530732602,0.7133521231057196,0.5648542043515192,0.3359672638976706,0
0.6111490083560438,0.3664342322999004,0.8610763539055597,0.6397048425460989,0
0.4111376936918343,0.05291208526399865,0.8217786120901494,0.5336757130268864,0
0.840096624149289,0.755293339600392,0.1221740552287045,0.8156017397125481,1
0.9002761351380479,0.9556456806933297,0.8487291747368886,0.6273987084954912,0
0.3535136639433996,0.24023032815969822,0.414056871499227,0.0,0
0.2369285720902714,0.3236490290604961,0.2536285149448005,0.7631719673630261,0
0.780743388962211,0.18386075154105458,0.8699175567528385,0.7468403523606408,0
0.2748752035114506,0.5771993922853028,0.4320193852828708,0.5096372223251858,0
0.8228445683565788,0.15487338214419313,0.8084920202442731,0.9029623541833002,0
0.4238512148192422,0.35633625952898323,0.2633387207277025,0.9084913981083566,0
0.6677345527662949,0.6973420774813028,0.003772907172916,0.5238308436860182,0
0.0955517676172988,0.5603700355676193,0.4954761534367051,0.6079349530104732,0
0.624031131029333,0.3866214657017689,0.1001058094177125,0.9965961298895054,0
0.451888881901518,0.420427016359286,0.7544842424259102,0.29866563144202624,1
0.5867693159903389,0.562366028261398,0.2760147144022724,0.3244710935251762,0
0.1680519737946219,0.005815085512150305,0.4436443312137044,0.18258126684567327,0
0.7370787829507944,0.07850003106038987,0.0869064637712355,0.8959080089094977,0
0.863039143042359,0.8816880860463997,0.286602560059201,0.7444798476471596,0
0.216791893799029,0.07786880601574087,0.7816080940417081,0.10542493450400137,1
0.0957310620084351,0.7071380243827121,0.1514835805020524,0.9818365735239226,0
0.0236338987465695,0.9204894314535171,0.6472300301450673,0.7309487326915145,0
0.6421486326434194,0.27077906606543345,0.9175916514503868,0.8505483182674195,0
0.6072609126435048,0.37064158725708063,0.6799187548346737,0.047914032644910086,0
0.5468465297680408,0.5691802832225547,0.8111499565492082,0.5048738750965784,0
0.2320036614978112,0.8821392349879255,0.1088522660832538,0.698574704630464,1
0.39100930281929,0.9423688365815659,0.2506624651205626,0.5428719899596098,0
0.5946395015323428,0.7399156265185096,0.8946965780734359,0.666613412199336,0
0.4969012939382344,0.08661436717397478,0.7152000488950065,0.8178895723444976,0
0.9880643383041084,0.6694679541743881,0.6396216126640368,0.37420720910092864,0
0.1364682342039975,0.41047568670586226,0.6638430629025436,0.8486942768459069,0
0.695337321672921,0.470906058245164,0.4141888529001249,0.16271696085142928,0
0.4044260190156729,0.049122464703075644,0.0444145476288255,0.27072229664766534,0
0.4283138879500444,0.19111397353995777,0.7845604338501957,0.04310728857673629,0
0.7177971356034052,0.7908939035429918,0.6787948349976745,0.36429370953934576,0
0.6926281225495421,0.45415471814457437,0.4728134337614662,0.3797815172623772,0
0.991535832276878,0.30177467774557987,0.8999191826938144,0.8052819753638119,0
0.1284204053497955,0.3841766364592945,0.3361204366223234,0.6530921868623323,0
0.1041286244322277,0.8548148148054099,0.2942677585955948,0.43661315020869107,0
0.7245401692660527,0.7493565660220989,0.8729463817834144,0.6520751619909485,0
0.5785453522928223,0.2724117530649599,0.7971109718637308,0.052548112240042286,1
0.2742296447537194,0.1175133679746719,0.5150036565883909,0.18007808008733947,1
0.0794310839117501,0.2520834449897491,0.1306230526261842,0.6269007907886921,1
0.0856717990489849,0.9212081119754032,0.2149895322915966,0.6413244803718683,1
0.8944421714436159,0.5818546561860153,0.6563016580869601,0.7741358325261737,0
0.1919121047276465,0.5337196665689627,0.3850192512213866,0.4028792989639688,1
0.3234550106703228,0.596667530109874,0.8366104362994164,0.7225383656777122,1
0.2267114118913539,0.36617597040606703,0.9501322818188171,0.683951959647931,0
0.35508905357647,0.8074964084785685,0.8057632931920011,0.9634565789012249,0
0.0694326185052759,0.523520121473871,0.3775207924166253,0.21494819490767383,0
0.5192007811773675,0.1167590174206499,0.788806818287938,0.5516078312436232,0
0.0676208067485514,0.1290829885462506,0.3514078354515249,0.6017091241706867,0
0.8005802128025918,0.5371004557728125,0.1670012278947297,0.9987226396024493,0
0.2337691662826492,0.9370305439442264,0.0332471832593981,0.20099754002926953,0
0.5401590658017484,0.30846822342540325,0.385694964398759,0.5231369596133,0
0.8803262347994804,0.8699647670167171,0.903720211267192,0.34604622753795217,0
0.6510571199993793,0.7644614071692934,0.2389130840372004,0.5258127848993775,1
0.5331028634969764,0.24789537270830772,0.2064282070292336,0.23195214154930516,0
0.3244174846004282,0.03630780488941633,0.9700050648797856,0.04737544544313409,1
0.3330881933975479,0.1018502151791685,0.0248551322032071,0.5725005664265569,0
0.6696721782602515,0.7288402469645712,0.7859015150390434,0.3357118498571953,0
0.994420047644044,0.19972628865858696,0.3213255106806372,0.18174849309089616,0
0.6620221641020383,0.37142149781101025,0.0373433795838451,0.32378919388255006,0
0.5579357942404728,0.5019212098120271,0.9179684717224744,0.049043815067422586,0
0.7308537183167125,0.7258128236375867,0.1395337853062201,0.9505011900777885,0
0.4653307668442541,0.1132404109911223,0.5518161097530836,0.5810858402752876,0
0.060148389154267,0.4065362127080587,0.273993072930736,0.8147831723584996,0
0.562450519903747,0.4852858428020909,0.0650579970853115,0.42300433097518947,0
0.9578952340403863,0.5410705474116972,0.0497822943444319,0.903358178199327,0
0.1753428516445829,0.8187561958329591,0.1154396583331021,0.4832240846365329,0
0.6901961471387732,0.17171940805081404,0.0712343865876832,0.5738808869607205,0
0.2009811346133099,0.808221236928717,0.7606685830221664,0.4917026209499269,0
0.5359736053062024,0.6932052257496968,0.4855796733139073,0.7332660796249972,1
0.0966932389779485,0.5561225406709176,0.3428552376800482,0.5665892534212984,0
0.45049172871327,0.699858311933262,0.4183586790100335,0.27143539883368695,1
0.7563740389636652,0.412190642958738,0.9291165979197586,0.14533469249692377,0
0.34766208874202,0.13842056328882102,0.9109152572844864,0.6060704998504921,0
0.6650956022122602,0.6660771819918404,0.715771116758269,0.48908774572886327,0
0.795672223010069,0.524906938331775,0.8848366266312766,0.09575461406544088,0
0.9274388160010644,0.6396722819631023,0.3196029751605991,0.39549458626751377,0
0.234699439692208,0.33813112728801475,0.381085952506389,0.5146925950390777,0
0.3994216956424376,0.9073106274806796,0.6137708531516708,0.8269116984776647,0
0.1524491927637399,0.587638854554173,0.6236881154257858,0.07587345958662228,0
0.9927637016793582,0.08539642361892867,0.4817119452801961,0.34835702515152506,1
0.9272619124430772,0.44999759920807,0.4006413701850135,0.8226731987127113,0
0.5401042653685816,0.7567176345559126,0.986370361658352,0.6483839057811541,1
0.8422692543285495,0.7945168417974651,0.8212554565785055,0.28980081407504843,0
0.5210995256988684,0.49481520505664495,0.4349758259794711,0.8453596307275437,0
0.6237574138932283,0.8951849805165047,0.727391211125699,0.4932027129215809,0
0.0891390007922895,0.2677622468354903,0.2694989741324178,0.4982626814549861,0
0.7554808680073806,0.4107708236994711,0.1000468582259372,0.9766548638549412,1
0.1277393993413784,0.8990364294509757,0.3523975365026146,0.9471743692655544,0
0.8262988955345213,0.896694953073962,0.4029571384113595,0.35839764986171846,0
0.7822464032170137,0.6860356405459861,0.0163851573963995,0.14037266413963317,1
0.7089414644621056,0.859398358721215,0.8149215987755909,0.32552092744642114,0
0.0361593752324659,0.08876905326182088,0.3591622985971696,0.030240713514952493,0
0.3032058520277053,0.8654160833367736,0.5804650934519202,0.020522155845673296,0
0.2631782994350495,0.32074273027628686,0.073831475704047,0.395399225482834,0
0.3602306666521856,0.17837637103654216,0.1749007542561855,0.9410756906306158,0
0.0876568797536333,0.239448140124445,0.8898497421639107,0.871390378329966,0
0.937221695342259,0.4181446726692707,0.6087444268600919,0.5113579144226487,0
0.5539534469261567,0.2512767861937617,0.9504614387179656,0.5651590884284605,0
0.3056025112658712,0.3206903810741857,0.9989445180941204,0.005682904132062299,0
0.3970866104823484,0.1349995899399908,0.371833479405069,0.21531924588332216,1
0.4473224012997776,0.2962861959765129,0.2987506591203512,0.024529709054935595,0
0.6007592986913514,0.5725445343089645,0.8585010184215278,0.7545342845048746,0
0.5158194239768641,0.4420429603383601,0.9988058618500092,0.14544099202744137,0
0.9196506803242228,0.34685588549779955,0.6297055241019507,0.8690793824284019,0
0.4970979758017848,0.746808281939036,0.7952633881574229,0.6432826163618616,0
0.992438118635426,0.8939467029516343,0.7818637997603659,0.22924132782436224,0
0.85166367929619,0.7571510400636636,0.3553072451339716,0.15751947032774366,0
0.208560188261335,0.3321297618060737,0.5743151394523451,0.6275778582960315,1
0.930857216043427,0.7447972195868704,0.8331929809013658,0.9008796788905425,0
0.1163889770047931,0.15201060220593293,0.688198790882403,0.718343113495293,0
0.8176784396913196,0.13033653829898662,0.0210134787659441,0.34840834532280723,0
0.3807235767832177,0.3457635631016445,0.3366666331238903,0.5873235642215582,0
0.8782208487807244,0.8080920834168814,0.1443688565395149,0.31061100563799465,0
0.868300302184652,0.24643037475629123,0.2328965869400079,0.999224485865603,0
0.8061507426189806,0.06323521192228565,0.905651065881436,0.7488320720688361,0
0.7902511049275648,0.13172884789461042,0.0367485018708038,0.614330456914651,0
0.3047570911849593,0.8591626510462785,0.2197204409089508,0.42314532238597397,1
0.0809314390206078,0.6340777023675767,0.3095207448123176,0.6181023431917195,0
0.4030870360671474,0.25328704585229045,0.6169438620681902,0.341475484789909,0
0.1735639013305839,0.5555472367422936,0.5341322807873041,0.028621762248384294,0
0.6951437996397676,0.5278158470982253,0.2181886716979093,0.39496546947758376,0
0.3461898582617884,0.6557422603793542,0.1641411989047583,0.9305332335127198,0
0.9758854388219504,0.2332624707011865,0.2367237589206325,0.62625381835474,0
0.6411489156672142,0.8648237699505373,0.5025490811528783,0.08373068106722878,0
0.8227107741469191,0.30948522077482227,0.2711156366270728,0.8850311195768841,0
0.1325520031680837,0.6944591387186969,0.947778944306478,0.26871043182024507,0
0.8622563176512509,0.016080625789181915,0.463871037984866,0.24359684765670955,0
0.9230168871583064,0.37280846675558654,0.0586589551402312,0.29693579866987074,0
0.4871935001806848,0.351849677006815,0.7293658359763668,0.5771388682907995,1
0.6064195669824947,0.5437293680923481,0.3288034798840158,0.5446140695752086,0
0.76502305344842,0.07272326080955337,0.6535616336025427,0.4913222708969549,0
0.1748784000164528,0.7905114602952945,0.2795351901774339,0.7175194882511291,1
0.5027022167903119,0.2178472761127692,0.5707872569956507,0.3163889346098657,0
0.3987686156250811,0.6773559332725224,0.7722670619385283,0.782068294285041,0
0.146405394951887,0.8035993772437819,0.9281782732680028,0.17512660020580836,0
0.3676308568429791,0.5621319737026931,0.2610614502383654,0.7826247440979678,0
0.0681807171339096,0.7412363083837785,0.3348172631366566,0.6637751218479225,1
0.0258078587101851,0.6621701142857669,0.4642723783547495,0.683179683616341,0
0.1351943963428379,0.35567174930908,0.9273440750907866,0.4814586818167493,1
0.9633866753963491,0.8092488869150463,0.9015469981046492,0.666967595221077,0
0.5496794857288844,0.29480999187872686,0.089752182181904,0.07957066161835788,1
0.9660945209626564,0.57147305073419,0.1318185604587327,0.8515776629536004,0
0.4326134152499237,0.7457533144840125,0.4955261554951491,0.055312901033272584,1
0.3118961837903294,0.37911069801037495,0.106499079850252,0.14853772044631858,1
0.5062790546196172,0.30288064940310405,0.3455449680798992,0.5767262054623227,0
0.4396292879489484,0.4595448471047966,0.148279917204114,0.739401249265294,0
0.1056841165645579,0.8183588311752191,0.6361069021301091,0.07602401742642578,0
0.6410031101508846,0.9303784460826472,0.9496725421213484,0.9208140437798088,1
0.216090069908671,0.5453292285123417,0.9969275428108092,0.9736741969063254,0
0.6197585052632418,0.6617757914485495,0.3752156891375477,0.6058962268785798,0
0.6503806444926047,0.90371570366566,0.5990661235178436,0.4811486384875563,1
0.1520579175421316,0.09854799302995779,0.8564118801554272,0.7413854161563027,0
0.0613560286636344,0.2321528864961221,0.1173457043658317,0.32821242930598166,0
0.7809795292029209,0.7092355831250348,0.6896498373129276,0.4931735569116797,0
0.4599239889454811,0.8241429663460912,0.4088300708116037,0.9161987443721574,0
0.0581692602713233,0.8574457706196447,0.206061072927973,0.95571608977459,0
0.9951472173525198,0.4152817736802618,0.4027378797246967,0.9271204118492714,0
0.0577859130729085,0.08933599907808888,0.0758292798246174,0.26228154316083924,0
0.6952279643370373,0.43796849821979167,0.6954946357287781,0.23229269123645885,0
0.9839565358169802,0.2308081624160493,0.2526740171410964,0.29750952378708034,0
0.2392387964486617,0.2913031565162403,0.3113576853249924,0.441203208271455,0
0.14227955863993,0.7726378551551949,0.1209662064015262,0.31401783923044574,0
0.121408994233386,0.07551561425493247,0.8648063003975466,0.3740829011530685,0
0.3033526868137417,0.8279818242159606,0.4934605291064713,0.6205878193636576,0
0.1010638851434439,0.4278505657879141,0.57219088796964,0.7625230462427568,0
0.6923532321121072,0.5963376808802906,0.5694757359142741,0.7355467292291498,0
0.0622984767264461,0.08964849915857798,0.4104801054308211,0.814437944984591,0
0.5095602844843147,0.33749107409985357,0.1924400252984952,0.03194241394309139,0
0.9969782923012116,0.08969721361559388,0.7452377750909136,0.047496896485122383,1
0.8141979775843919,0.9620177326691605,0.1269432810369082,0.7893891319101203,0
0.6153887040432362,0.8076511222123048,0.1037526289238144,0.5330009937010202,0
0.3063320358465769,0.4598317484062665,0.7102377231551529,0.5780776134858515,0
0.6240676533805625,0.2236722126209296,0.2087528822329432,0.05235155754197288,1
0.5271848011749976,0.9339137242367483,0.3067231574963784,0.2551449392194389,0
0.4261970346414924,0.3447325571752347,0.4752372913037206,0.6383109787255589,1
0.130737173676491,0.16101978518320884,0.4493520138712128,0.8592109368865662,0
0.886853281178632,0.563420111347258,0.7086712582874455,0.9170313875360878,0
0.4499052688798131,0.9442383935049259,0.6234938930889982,0.5003309636060432,0
0.1946681019866722,0.0037795333811940033,0.6444656565806284,0.54540046652482,0
0.3678558515685174,0.23820246485825633,0.7141483951187837,0.833070113388116,0
0.4142398883397531,0.9389089949935121,0.2925581389751883,0.5375482619345817,0
0.8277695931773071,0.17112685536084993,0.3222892065398213,0.5167753809542118,0
0.7338184601587363,0.1132526460722039,0.4379944403517442,0.9051281282786932,0
0.7695194679593804,0.5704467867621249,0.3074128223532071,0.7899390724531029,0
0.0110228699723333,0.8622632037896246,0.9851274807801716,0.909117924046475,0
0.4162647292157865,0.47731838807853544,0.8141812625182396,0.21806604475799105,0
0.4814740516995939,0.9950563596545337,0.164554965832032,0.5242948056437471,1
0.0191862820953644,0.6794909871634897,0.0054383288609898,0.8424956989950149,0
0.2598779680989924,0.07406263973656207,0.0426405587491771,0.11093171727520737,0
0.760501746577549,0.9933232855560981,0.2439917380601102,0.7946700556921403,0
0.1371383843745922,0.4080648813666471,0.1141737989910538,0.18278081297387697,0
0.5354559001003298,0.2875071565342078,0.5333684362620943,0.808131066582964,0
0.2152535135009582,0.5581320105103278,0.8581400587152359,0.6119489744752528,0
0.0121127005557789,0.30442147742132275,0.7368522907802557,0.19304678446006343,0
0.2412607442070113,0.08645202453456148,0.2155273135306359,0.47325677685138057,0
0.9761490703696064,0.0013762698434760013,0.3992822985635911,0.6818761134438842,0
0.8017611640173737,0.44977684052823397,0.5079155562039901,0.6338080994558369,0
0.959847167649311,0.8372691150280066,0.8103338289933717,0.4271346828766812,0
0.4879858582108421,0.5725759225864288,0.8392597819000471,0.8994087456107213,0
0.1097568282006138,0.9997019460094645,0.9098813919127268,0.5191810580710969,0
0.5481089771385477,0.28695096374404927,0.5092670737212543,0.5057805517354425,0
0.454499305088085,0.28055588067136594,0.6943618341490065,0.062018454411825685,1
0.844593725996851,0.15978413704286265,0.111682005780743,0.9221700637247642,0
0.0980997835853928,0.16410062894589583,0.5653305511794215,0.17692207875401278,0
0.4883730651301727,0.2852900045037894,0.2486217290251886,0.5282653132730577,0
0.1500811480133927,0.7932216160248744,0.4317113620666077,0.8035784214254852,0
0.3247597589905953,0.9062002326837684,0.6341163534365961,0.21527135131361425,1
0.7375622575173061,0.9755686004553459,0.2569187829527308,0.5272935914443982,1
0.4761464633273313,0.23236407838294879,0.0520456645431508,0.24051125287113173,0
0.375987176133113,0.8817275855288668,0.0100796659253958,0.7596914392359223,0
0.3945806353179591,0.3283820966047631,0.02200955154413,0.5642735850153717,0
0.4595702295905278,0.1128495181814291,0.0081948824549158,0.8560038564427808,0
0.7852357381329685,0.8704487887459801,0.1102361813063268,0.8945986436447384,1
0.8923353664002261,0.6364013247660273,0.239415387964236,0.6486935579055736,0
0.955603962493384,0.16476830240446025,0.2211417442815246,0.725376445053798,0
0.7871231353732725,0.4300139222112533,0.9869868616077184,0.5491475613253776,0
0.3154880023093316,0.28736223820312046,0.3059562409373697,0.3843021866019454,0
0.688325412480741,0.7371454300547382,0.127307927613181,0.6480777967406222,1
0.437720162162009,0.4536118184088784,0.5455971773968358,0.9083337642600754,0
0.2547338692331488,0.9897691526050049,0.8581022780639174,0.4165644039606956,0
0.8411071977782001,0.054722123198926546,0.6781417452902758,0.31426053232524764,0
0.0384260099733074,0.35515693636258605,0.2960287244171411,0.3883117057164912,0
0.9020155151861748,0.48211136230568513,0.561656455529139,0.4352877880393213,1
0.4616015229312503,0.5033563845090083,0.7149503214233093,0.07333260027519219,1
0.6373772063929629,0.31605607952729226,0.7282035126717616,0.4983526600589992,1
0.659536165670691,0.7295869711486576,0.6666157597326645,0.49422371491744027,0
0.8953693100290548,0.8751735241557731,0.8709597810032719,0.5883841440687251,0
0.636845255378788,0.9391808054144725,0.8702545659126031,0.36268640207704744,0
0.614102472469764,0.8054816616081995,0.5789829644794438,0.6130559955647006,0
0.0666600012772385,0.8509934060406436,0.4298501899010816,0.878251595296403,0
0.518548820563001,0.550794109044451,0.6416387931105518,0.9555315945824929,0
0.1502015195210353,0.826287905509134,0.8183428048289372,0.5835509490809,0
0.7376389714019181,0.3036173543807002,0.0054962982603399,0.04235237528925169,0
0.5123609004203749,0.3986442476059529,0.9921891107580336,0.9693011126293786,0
0.6804161605872447,0.3170338063998302,0.1828004832827687,0.705840859392944,0
0.0416735162550846,0.4675905785219147,0.4702570539280515,0.33582121838216894,1
0.0848053107841941,0.28568324008281937,0.8721795211514376,0.14695339246888067,0
0.7165223832798452,0.9620854891484667,0.2249619761588803,0.14321307831106686,0
0.072093894070331,0.31296319136663736,0.4768056011891275,0.16754684462924888,1
0.0712660424804466,0.09804540449176269,0.1324711449877043,0.04533492009692729,0
0.0121003975301576,0.5270529729450053,0.3950578783935796,0.9021973189564586,0
0.9567710173580986,0.05707750928160315,0.1770401346450754,0.5406929242929253,0
0.7377135840726898,0.110550881153924,0.3635982090831575,0.6999362767059314,0
0.3533436431631873,0.2194567449464905,0.3734381466710843,0.8281273722087189,0
0.296611138778436,0.46455182882368307,0.9933633053630472,0.7915478848218508,1
0.3497944210724323,0.43343547077463407,0.9950061243271832,0.8826423472828292,0
0.7748696782549018,0.8000771871200578,0.1146689664110596,0.9673190885213062,0
0.6615534475384643,0.7398269837472744,0.726067046313382,0.4389619763353655,0
0.1852383860602268,0.4264990338052227,0.0516059313653798,0.9503943876646513,0
0.1741488936433593,0.3338342006781956,0.0300448645917441,0.7232744585687618,0
0.0984129445718093,0.31658933323273186,0.1052132479048566,0.07043881352097918,0
0.6604852421581654,0.7743663321900607,0.9656684075393756,0.6817540281969546,0
0.7645857862274459,0.05204808275651645,0.9410376135972598,0.686689183482823,0
0.2651127264962317,0.012775819092407612,0.1938384232167678,0.9059049088050506,0
0.0209394816763452,0.7959274444903828,0.1615715611799117,0.37280181816588454,0
0.0821841917068032,0.4773549664053127,0.2404621289914033,0.5848506590325949,0
0.968132993886963,0.1308999973324117,0.5155710400748603,0.011939008070425996,0
0.2955200142196226,0.23564215407726882,0.5697477807779734,0.33193153764286415,0
0.7694376981189918,0.9329620509125406,0.2215137917227636,0.06201158837965039,0
0.6248356116933417,0.8599210734819528,0.7567318675045485,0.5217914715918162,1
0.3820403100283729,0.7101211120460256,0.3095045562686351,0.8174630195104725,1
0.2057361059281624,0.48243660364730045,0.9222987839122964,0.20625781340272945,0
0.121410473405183,0.5205558750333155,0.6567965486335083,0.5273613692372151,0
0.6151821731389638,0.9757260522580911,0.4363473059794955,0.20382296005913045,0
0.7748499219039019,0.9662467696504091,0.7900328230491738,0.12047548445642317,0
0.6440819540632892,0.21533414384625899,0.818045324613486,0.5109117262557843,0
0.5304464293055016,0.8114961448689086,0.2904262654611287,0.07892202349683988,0
0.0419519209245823,0.19729788690176087,0.3396765693672918,0.5872945905983401,0
0.9687619215168062,0.2136016271537439,0.9361274881187356,0.031095193831675094,0
0.7989374137151715,0.6764106348744982,0.1646413463971114,0.10649740887440047,0
0.2928965022317286,0.40517015791569155,0.0420074842424895,0.5499252017023667,0
0.9802468494075498,0.9320019791506435,0.4540576789708197,0.5913487005978265,0
0.6020469334820711,0.08900565077119989,0.8013347066391248,0.028743892897490093,0
0.5825822801949171,0.5117530689071139,0.7717824925824459,0.5733121664330354,0
0.7482815106064256,0.9189719667674368,0.919697169965481,0.8385247947472375,1
0.8119968491215538,0.9045562021945334,0.5332309372563557,0.7223003683810131,0
0.6566600053160874,0.15656212573132955,0.0999421666408437,0.13097556064634577,1
0.1281217744758999,0.3667857386878171,0.5887388193272045,0.5924162850327152,0
0.3383553346704356,0.6194077838735478,0.7785123735839434,0.6722202835403948,0
0.9283449032023864,0.15942936729519994,0.0932032391953185,0.036990866492663296,0
0.224670021418075,0.9684997316176956,0.1725605014290039,0.8553754588508289,0
0.3722648205957542,0.9151976981219736,0.0121371961583918,0.9063118756359432,0
0.4321922960711751,0.16698880138576574,0.5937041752246941,0.8504784591369201,0
0.4395225576358909,0.1211689909785161,0.8868893649519336,0.8246491913812883,0
0.613108177919941,0.08540242542313246,0.6707420753778024,0.7449568124256395,0
0.9433415090453314,0.9098891262593856,0.9822286772808936,0.6333870919205421,0
0.2407518488443463,0.19367704762383486,0.0628980858147159,0.678596877603008,1
0.1215254653498956,0.41646017070375707,0.9031617958238698,0.8064070400938659,0
0.1975169174678289,0.4490444521768508,0.8141976292544086,0.6624630450863086,0
0.8871740604441793,0.5992864088264499,0.3141945610632675,0.32758182705810995,0
0.6459890737970834,0.07172179433946457,0.9737121385918356,0.3758317805566266,0
0.2859792213558746,0.2268300110257268,0.287881510741947,0.8970989283020525,0
0.8161752282825108,0.9319479293633748,0.8894606034540828,0.016875160075763396,0
0.861611642232331,0.9088550031670264,0.8809014387347673,0.6987970720014076,0
0.8467516162841123,0.7816658898112168,0.7577670610272733,0.9548379292485962,0
0.9191851038878266,0.01935902040610842,0.5635114236131002,0.7062070884414267,0
0.2523035529411113,0.3271330918220168,0.1198872773460877,0.9939851907807512,1
0.7552523090693297,0.6282499614753526,0.5320015739097528,0.6875177008515098,0
0.4606632797733189,0.27528814287548203,0.3567643063297865,0.03412175395661359,0
0.8422345026265284,0.9100322356485612,0.7923386675434756,0.8270283845285759,0
0.7286932501446816,0.6341839376311157,0.7582388172626082,0.28447065790400095,0
0.7766641210704909,0.07189326181045447,0.9107759027824828,0.44595087701502417,0
0.6563431425202032,0.9094508110207186,0.0146775931795346,0.31194166213252544,0
0.1774693038516451,0.9582385983696565,0.8092308073871806,0.26838958356964887,0
0.545175544745697,0.07770214404587607,0.9386352717604254,0.43129455320333226,1
0.9849476414249354,0.5325990790100357,0.7894210547447003,0.37862304133017477,0
0.9376520653205064,0.3034776509401136,0.1300825824686882,0.6332936118545164,1
0.0431747927671612,0.39300147178405564,0.0811499737796452,0.8131651618940073,0
0.1648516410046666,0.17969679967954386,0.0206947922225779,0.29693348231788974,0
0.1317558698482767,0.5783359933979538,0.628809199653162,0.21353865950222925,0
0.7261817446825282,0.9584514099858873,0.6297369528111574,0.6668612985848366,0
0.8180141597458334,0.503295396633066,0.987104022957169,0.6702872159705634,0
0.2135625107047261,0.08290715750775317,0.3980257735906392,0.901174034333375,0
0.5059897997014013,0.6202881994526029,0.3318655562620165,0.015698375184635197,0
0.8409385968012865,0.34035655944026577,0.6244873771329438,0.853067696196844,0
0.7330053853509197,0.8563413270459524,0.8257420849555288,0.52092038638367,0
0.5423850110312163,0.4348634688069545,0.9369465727227252,0.62125317440371,0
0.5905096427855977,0.19289241707772498,0.8032496477836375,0.09114884895470908,0
0.508498391095064,0.19115748071089037,0.4266666788982789,0.43250417871236446,0
0.2976243066419151,0.7691325594084162,0.6349803850998939,0.22712436497159244,1
0.5651764982174434,0.265680267779323,0.8564435645193882,0.25405581130224913,0
0.6890762291554624,0.7676009340714323,0.4906249383048973,0.504007787076049,0
0.8735680764606754,0.2059472682245184,0.2166052742432711,0.8124696834516362,0
0.6364668159442165,0.32180977678175476,0.1696255051983115,0.7437721559833874,1
0.7613337050623106,0.46568917423392386,0.0,0.5909411132479779,0
0.1601070655074184,0.9436598059975037,0.7183335351268383,0.5393424417636284,0
0.4616815562530189,0.932189099271892,0.1109785953699713,0.4271935491656912,0
0.00932272559384,0.2069323723599005,0.2437673075788353,0.9727762274673898,0
0.2467397617491394,0.35836246693727725,0.2978235996783027,0.5601236117304288,0
0.7266636914840275,0.14942839407236003,0.5604197198008833,0.25379709476927054,1
0.9920899528141404,0.5102116632800189,0.3979398464843697,0.22991366362449164,0
0.0991956245233764,0.4607820651733089,0.6747541660638205,0.6113008553517764,1
0.4016007362483957,0.9012008666591224,0.0555004842460533,0.5227463389788131,0
0.8002945897172078,0.9304621065436364,0.1238251104753516,0.007447788565671098,1
0.2040839927038754,0.38372470600768904,0.4992297876001075,0.8300848764687258,1
0.555236532693844,0.49195452869901635,0.3369258434708655,0.7041005825663025,0
0.7332752159341386,0.8966744745337055,0.2957599032465836,0.6617936570930874,0
0.6161549413166391,0.8070969771606593,0.0668939212858319,0.06855066229999839,0
0.1880683847187386,0.003605458895853103,0.8958773169098819,0.36192197132955234,0
0.3554774305981519,0.32018208087716116,0.6919048074895002,0.9354362810396146,0
0.7840106186433837,0.42195249189505757,0.1215032543430609,0.8626194048256199,0
0.5543778451025084,0.2297892979241036,0.0649111008420817,0.28538398306479823,0
0.005219513123293,0.19962811274909606,0.9750585949469368,0.15685782056887218,0
0.7612028895925385,0.037752354257859735,0.6812550166829894,0.4489826017960482,1
0.0353100999937459,0.6436693954582241,0.4174455179907781,0.35569445951961615,0
0.7459414260134205,0.2626012737834042,0.7018207584889566,0.6821974289609539,0
0.2025284609738211,0.05232300552450125,0.7564407632512768,0.9664990073994172,0
0.958343561445369,0.2310530168284492,0.7800795141939858,0.36286788104580686,0
0.3680373053337277,0.8023004955198327,0.4778880646188952,0.061992028464742284,0
0.3270161117193777,0.85190288844701,0.4298765882227755,0.8976556506697909,0
0.1489201923756281,0.48327807932668193,0.0108741739294089,0.037709630467199495,0
0.3056824395939112,0.416245795168066,0.9267261346105472,0.9528256146868076,0
0.876896900974213,0.9783366401310093,0.6033628798303639,0.6645446967406988,0
0.9966156694783443,0.20062170056690146,0.2030677944064365,0.9417452957564898,0
0.3684061929772452,0.2154244303592875,0.9197699861491132,0.19947258489411754,0
0.4487309057955354,0.2919742460696367,0.915096820737766,0.04046059677378289,0
0.7222716234749949,0.17279912258055247,0.9893752739491646,0.48811744456082007,0
0.886444726303849,0.37952061088560224,0.8742070643601849,0.4505185624207777,0
0.5932070794560559,0.9112804511538134,0.9979785309153612,0.3313483776570709,1
0.3916291873137614,0.6156321567814876,0.2446146947952883,0.957717794735661,0
0.4127315332611749,0.4121194136115033,0.8423888673100279,0.8226007844388393,0
0.695811053381003,0.9348699372159324,0.823160811085387,0.661546307752092,0
0.0032075717514172,0.04843793195810874,0.2308640173977778,0.16265912877657906,0
0.6197598882317923,0.2103385401837656,0.098314470148793,0.7343115344958006,0
0.3555859042408413,0.5661458206949638,0.9796081793787864,0.7269981849214112,0
0.7944192251643365,0.6158370515540966,0.295971166507357,0.4249549461189366,0
0.0930063453496932,0.03952632571759904,0.8710411753951561,0.924836457225397,0
0.5883635884179205,0.4032067419956332,0.0039708102059989,0.16678006950191776,0
0.4811026807816534,0.6494568046200243,0.020874422972362,0.2671726410676126,1
0.6425027622058272,0.6984001894119218,0.4658778328491522,0.06299252285276659,0
0.0648610263702101,0.6384367072899121,0.2386410843093571,0.7954591180944325,0
0.5801426922709514,0.320686017028699,0.6899268073566915,0.6217106211992304,0
0.5616380531514406,0.09351851088328458,0.5656060139216876,0.31479098542380785,1
0.5608133171674862,0.4272936213795879,0.0773553283955976,0.16361481384192586,0
0.603653482705774,0.1287721308479962,0.1625278591330001,0.03990839063071059,0
0.6766552130315848,0.9480900409863101,0.3880283444470009,0.16654767976153767,0
0.8052140668355396,0.4753783739833061,0.1855117308961098,0.4531806663671903,0
0.2698884221699589,0.3173801566124211,0.7923439835064556,0.24700544033382205,0
0.8252803760565728,0.7666711018203569,0.4160591936317317,0.25881451773554764,0
0.4983905551279259,0.49816858130880926,0.0933070223619907,0.8756107864879106,0
0.0770692997835623,0.31015104733867127,0.4843559418143357,0.515053964894484,0
0.0585565078456926,0.8123597939207599,0.0907124217235662,0.7292384373187467,0
0.334324962597902,0.8675744401266393,0.1288249845885616,0.03547011552843869,0
0.7851161362490336,0.6733240766844407,0.2395365481434481,0.36503049527350734,0
0.7078773886627596,0.04693730008808214,0.8596730817799809,0.479073850748315,0
0.7888352170764369,0.5665803337152392,0.9247808658990664,0.18622541331553277,0
0.5174095201489827,0.7636602938682306,0.8263913707184543,0.11997839519553127,0
0.4403167993733973,0.1365249512965905,0.3340372545241408,0.8703364703081846,1
0.1474842466367482,0.22874319273933638,0.2723847395109402,0.9394869745258424,0
0.3282776198253864,0.8829258011703968,0.5491915914113008,0.07857998853240548,0
0.4341353504839844,0.020079891416767016,0.7219499758372763,0.3488805609727799,0
0.0886148442740699,0.7530867292193351,0.9935653751747964,0.9583471546871638,0
0.220665185017842,0.4739800346924529,0.1314593199154856,0.08293645091702859,1
0.5983895627834237,0.4469641060894979,0.0491515853165793,0.6435997794762077,0
0.735867796262376,0.007047565071562006,0.6944430053294042,0.9722874647408217,1
0.9986294352135808,0.8197943539382581,0.8323615299711022,0.9782917295183942,0
0.9333760731900158,0.35996920624102235,0.8464895078648951,0.4711252300686436,0
0.6427425063113207,0.5410090810794483,0.6785450597886324,0.16254990913775746,1
0.4213602822263466,0.6776189487632435,0.9541945089488876,0.20189800785822204,0
0.6363527931548946,0.7029617175090201,0.5110272073868742,0.8896404114377473,0
0.7858709991183963,0.9564510200750921,0.9139793232735798,0.9117292575599982,1
0.1183593492562262,0.5315782383349767,0.9679957081301892,0.6078263300996204,0
0.4100137831950369,0.39988571634565895,0.8472984702420732,0.7661749650883084,0
0.8400375895642925,0.9541733403985528,0.3097100225721121,0.7399212156343742,0
0.3839341790330361,0.642409215292418,0.1961270610811141,0.661785962883255,0
0.5720287908956372,0.2982608680980266,0.5481556003119508,0.8272955452828434,0
0.5879305550365992,0.1264806840019235,0.4530167397058093,0.6853787175734194,1
0.1845188598134056,0.8429633126211574,0.8779101491232737,0.5339247797817571,0
0.3623303180495646,0.3623271997236118,0.0999091545013683,0.23678148426059514,0
0.3345980129100444,0.6607787614786039,0.2576731724085377,0.7438794050949257,1
0.0261927734428632,0.4710215413628531,0.7519063224439861,0.4733404927845089,0
0.0241872392523764,0.19898592496226017,0.0948623489056288,0.29463576034088973,0
0.8319299642750067,0.6019634392748708,0.3207197553718757,0.801956564401733,0
0.2731394676966766,0.06066346358917055,0.3871341531503205,0.6966894005787031,1
0.5182194680396607,0.4135160897422704,0.6226556006260324,0.9373942249080912,1
0.2988017750422084,0.5468615944967765,0.1580306228091217,0.16524332381139456,0
0.9409442117029152,0.436233044639771,0.8607502466910262,0.6491495094790146,1
0.2593613663587253,0.7490295447791249,0.4475422945000815,0.24406697668943175,0
0.4297715142493332,0.8283257496269271,0.917187367975913,0.903626583871905,0
0.8729752368124553,0.7716128109985287,0.4678771427442711,0.09927948647163268,1
0.8421694974192493,0.03878135899527994,0.2749794722467555,0.6561243164270598,0
0.1861445024023275,0.19418228496111936,0.1417210550165819,0.7910924508039,0
0.8028676872052769,0.5368486806525401,0.0035886154806377,0.35478162214589215,0
0.4583099774568651,0.9352814084254684,0.5321873899168992,0.9541982466294717,0
0.483099249895275,0.8353614231304362,0.1070366935345603,0.8507569616058105,0
0.1335075837460497,0.8429433085528063,0.3917081355157279,0.29446231919416715,0
0.0806135762870842,0.3033214769589326,0.5893218117916774,0.007291026967521798,1
0.7281417178275833,0.429630351719473,0.275625337941257,0.29650186383855864,1
0.4965954975420068,0.47091100878113723,0.1751282981037789,0.28115012853816707,0
0.4369675194738461,0.15740495723139963,0.7748370859320062,0.8900037428516817,0
0.7297111008443524,0.031032297753548627,0.9469673288043908,0.9671856005167394,0
0.7657263582810562,0.9473688869953909,0.1003180454713188,0.07021053439260498,0
0.1589432561070777,0.24079162518833752,0.1554874047349415,0.4711967511304952,0
0.6103929467297068,0.24002752479864511,0.960193477321333,0.5482591689063825,0
0.1353822446858756,0.08337188438376766,0.0376397490264253,0.09268957450730099,0
0.7515843881246672,0.9289636600912877,0.9778193715172064,0.37736889113273236,0
0.6571366943799418,0.5800019186479922,0.0044883210909461,0.31693379918056036,0
0.9568842734349992,0.6673494956181291,0.8738190200479394,0.535979501545023,0
0.0689666551403283,0.9120235183583736,0.307275781986938,0.6611550579241722,0
0.0570598597961082,0.3457566912029669,0.9387621215403428,0.7034631299833379,0
0.282258413035634,0.6217950022946029,0.3168992828854655,0.13654730579674587,0
0.2617709995681761,0.03876785851900254,0.6543793113919136,0.8129615961573526,0
0.2470397844946433,0.18682201198681817,0.0799029990208382,0.6785118745561659,0
0.9065094246080042,0.8316484197894213,0.2422574869732159,0.8891137605146641,0
0.2496079402109772,0.7671356414389796,0.7737944421652614,0.4492307853747097,0
0.2720180542001361,0.35078196578674553,0.5287145340803718,0.8939301844838381,0
0.7596099237118178,0.3769642404920444,0.9281385792843722,0.8658053296374142,0
0.449860449333811,0.5337939320483005,0.4287448393841444,0.4383004772272924,0
0.7769273088930265,0.00018828086244670016,0.8699613700014126,0.3810156920810401,1
0.0653737401697287,0.24132366692872081,0.4489559949834714,0.9328651929175066,0
0.4877029247863388,0.2082930507039375,0.9794358836516251,0.7151465818471734,0
0.0336118460155549,0.2505673398198153,0.9600151385851774,0.928297027728066,1
0.0626599883222179,0.8062945725223905,0.3290950000212405,0.7969834382220905,0
0.9066923512047496,0.27977424440463694,0.8860783574612299,0.6092445901787072,0
0.139274677751128,0.19157340784707447,0.8477525475624788,0.11563820878865207,0
0.5325656012864695,0.5044869096713795,0.2105969093132955,0.2913236637780409,0
0.4112048462260938,0.8660664996939368,0.6243528032810275,0.9689073934673745,0
0.347433823660742,0.24142909246313962,0.0725501522276701,0.31927424729734794,0
0.9000863016235705,0.07852641985106247,0.8368480489992578,0.09303289544440288,0
0.0218181757231149,0.3565471674182804,0.1744496499495227,0.7075327087126368,1
0.6639732339676131,0.7480086350049182,0.0706818792697348,0.7339922762231201,0
0.963666080154959,0.550939432703895,0.4002024625268348,0.28529873755362833,0
0.5603212615677702,0.8171880652454079,0.5769678331358676,0.29751699965337036,0
0.9370862945416698,0.9600650880564094,0.8550607087674891,0.4687941209378606,0
0.0522616074295622,0.7930439502065469,0.97442836481801,0.021543553535669998,0
0.4189048261969739,0.6040810691911279,0.4394897322666509,0.7893291619348322,0
0.2602226516396894,0.4935590524293291,0.0603104438965331,0.3169401711493686,0
0.7310242231800564,0.04003818581689614,0.7492220104615441,0.853790372851171,0
0.9815740006772832,0.9848084696580237,0.5652148066377976,0.8026409344785564,0
0.2565938563959046,0.3836383903057484,0.4478915270178163,0.6613662605068246,0
0.654355321970557,0.15225876955442544,0.3092201653818236,0.32472880274565574,1
0.1981442447776894,0.6670213141648521,0.5024179360529359,0.5162332394575159,0
0.5654848505737489,0.2843912053733402,0.338641264939433,0.4447225065003882,0
0.4640572668889542,0.5860463848139373,0.7571210844000191,0.33874041248591663,0
0.9722795075887296,0.5870365639864531,0.5439277410777308,0.8481617160487291,1
0.6086945706914165,0.4459211970169314,0.8769992599047143,0.4834129995556973,1
0.3495975055278187,0.8365239002390997,0.5435778358577963,0.832743473099879,0
0.1141176963382486,0.2650593910121774,0.2381886541871622,0.10500042069311827,0
0.1512796643719727,0.44882555826812837,0.8512342832405224,0.14081847013526066,0
0.2253715457465805,0.537933894283118,0.5572577896962088,0.9773880699861406,0
0.2510288193854988,0.6639354896233082,0.2067561958920336,0.58770855769351,0
0.8508545415369075,0.7843485620422859,0.6235699364147749,0.5096842056507906,0
0.5613761764927945,0.3949707566345969,0.3576851403037366,0.523074982484698,0
0.5235331752003758,0.6463480814332107,0.8445456548871135,0.21508678792275934,0
0.1147909812393514,0.15064062254854443,0.4533018284945953,0.7186869567354397,0
0.8603809774503025,0.9331062773413982,0.726539791782713,0.08455587208148048,0
0.7230152070656662,0.38321584274893744,0.0954121054089469,0.5732590741399965,0
0.0676766214637138,0.7298682980926345,0.3960062336982233,0.570703320287227,0
0.7080315964827697,0.020299371641410616,0.9834304499078712,0.9142354984776135,0
0.543686405441827,0.2052467167146414,0.8085876532648513,0.52610272141646,1
0.0817377387371833,0.4872965791370362,0.1598394172384019,0.13685507899254906,0
0.458423765696987,0.8786808391353834,0.2777042235317921,0.5726884333274233,0
0.4848271728827468,0.5274911968329827,0.3297743428581015,0.09110503840507889,0
0.1658116476434672,0.9303271371321695,0.6504371603490853,0.20360808845040324,0
0.9459645893854568,0.48400913106732135,0.7571039701078064,0.030866242331521392,1
0.8502136667839479,0.49066497620903116,0.7496331852239919,0.5132092695196574,0
0.6692074237712574,0.11975954635372162,0.5098961013201944,0.08430778236424559,0
0.4624198598666511,0.8030431935650231,0.8109487341440342,0.4692956782844644,0
0.4118749822040524,0.24704787814889623,0.4370744508249515,0.9329982568668238,1
0.6511532463605857,0.9000525647278222,0.1237664608265873,0.7197447668206389,0
0.5455806143305144,0.9112704390114333,0.5644831340796088,0.07718450751411418,0
0.0622797789818526,0.9437741307867132,0.952479484712498,0.22403075639017944,0
0.5126417109255007,0.5204626869117344,0.7931155597131578,0.6736306654397332,0
0.8066291003529412,0.6774119338421519,0.5787469695527605,0.8947425489388935,0
0.4593632779456896,0.7788896020686751,0.6468760045376172,0.032676838109312094,0
0.0519602171006629,0.13103355056802451,0.9307324591360882,0.8124648631898668,0
0.7864977646671191,0.6012336259789747,0.4283360813494852,0.5617454691998675,0
0.2014113545583149,0.03426383852442073,0.3313532296605714,0.5460177613258645,0
0.2586852436269587,0.497785862524219,0.977428462132366,0.9578745544591424,1
0.1647431468144138,0.15487466982214584,0.8635898911115305,0.7476371046993981,1
0.3303005257439683,0.18297030037711987,0.3229997298888065,0.8501449445621747,0
0.7569623887092098,0.36519473399056623,0.4637863840679301,0.35385904906539456,0
0.5195269456528228,0.4326212592895921,0.4150667371456649,0.5542931881165751,1
0.2049298808842214,0.6234610280664367,0.1489904681986686,0.6153548301986875,0
0.8780765640735511,0.07441634466661647,0.9579993702387456,0.3214367974568512,0
0.8798288559793427,0.503914896860286,0.4042972420288535,0.5701824780063889,1
0.8708227786340919,0.18267234149476258,0.8754800327083245,0.23648040250944344,0
0.2388547907313905,0.5742368215581953,0.189265218102598,0.14317012306970636,0
0.451360391989606,0.6377010141418739,0.5479062580491671,0.37384028520364815,0
0.9852676521121142,0.5569614424386464,0.0238120366809297,0.7392793826281587,0
0.7722278467870505,0.7386471942448194,0.7643322431527437,0.9162348774698458,0
0.027163771572395,0.33574028118410326,0.58096100077519,0.45761152319900866,1
0.0652121263576019,0.7654729661909181,0.6256524442214868,0.6427818268890232,0
0.464056156686594,0.43295135505401067,0.0515813255749151,0.10281836262382098,0
0.9094759219844548,0.48439694518857074,0.2109549684461598,0.9045076457828416,0
0.5388485639128914,0.6484043907091893,0.0741992904783117,0.568538027861575,0
0.4979472505843076,0.01831558736434412,0.2888584228339823,0.7803414545773186,0
0.1054930761009092,0.6542997133664997,0.6275025207716851,0.7944490299054116,0
0.6569615913635565,0.6188712390670595,0.566227891945573,0.25631204679299424,1
0.8223332601382108,0.30996403766604197,0.6122079418276059,0.5290953449596901,0
0.3805202310383861,0.08578843890970947,0.5492872057126021,0.9605419971947766,0
0.7758282797909631,0.09093242095931059,0.2729672994888688,0.08941138397254018,0
0.9647486180666552,0.9236767598293552,0.2444359409877563,0.6830212201813138,0
0.2038147380521726,0.6896041471942176,0.1369502276696437,0.9623269084552661,0
0.523471877001442,0.1271194021549285,0.8492125630524328,0.30042308047354005,0
0.2872107522239134,0.35686577535909014,0.6165390058905658,0.8614777108380777,1
0.7930759180405557,0.5927547815522513,0.1864189993479996,0.933711000465467,0
0.5777515678255225,0.835976690112071,0.1771140857485136,0.7470785184891585,0
0.6347573770060904,0.043631996286024745,0.8731857426288343,0.23115158947015516,0
0.7981371464287436,0.23670993570974572,0.7428350431514872,0.3338576453342729,0
0.3960752687750257,0.8901836610718882,0.6594738661054791,0.035568493149255795,0
0.9153475105507396,0.009117716452444708,0.4068498183879541,0.8314731933693154,0
0.5331739650929106,0.20145660099527177,0.2619101693425349,0.849637096632115,0
0.1579896309440182,0.9594968052072989,0.979638439483736,0.6326651340714159,0
0.6960921076721308,0.6136850963923394,0.7973629809860725,0.35239084976188073,0
0.7934829691022988,0.2617618902600826,0.3017278679385029,0.07658366407581359,0
0.3168431819994584,0.06697494543673345,0.8477059531961331,0.753051876046386,0
0.8574196705895047,0.028153931655895123,0.759041842527509,0.726511764466816,0
0.9063980661176284,0.2448263287155978,0.2970275373415703,0.912649076327231,0
0.2769742723864939,0.8819159626660155,0.4265455097998369,0.7305189047122268,0
0.983799036970196,0.4160886930219054,0.1858612355672093,0.8287139973790434,0
0.1407412658026697,0.720675210805388,0.1109338151125527,0.7459465561361592,0
0.2020634325106234,0.9187353421198096,0.7228591687256696,0.6306413493696987,1
0.1842673719900623,0.40821118631130776,0.267448415205834,0.42685378880732017,0
0.894240947635322,0.19132932316446646,0.8201908208159878,0.9021604268589534,0
0.6544733075046453,0.5173484231788197,0.9958020871947042,0.6509293798847627,1
0.1521373709920091,0.9085284041005054,0.0764890394208777,0.39823333973153596,1
0.4404412563718178,0.8047623049999169,0.4730441760922872,0.08324411376537919,1
0.615467313990323,0.06581305811129036,0.8021876664603198,0.29054759284102144,0
0.0834769892524251,0.6928994306658536,0.7890713788819141,0.5436523959005035,1
0.8826642029179039,0.5721580305620787,0.7601074279696931,0.27547316815438744,0
0.8038281952034441,0.9079075533861152,0.3489602342574827,0.22105531726308755,0
0.5053436903949695,0.12249567310834582,0.4538555407723024,0.527313822189556,0
0.9673993586406078,0.5342758756296226,0.5950204172268698,0.16962346474356407,1
0.417872182840554,0.8798917280427697,0.974126316367112,0.8004198485144349,0
0.984388056440501,0.4101955981880451,0.3275050047706216,0.4842743585257115,0
0.6681047611054388,0.4822061648459752,0.9233117032555428,0.5737983116687518,0
0.6348462588375618,0.07044642982191457,0.2692941268311983,0.14717903302859386,0
0.1659920558090259,0.27824318984463603,0.9892655363632556,0.3244301734365134,1
0.8821754491404308,0.3246316025862417,0.6703423052441622,0.4099715467880597,0
0.4276037521924942,0.9455874607044139,0.4635171721413087,0.808225172945993,0
0.1622694719995143,0.2827693886518346,0.613448985870491,0.7701593941136974,0
0.0125995890140912,0.46106840655949577,0.2724694973279611,0.22279801508887295,0
0.5599086404496006,0.6716194004158643,0.274112765216195,0.6161284878495683,0
0.527543064701695,0.16221938284804704,0.1134367971305039,0.24328360972056845,0
0.71955350862038,0.4866560711893401,0.1139327258570972,0.9883185016751378,0
0.8905081933593222,0.738890856681041,0.3476365737011946,0.9521833852522198,0
0.0794182958065828,0.8672773394491936,0.7629667557353415,0.5631967848733335,0
0.7316999471765078,0.626549569596985,0.608027813897408,0.6988790895224768,0
0.1874554140111349,0.6693672588119567,0.1024629442326201,0.8014405017922189,0
0.8584177601477888,0.1262998121307515,0.852379329728187,0.7209821792567483,1
0.8192927195978768,0.9462418675834385,0.6014219440566748,0.6998055122324569,0
0.5409411360813107,0.1325938638876947,0.96103669417203,0.9586156224496821,0
0.7104400058558704,0.7750445534970847,0.670264058237855,0.596399048639894,0
0.3144309090003651,0.2649085686391086,0.1750788520071253,0.6362586732671073,0
0.4712948066912665,0.9340518383245627,0.4737926772382437,0.849294548330919,1
0.8218668601448298,0.7203011761735885,0.6485685385239606,0.6698578773349771,0
0.459388604967114,0.7541738997467762,0.0281168704929513,0.7329202924854378,0
0.3578918369803017,0.2191263478723925,0.0147577231564994,0.23399289424986824,0
0.4943461312099751,0.44322987888323107,0.1292908440295548,0.37113606406374927,0
0.8284811592206507,0.6180988616015798,0.2515954031183298,0.14709708429446647,0
0.3352949764194022,0.7703426595897624,0.4295428359373971,0.5056786621597166,0
0.1738010491921528,0.1039634832534358,0.4874546058923243,0.4556242212859521,0
0.7122117483873774,0.9628397764243379,0.1379184944822711,0.9972370822380062,1
0.8262094516970327,0.8906555997822688,0.6734713008176314,0.6111564300744617,0
0.100655432587017,0.270443868692727,0.5961905341656859,0.7864500314853274,1
0.23993300906044,0.8231582081758927,0.294410163417524,0.33387160183786985,0
0.1420020981510348,0.5185550761698177,0.0135069013966813,0.8315653206502021,0
0.3480320848498039,0.4620066666780293,0.0775175034814026,0.6150340141503898,0
0.4504717654920797,0.31455354010654296,0.3916751357596624,0.696968223174107,0
0.7490348896045973,0.5812340651090789,0.1538708615217672,0.29427473600127596,0
0.6513274152902601,0.7302361952939955,0.3767947195554271,0.5485656624879381,0
0.6210995120481682,0.4111052145488413,0.6282463798849491,0.6339922323129199,0
0.3524669235489916,0.6295111097925009,0.5472726518814071,0.589035205550531,0
0.8416833408008868,0.6996432449072845,0.2310996243895715,0.9152411152365324,0
0.4714141102272592,0.7114586113017178,0.3437859657649653,0.8983145226846538,0
0.9793812035973396,0.05194171641625985,0.6140899822711532,0.971049746139841,1
0.6343169682883298,0.8601660376936432,0.8610008727556249,0.667394208317451,0
0.1262902312710711,0.45845155296845647,0.7533213155913714,0.9719801232059138,0
0.676364752496451,0.2625070133759444,0.5534374245371225,0.8324982950075175,0
0.3251879734107744,0.24184412339170813,0.3622629878288705,0.27066836429151836,0
0.6865173715859384,0.48322591841207124,0.3650222399677219,0.4273232179655835,0
0.0696499878197913,0.8872646116653548,0.8795697023541464,0.23821803451504284,0
0.1749212225201657,0.37850203655484405,0.0390996180051743,0.003945999158463399,0
0.8559772484800157,0.7500836936028141,0.9881733301974336,0.18785784608237993,0
0.2272347205204542,0.09681892570260338,0.6644519523270844,0.0038093798545112993,0
0.8372756172581782,0.47626469549438916,0.6812201530229203,0.7198218404032342,0
0.2793465708274306,0.9921766663354905,0.0378534398664029,0.4254212229893275,0
0.6430593099629038,0.770807098519543,0.6055850598743717,0.3124246315374363,0
0.6943430488572604,0.2105909889728707,0.4847912531236176,0.7617179964874032,1
0.5127938600261951,0.5016633763042857,0.1056584175209778,0.8325070724709933,0
0.3053888144859595,0.233699919491378,0.2778622405407631,0.9753666412470814,1
0.2126952658285724,0.4097324850908407,0.8904706919971872,0.641971457789503,0
0.0331874756461612,0.7804586049863775,0.5500246102098103,0.461427680519511,0
0.3040241378676083,0.771594542251109,0.4134045972405005,0.30511181018448513,0
0.6533432135068745,0.2281725067282167,0.0725499924223171,0.22213853345099374,1
0.9385690868408634,0.9226757828267206,0.7142156155675963,0.21274319654714854,0
0.871449019941952,0.5928400170936371,0.7029409361043335,0.4090709431840564,0
0.7662783981036865,0.38007960977202904,0.6141023951718623,0.9918588611925174,0
0.7886675463686014,0.5021577541269351,0.5102848282997456,0.0006014399952177999,1
0.6651688027191663,0.6053499386652735,0.4337796085119905,0.19701799128338554,0
0.260351756195406,0.5601444608709572,0.5933225542061322,0.18820218815503176,0
0.9074501513302068,0.48661869911730493,0.2333199758774995,0.7171019734814084,0
0.67091790116243,0.5051566197259043,0.9414332693886108,0.3523477119629552,0
0.560593789198991,0.17645571721468487,0.5888444114032296,0.4571581277477071,0
0.1110104672581706,0.813125375095387,0.311144409433318,0.14842030257538408,0
0.4471753613772956,0.5420043147469245,0.4496806639089641,0.404877233365882,0
0.4604820004119577,0.1310988293713634,0.8058111736766591,0.10298109687079668,0
0.8648061944668334,0.7665240517541443,0.1615152665069672,0.5329654476190919,0
0.5467973227767998,0.9329020433301228,0.2927811126325892,0.09771792598746958,0
0.3805007667794912,0.9477731081383807,0.6795899018598135,0.7905149212343663,0
0.9770759164272408,0.36916707511100133,0.3154426871357998,0.566534875544029,0
0.1107415123086131,0.1355382724316883,0.7926234166522477,0.7239526061793754,0
0.4226610396167728,0.5186308212438822,0.1303417011410417,0.4184010119054999,0
0.0420253942626818,0.11261807626755979,0.76279738857464,0.3813637840748533,0
0.7401100498492139,0.9344463291738022,0.0682180239780692,0.09798853831355978,0
0.9183348725121584,0.18362736160136717,0.0124392541759945,0.5237747556484512,0
0.2801080357648614,0.25285150391450023,0.8983825443383466,0.5144182480120424,0
0.8585824321969832,0.4068064823252703,0.5813864694816644,0.4680029206595885,0
0.2922925184447001,0.38332156278328744,0.3517931949455786,0.740508521263983,0
0.9110263335280652,0.7950454619551566,0.2325188786457062,0.832524703660168,0
0.7541719663406995,0.4565139976769709,0.6169455739662197,0.750783197798245,0
0.8051318198187547,0.17080897442359003,0.5090239210193701,0.14366035542198777,0
0.0180002122139173,0.2673034538751653,0.9917897364536046,0.6220108427468235,0
0.9630818312687736,0.5093394915203233,0.9834049911124368,0.08009689315643999,0
0.7268730299787973,0.14748185704859043,0.6350907548458551,0.6945974022696461,1
0.3048290686316477,0.6119379687240368,0.4428689173048283,0.3817117013810847,1
0.8296269084484056,0.5660044447216045,0.4911564065237499,0.13228984358727489,0
0.2815923409578372,0.7150410725578247,0.6825619933208813,0.8620808440129665,0
0.8729988328303016,0.9381655628313464,0.1014525718792498,0.6139570338531118,0
0.1126018562636767,0.9127015635192456,0.3283100915167907,0.35458868651766456,1
0.7038812566738089,0.946541152305376,0.0751409911724252,0.03048471279497649,0
0.5408458297242799,0.24479682994774712,0.0732288354587851,0.537233817170036,0
0.0965512177779091,0.13158454029940012,0.1957505190361672,0.923275914720731,0
0.2419533184564527,0.30238947329580795,0.4852666152392828,0.5963227500374441,0
0.0123960454816911,0.8955227674362093,0.7848933303217009,0.9717165113331819,0
0.4688941675275421,0.9725332430964749,0.4855093373958823,0.13624330085338948,0
0.3013422090031354,0.8597429513812384,0.3354371412678461,0.5682388208579879,1
0.5985217918877055,0.1100251480618769,0.0822242380615776,0.7981340843161914,0
0.2973135716876081,0.9478942733157725,0.5503318258513588,0.5254604320055407,0
0.2999956639177481,0.4235371451248144,0.2712064694267226,0.09084366439386408,0
0.7434000949603816,0.00926253633974291,0.6149932802429205,0.5828244964811046,0
0.0481453541020159,0.44258328889952236,0.9773746172786132,0.6116858565561489,0
0.903148851399917,0.046041556813523045,0.1111957845825415,0.7286955347958028,0
0.8525028426239605,0.5441230762797109,0.2120424203955195,0.7612084536173525,1
0.6679894116199139,0.33868667793679147,0.4731036100644061,0.770772760193844,0
0.5933843674925077,0.4736414903726067,0.9687976692564462,0.663409290380099,0
0.8925532396459833,0.6134534837735922,0.7719242125122037,0.21562937807609855,1
0.1853730373037507,0.8692242884616997,0.8983882206704905,0.4041157008292926,1
0.0789807447312249,0.662211401152916,0.3336747577655643,0.7761318003674131,0
0.2395689591974008,0.4342338441627728,0.9922305901474218,0.9534869175954106,0
0.7948002846042352,0.8198239928735135,0.1027112875317186,0.07872030129396149,0
0.0346688232693421,0.9060254839215256,0.0528337906861153,0.5354596546989261,0
0.5829665700375669,0.11977273150606751,0.8557466191140364,0.31237215859229633,1
0.9957185843339398,0.5321715875912969,0.9274341393184642,0.22521522656335413,0
0.8559360713072666,0.28461499857781486,0.0904595090311204,0.5057239181717473,0
0.5215873808810418,0.047034128584250844,0.1133096351954918,0.6060354400374867,0
0.063647984586339,0.668860160903305,0.0330280588859608,0.009522896893319798,0
0.831606339851832,0.8631906658667788,0.1043866248349658,0.7802097359987034,0
0.5991429983779298,0.16293905903903574,0.2093358841479755,0.8198982981275954,1
0.1149551546903697,0.8128059534874436,0.9702609887876292,0.9655747190606073,0
0.0938732451850665,0.8538104850082896,0.6679379928946574,0.18045039927572176,1
0.9098826551233584,0.914788588016874,0.7786698402720944,0.5944948808355217,0
0.6693854016988806,0.2653775928019321,0.7762553671007595,0.4265126563282705,0
0.8295190111886773,0.9043955189087676,0.5351046833502338,0.33468504914340136,0
0.8792257240125216,0.3207856019406104,0.7976124716468078,0.5655662921063216,0
0.5719288423357473,0.5525878041741792,0.5958598882732318,0.7823869703432506,0
0.5175868675957306,0.05048228988106644,0.3144992455990234,0.022807801421197697,0
0.4305423384239952,0.04385227657544724,0.5611502260093317,0.9694652817147894,0
0.3170281470956624,0.7207150762033752,0.5335389676334827,0.809894475044737,0
0.4347121147152818,0.4446706692563018,0.823585705867039,0.7511473458002721,0
0.7740955752474187,0.25637995164187033,0.9819156967144806,0.7603840505351315,0
0.6020887871642505,0.19046497480264177,0.4110297501153681,0.3889356812142003,0
0.8927740963845485,0.6702677274843897,0.763502145058844,0.7516143460016894,0
0.4434987511683191,0.00034890816814310034,0.0996403927068172,0.3866444295210807,0
0.6072564539627976,0.8062798911457347,0.7769475769310219,0.8987488300580008,0
0.6314815495807325,0.07924017406656957,0.3713901197363896,0.17702792806127007,0
0.591859511442524,0.19154168333152036,0.0392462565591387,0.29219069947896953,0
0.7028287429000339,0.3863951727464781,0.3632165042848996,0.5512656980977787,0
0.2374916470129272,0.48507155602408275,0.6107003395546187,0.31906311529773346,0
0.5125027988661666,0.3551367749991681,0.1191344299563326,0.4241237454738824,0
0.1042438117170326,0.32083503926219,0.9242026221073304,0.4923315363359393,1
0.3846127542197636,0.9643913217269605,0.0775420100419808,0.8563814685773248,0
0.4877988279260468,0.6418783708000882,0.9301769560630504,0.5231111848101622,0
0.652404406547991,0.023392939279413622,0.7072291426675221,0.3623261021760639,1
0.950798916077155,0.430358761989662,0.3296706728618588,0.24756481862613125,1
0.6008160485613653,0.8754352937655508,0.3907303748347814,0.408557378998624,0
0.7438009302354646,0.3015685096197587,0.7409128663605244,0.5156525919745412,0
0.5064032877943423,0.09455529984399208,0.6015254544456212,0.7461068479514278,1
0.6342788501636645,0.7587474630118167,0.671722026361806,0.12083591086818227,0
0.070941435426995,0.6062930336375235,0.3891440843124343,0.22142928010490603,0
0.2544547459774623,0.5705721474409989,0.4878277455093283,0.3795259045611395,0
0.3619478571736539,0.05355306032439255,0.9900588346447634,0.36026398307376734,0
0.4726206525125511,0.1405231385647011,0.2138405261862033,0.39162393994867106,1
0.0456505302439595,0.6228376583669123,0.4178457745498107,0.7935287921289954,0
0.1400536331697299,0.2078848600141427,0.2917683206353914,0.32400810248720285,0
0.2768840662828721,0.5042934226660871,0.7652235840374786,0.5018101327903609,0
0.971806729879813,0.5451273911481915,0.7641243116594225,0.623858971820811,0
0.3314328008207667,0.2836096785556442,0.2923908135500994,0.23200210599954005,0
0.4821711631002443,0.9488919771772455,0.0812612247988937,0.718678391574822,1
0.1961437366840437,0.8428728684609633,0.0112789090424954,0.5470380900556644,0
0.6109480315013688,0.7227164671401469,0.4274435054343399,0.44667505164159776,0
0.2807541116517632,0.07798374627942467,0.4103245303694152,0.8097968841038486,0
0.2070418059965445,0.1061353160265358,0.9885807080586488,0.24332252388310885,0
0.5167128873701572,0.4929985032643133,0.4698099863295226,0.8832128810909655,0
0.0054957799526041,0.16074855415061165,0.2563510144789589,0.5609800734634504,0
0.0076546480654509,0.9787486357828569,0.8913859995528597,0.6091219900997744,0
0.2191215876503385,0.15855423729744453,0.4910833612868757,0.8750932144182144,0
0.0367205221641014,0.48768208139281777,0.5992291791072901,0.8175981011093231,0
0.1080458807011609,0.3642677164701714,0.0955446549379317,0.6015066845573014,0
0.3389486524272484,0.639683909241955,0.382893671230299,0.7531820126159904,0
0.8028100400433349,0.1290542568720783,0.944398925376376,0.4332089669813451,0
0.5722052148996108,0.43049935858366817,0.5895555171346345,0.5473046111368072,0
0.5128068366521866,0.2748026980615006,0.344465569277169,0.061837942038036484,0
0.293563484806063,0.8881851009622855,0.625730068753775,0.08963483035897529,0
0.9320160614882363,0.040555094681860034,0.910574413942946,0.8294446987193421,0
0.3971201445029666,0.9141753034994196,0.273929443538023,0.05943867494576509,0
0.0871067380651072,0.833397711229586,0.505137085453363,0.16920210643180006,0
0.6172363250594152,0.2976809106560039,0.9588710076769827,0.7958409439640016,0
0.1138602292415105,0.7896702805849702,0.1722991514777518,0.0008937889676797997,1
0.3453130167680813,0.031177807534411326,0.7197599687033787,0.28224434540899895,0
0.5075495039603367,0.9673424761091587,0.614539950684545,0.5839775305263518,0
0.8744679498131361,0.5268306277198591,0.6797570692071702,0.5953925440431641,0
0.4936800685030219,0.3033943491722407,0.3511857143284089,0.7771550712343251,0
0.7024536255761423,0.36272902958112524,0.3138322863092853,0.5058395270208592,0
0.9930971365370542,0.06638888355207856,0.684293208099497,0.5093162811404666,1
0.1315161458220695,0.9898387596600741,0.2154615123514744,0.7252957479969663,0
0.2748006715733159,0.039260618794677335,0.4196449672828422,0.4985353427421878,0
0.3946804616906774,0.6552131153070132,0.1880832197016957,0.6084379731808723,0
0.4219405780557206,0.4429256633547828,0.008149970228402,0.8978157630396972,0
0.411130296976326,0.9493833088960056,0.9702417231226192,0.4013300399426346,0
0.9078662454965843,0.24608167686083712,0.4316974507912974,0.3849987526680931,0
0.7142309660956573,0.5323255182746913,0.969533727864942,0.003297617764992499,1
0.608072329170622,0.48256765366059223,0.1402152151369335,0.6133747655682122,0
0.3094520500867173,0.7031987149098045,0.5874161580777297,0.029529127475429195,0
0.8240209798838561,0.06799464141677986,0.2008871211013314,0.5040611796212124,0
0.955329706853854,0.19384245843684686,0.7901950054952138,0.8042448273904268,0
0.8214281160107143,0.2146295322817535,0.7838216200343595,0.54984876169081,0
0.0015539272308386,0.7385023592911899,0.1124890681566697,0.26947199720528914,0
0.6365768644984103,0.18918947659417387,0.9122283604234838,0.7861735391537406,0
0.0511387795174964,0.5737531455384378,0.1945404976910794,0.26955286256488037,1
0.2576713310214026,0.2153089047395051,0.6130357536903972,0.7330194839116685,0
0.0595305652848411,0.8620442106499783,0.9858234773056936,0.6102059210361009,0
0.6039613595626401,0.9426488571604779,0.8825499777025243,0.16979947326108888,0
0.6867801656437751,0.5187242207020764,0.9567435321775904,0.9051779816952834,0
0.1145096647398275,0.35244907150792615,0.342561814087901,0.20045690369239705,1
0.3839401118890027,0.2341331681233882,0.1054550811498771,0.989658859263779,1
0.4563590261700077,0.049755422512199644,0.1882555076870389,0.007060347329434499,1
0.3691499028533614,0.26859434152471473,0.500513631827495,0.26331719264731723,0
0.1210489494568586,0.654541404250495,0.7933516698465013,0.19967326126646803,1
0.4190593427321957,0.5338564640487831,0.1500488068817915,0.013745459072456096,1
0.7513872919653631,0.9445056978268331,0.6598064357250593,0.7323553855360904,0
0.0710169060119211,0.39644154170469414,0.3235339376716197,0.6934005247986038,0
0.0801919526707652,0.6941906800528972,0.3411646226115934,0.7923581082951994,0
0.3548639734156221,0.48953800977943684,0.6619934047484719,0.25653013834227695,0
0.941990985917786,0.51280421967112,0.4670063415986831,0.4442282540546282,0
0.6687576009344811,0.26786818225949394,0.8121619171007097,0.6590769989841992,0
0.6788578799769989,0.455147205461714,0.1558157057718503,0.43966009420429136,0
0.3620147744774892,0.4709901017921844,0.7900691039060135,0.6973017711731339,0
0.5938237177457077,0.7069768616624355,0.0641001052049432,0.6339286465072848,0
0.0101225249046705,0.9411025550443561,0.1939645276461732,0.11443283989487707,0
0.6362714509447284,0.32944886901421305,0.6562233545714591,0.7810465590408534,0
0.9135438595160252,0.04217073591374113,0.8550694097867719,0.7206600127537061,1
0.6127419561151349,0.49651420823090703,0.2526109538958607,0.6557967902929678,1
0.8739438645334265,0.5447068069403982,0.3271492142091361,0.15489189865034297,1
0.7241743000519536,0.16847999011366635,0.5371524038849245,0.2678317433914623,0
0.1205822281772828,0.7608284373169558,0.2114896332498901,0.3930533522460622,0
0.9027070336163668,0.9854159319544404,0.8112845763114791,0.27976882717133694,0
0.0664517438526649,0.9462400863700945,0.7737517256299,0.22763241486039504,0
0.5341128463894599,0.19716118469518057,0.1451851597395546,0.8053690768551942,1
0.1421672807408153,0.8757900281881151,0.463835535854578,0.6381888801974288,0
0.0116984148587575,0.7048267988707664,0.7749432674169299,0.5654049193488887,0
0.4221467202423883,0.45404238738712127,0.3372907153814424,0.22577422624353394,0
0.2951158255804724,0.540854359372267,0.633172334986277,0.9181249108918218,1
0.486131763049545,0.850012846725721,0.0500730326530742,0.19099315924809523,0
0.5773579729771959,0.48034516760011803,0.6087456599413983,0.7949589288656969,0
0.0437402955151156,0.3733590074631502,0.1525490242762899,0.966736941974338,0
0.1230278258088111,0.49346490584475905,0.8307184922458148,0.7270784857546972,0
0.5587950259018748,0.5793942749749746,0.3554170392083478,0.9929316325587866,0
0.3432566226384076,0.18912840059829436,0.2814953735439189,0.651011952008151,1
0.7293762613114825,0.9013485153332884,0.8410277789018963,0.21727907574791894,0
0.6524718154100663,0.6745035051242937,0.050003909894599,0.20363375527615485,0
0.8458413730072901,0.6335630531166899,0.3965908928813064,0.32441811811296495,1
0.6926848145596641,0.09949788799549539,0.3699762497870296,0.0068798197496716985,0
0.4300458595474932,0.6044521317276234,0.284743030190441,0.6816693493243031,1
0.6731528686453534,0.1209740852183741,0.91191813016124,0.26850329924419714,1
0.2754505113370667,0.07868794070849817,0.751035464377054,0.8151978591670951,0
0.3063919314451761,0.527546973069843,0.0637879112597374,0.35903782679084245,0
0.789205521179962,0.40295337938419823,0.7147817372149916,0.47986125479152797,0
0.4465391469499246,0.589080045384566,0.527327324399586,0.9657528694200286,1
0.7986034644107213,0.08921820033248379,0.9010278526446456,0.24199895410713884,1
0.8226525670701986,0.4311663586626059,0.3128982008149208,0.72123794043602,0
0.8578028638961029,0.17482963132679616,0.5742067205763064,0.7551127306298531,0
0.9168931323381554,0.9875880989965937,0.5007741033342441,0.22081804913321895,0
0.4311003126392214,0.5614048316863198,0.4895757862892935,0.5009084935979555,1
0.3189489422654522,0.687760677356543,0.4561084789914815,0.35006416152358083,0
0.582358302741043,0.32554373361680905,0.2055442059325685,0.7719066868890727,0
0.3712699277357016,0.09473796988586348,0.7558186799166506,0.622434791391054,0
0.601239273224986,0.9763527229458645,0.4513374299395423,0.47588651395373277,0
0.705781700514101,0.28636303150645337,0.9586965672600698,0.7793661524639334,1
0.6885958043711331,0.4239875496058611,0.2607426205785756,0.23498010149804094,0
0.3746513853364398,0.6501671505035752,0.682826860103205,0.7536163316471017,0
0.1668976284154477,0.02465797437844672,0.9408910936786724,0.8654053883423334,0
0.4306442965369693,0.8106502458350782,0.6635345410119768,0.8786570146563675,0
0.1426244354151261,0.5368193453522836,0.8714224269742274,0.7836778930812967,0
0.8903471281783712,0.2783167767634833,0.8276150326071203,0.40789535030578566,0
0.3459675271050668,0.06158888672711525,0.3600869377251712,0.9818772583732658,0
0.154493527612322,0.16253459853845623,0.6001778183268129,0.3794655127288716,1
0.0254436045897726,0.8954714254065247,0.1561586568450863,0.6385821617895788,0
0.6460006508315638,0.6863472663150697,0.5355569757451164,0.16087443049170178,1
0.6370779590722435,0.24998579623202682,0.2303454471432786,0.9805176888592566,0
0.3406926823473862,0.06558385417255685,0.7438413491645619,0.7039641054848645,0
0.0717213374020031,0.6909408703943993,0.5280868809829116,0.7533719162318612,0
0.4097377072382868,0.5726685136304198,0.4112146125086653,0.06554572351242849,0
0.3112973697402054,0.4046883199139518,0.2687341073545681,0.7634154757540428,0
0.6773081074660391,0.3637578295856899,0.9988929473602326,0.7747247960000712,0
0.6059457393971543,0.2168802206787569,0.0715780147466844,0.671740352589758,0
0.3646892980440413,0.6699253056397426,0.0434182452869436,0.29175274556834785,0
0.2179449869281938,0.9711470371288691,0.2171762323518109,0.48959799351399497,0
0.9883148578879176,0.17575867089511388,0.97125717976283,0.11021802729223767,0
0.4541234812465103,0.5973909466027157,0.9794257697034396,0.471489084832937,0
0.6884649832028505,0.4243646266797047,0.6550009438178606,0.24365122498990524,0
0.1405826587078974,0.4468806232762605,0.8802593024494527,0.34895886057753495,0
0.4857208481181828,0.2542336810227843,0.2138794002342834,0.16240116102507976,1
0.0275331788077944,0.8255341419547583,0.9722271573261524,0.22987722739383223,0
0.5055921077539131,0.48546863791204276,0.1426774136809641,0.07634119881768478,1
0.9642892362429902,0.543650748652666,0.101003057326487,0.9199503131123554,0
0.384308049989448,0.30487504678925187,0.1120933188232342,0.5303319849106941,1
0.0389958410942875,0.18185522942762686,0.5731722794948979,0.3966194602768215,0
0.0309532552283619,0.08590460583037007,0.7810920695507235,0.5349520233564476,0
0.3880892084654183,0.714457577556902,0.3666387102687025,0.6282466049544321,0
0.1600603532844458,0.19628894989113657,0.9780831157492004,0.921928388116863,0
0.0233473247867167,0.6904006163333276,0.4344155686627715,0.17849897899808606,1
0.7564243388048113,0.39053749198254845,0.1503438174920077,0.29539682431420455,0
0.4586461984368764,0.415949763631143,0.4659733060027875,0.9758565994651793,0
0.2893181856162087,0.46938172006254364,0.6791188784626314,0.37106210236530474,0
0.9003362124169227,0.3678571334545596,0.8323615269705158,0.022316507771927795,0
0.1161614724422671,0.10062225478255288,0.458772308698407,0.14743934335326597,0
0.9561882767106408,0.3097486129410092,0.5936584056886929,0.026094796635081394,0
0.3140474004572346,0.6640451896257537,0.2672812110545592,0.9899950376851864,0
0.8886532673734331,0.6660963536944818,0.6459865569744352,0.27870970750922275,0
0.6031085323943864,0.28632828433442037,0.9861619205035624,0.9235928970228934,0
0.8269388131345982,0.4603018780679968,0.0489130747816517,0.9959601253518722,0
0.984290872046,0.19350036908456505,0.8866855718536613,0.5997852728964455,0
0.2884786046578478,0.2104344963609128,0.5623230335409133,0.032954657432214096,0
0.961406467109831,0.02300686088773492,0.2520297807969243,0.08136583359381638,0
0.389584783062275,0.897185054908136,0.9550687230872512,0.4814943514837366,1
0.3856136255294741,0.21076926323678719,0.4833669938976257,0.40605259248057357,0
0.340475556193877,0.2276056953552878,0.3316494468376234,0.6061234340920035,1
0.5415551689453544,0.2797017808195703,0.1814038467697472,0.438739098283776,0
0.1541787310294193,0.12742502745140621,0.2443806343988654,0.934130441749245,1
0.5538626648853695,0.639560303277993,0.8329850078972214,0.5346624311227497,0
0.5418524614003,0.07513127092591887,0.61446892675567,0.6937008825669617,0
0.7621142100624191,0.13422310496262221,0.913409943662188,0.896526545043671,0
0.8338834567883482,0.6450571569684188,0.2318924729687239,0.14666747366345628,0
0.4405592229935343,0.33979387732478217,0.1210235022115,0.22955740898410734,1
0.3024105116344399,0.7082828818399551,0.0059318779803518,0.10710129532994478,0
0.2593995160245779,0.557677322598559,0.5078833729408672,0.13943162639647189,0
0.1946694272603584,0.2561086007323079,0.9985012577910196,0.512499421428525,0
0.0576528951734296,0.6511317075176516,0.6950526000961617,0.32103198343358,1
0.3425370367699437,0.11628453510055349,0.308345570172122,0.42305899086230486,0
0.270315519722752,0.5366514464560086,0.8770100725893215,0.9825592909022204,0
0.9666899207004254,0.4373347789169268,0.7818401986112704,0.15650316807171477,0
0.557861181187129,0.2679675048655723,0.0152628031696622,0.5407367766309031,0
0.347367516940786,0.6042830987257674,0.8169908072845686,0.09865102136611767,1
0.5806266481008829,0.8717581726334548,0.3004749602649212,0.31834815843469744,0
0.1392259936679837,0.9993991810237245,0.1495684579102558,0.5274462751715676,0
0.4441626811611705,0.6080429287525698,0.2262528720222079,0.9466894531225738,0
0.626406826136648,0.40487477189293164,0.4685872838815541,0.3911039032485365,1
0.4890299530005695,0.2252776437072843,0.4248599883105868,0.06467543118411688,0
0.40188530469359,0.2571841060526545,0.2888313968750253,0.3880361248363159,1
0.994128989762772,0.4796648335352515,0.1721212676644228,0.14553640313423877,0
0.8805619786865685,0.3674260905525871,0.7623418471380887,0.22981245171607684,0
0.6235776312007242,0.9142623798041319,0.9903012198069164,0.6180406558866854,0
0.569533147227654,0.36844441459974175,0.7779081265926564,0.06719342613791679,0
0.6208313455637072,0.3735963594862615,0.2958835517652858,0.4646235252766277,1
0.2013596650500499,0.38369180941897724,0.2447375113893244,0.6094087906946877,0
0.395242294514552,0.8370257699042253,0.2175848520033625,0.4217441129126644,0
0.0394594977074545,0.6510920561606662,0.1365854900154417,0.018880081770129797,1
0.4756742326277613,0.6144525204590453,0.5513672174400668,0.9855898088925338,0
0.5431726210240219,0.33427325592942686,0.6054561114691666,0.36698354680971346,0
0.2278050672601145,0.8182994811562246,0.7055937087402455,0.7785798167241456,0
0.9643006796547238,0.03833202646796163,0.6802954988507324,0.3255006807223935,0
0.9097103959864588,0.8712214587067607,0.2922786242780972,0.4749198993969418,1
0.7223439419870197,0.5129779987087058,0.3302697140667021,0.3883384185267691,0
0.5335318318111596,0.39841559514155056,0.6815971223124109,0.3423989543863624,0
0.8702133340825541,0.49738684133432226,0.3494130994196638,0.021606001440854096,0
0.1306791236952966,0.6677283765158887,0.2125403868761068,0.35988639209950984,0
0.7907306038495959,0.012719565293025412,0.374310391128887,0.8895289702016516,0
0.1248458790895273,0.8719765563464711,0.2720223281936924,0.6903670674481657,0
0.7944325603566903,0.4469314546801572,0.0881860710883728,0.14521798203214117,0
0.2758370189513512,0.34310158796889145,0.8302739126490479,0.5910962095986173,0
0.8773368494921141,0.1382684596571427,0.8532545024956306,0.8922707380299635,0
0.9443080492516008,0.4396533179486117,0.2196700113324112,0.7000109294152419,0
0.148828084372095,0.49654186916279963,0.064637246068834,0.14848058421210716,0
0.4628000156825996,0.40381501169310524,0.7389302399039863,0.8678643786172291,0
0.9812641972724576,0.6789791011245457,0.2114454370404033,0.3013903025971019,0
0.48353794274186,0.42107429778637456,0.3934164636786761,0.4539724237434883,1
0.8637898086804493,0.9618915185150545,0.064000074113899,0.5260626578748218,0
0.588892999227229,0.5995530284473022,0.2261915954374203,0.8505328079590341,0
0.3754286347172902,0.8078675270493088,0.7930241544207348,0.9316602783315674,1
0.2858559514059691,0.1093629674090391,0.8045223772847834,0.9297050203778799,0
0.2032712102343349,0.39745612778400413,0.2070000686258168,0.007704250913657199,0
0.7620105583656411,0.3369794169872454,0.3358745300371382,0.9219380835094497,1
0.3866425300738711,0.5697415728975491,0.134127968096827,0.054152253286896684,0
0.5114141635042766,0.8615325003958433,0.0740409925937513,0.26560822292673303,0
0.4924586091020851,0.07832828631497087,0.9923638778145332,0.5149040970603689,0
0.5774371387474624,0.07256170860506567,0.6556673952816396,0.47983044023690896,1
0.865820028596886,0.8507307730640469,0.5421299198708596,0.6046554412425696,1
0.9810160897591524,0.2129138586605219,0.7656107105038927,0.47935082283359437,1
0.4076924196811365,0.6690668334206947,0.8402156755301249,0.9344293700553622,0
0.8277506141376295,0.5431227396578273,0.8068415161437059,0.24037514727041875,0
0.7647409642767949,0.8332971124721923,0.0163874829455963,0.2738619643017348,0
0.5736859582673791,0.12510459483710532,0.1867159897533881,0.9207871565415424,0
0.956316629097911,0.1298012227715973,0.6549785032510016,0.07651212674354059,1
0.2005218264637577,0.5570706059461004,0.3757340872319972,0.609508059111812,0
0.1092847010455396,0.9468443536392535,0.982671396854137,0.6817068435912381,0
0.8542014345087673,0.4151722952416147,0.6654816972022743,0.5054548699341279,0
0.4392673095420824,0.32706838814646866,0.9567285070477568,0.6942068657017259,0
0.8472062654502317,0.6069688950261828,0.201359736600331,0.17255872653274018,0
0.893341178325358,0.9309055721558712,0.8641039669796058,0.8526591329952694,0
0.0624643209672716,0.8373335609390179,0.3213078545294223,0.13981904356502448,0
0.8837129057748585,0.9959762174515997,0.9897560520834148,0.40069126736644967,0
0.4484392444732242,0.02252809349265742,0.1575864925623875,0.07502972863186959,1
0.5105709424332527,0.1128671280211116,0.5163641444870137,0.5451372263592638,0
0.6267651211337182,0.6097488576059075,0.7929663895602985,0.6697127693608239,0
0.9266433694210532,0.8209732078899198,0.4326372841245671,0.941277569169665,1
0.0191100773007984,0.285347782441858,0.4680913648327873,0.7393259650394088,0
0.4769720449655733,0.23928930483250102,0.9865459074529284,0.5410277176072892,0
0.6879126274818748,0.7873541568935163,0.4253003668213893,0.9326701312099732,0
0.7229078299906884,0.056359891695554346,0.6041273716006188,0.4783411013247726,0
0.6927244310732754,0.3695321902330451,0.054401097948407,0.5611370426230541,0
0.1344630216001431,0.506033518451217,0.8423493483866622,0.5960413528116602,0
0.2994719868415619,0.560602854408859,0.6482388737163447,0.4098615533765898,0
0.3588093667902844,0.7289615363324804,0.4040048105604441,0.8385049534888797,0
0.8046621125809913,0.35498730075822615,0.0160174431340323,0.18498409025864207,0
0.2788302029953266,0.6129672013987527,0.5917197166504238,0.5547714943661293,0
0.2107552830444899,0.585643315938326,0.0125044929959017,0.7222174200981016,0
0.9577179164485624,0.5478633040602978,0.001046238235034,0.9040198993078552,0
0.0088542531673728,0.6407813819469764,0.6161580751823479,0.8839555502298713,0
0.9981026246405992,0.25953847706682454,0.1889259381262249,0.5086544842166623,0
0.6770086785678665,0.08464227991552067,0.1917974330001257,0.6431197004736642,0
0.828701270936913,0.11928416955890431,0.6533441907065836,0.3941144044178002,0
0.2946943903868006,0.2246525838389328,0.0535583280515936,0.4680786639057658,1
0.0143078488679686,0.5004191567482166,0.3133583071748234,0.9063102703932405,0
0.7380748493732916,0.8408504045949118,0.1493268102636094,0.9307564802671382,0
0.8343782372978438,0.7016247509868554,0.5802232121808615,0.8954549793936505,0
0.7406822292344954,0.7894200930979307,0.6618407755008064,0.13816367356378156,0
0.1428806539524336,0.3511150806818074,0.7212324158912367,0.8501100864162062,0
0.7536378279847888,0.4048226106468714,0.2551634430839016,0.948422005810895,1
0.7691372440665842,0.39384474310002854,0.0891234320202585,0.3611155515252342,0
0.6587225199544731,0.19192546299993488,0.0785536104017765,0.5185637307514183,1
0.7663295694063614,0.06119734515548016,0.4261440624584125,0.7790980553931958,0
0.8461585429308522,0.5911870219143461,0.946020231638613,0.5620098130335585,0
0.6137729050670427,0.9897058562557701,0.2176480324619092,0.9935565838317282,1
0.0886191298239183,0.16686826128931564,0.2566743602569588,0.4556101811626015,0
0.4877595574279799,0.04665754437504784,0.1007665878714547,0.7139241580162573,1
0.0776605291194805,0.7799059604266148,0.6056260733383851,0.7925983628508504,1
0.4076512300315805,0.252671552099746,0.6799548817625052,0.494009812545487,0
0.4072145597605427,0.8300455422570047,0.6430001857338539,0.8570121320980036,0
0.0660176160202761,0.7042695243093051,0.8612761848321213,0.5460810479711237,0
0.3489114657412156,0.9461388509721641,0.4864396092703487,0.4115331719601349,0
0.1110190993735137,0.4090984463617925,0.1343466668834452,0.10760647421845257,0
0.8084612317053482,0.6622797015354523,0.2893494108571701,0.3932899745328915,0
0.947955053469392,0.46505663620612697,0.6625058286928223,0.733924454192347,0
0.0723261015896598,0.6308813644952341,0.6131804368579523,0.9213358122833886,0
0.955384418743754,0.4497924021378243,0.531032627505283,0.25150935078915776,0
0.5227186237160034,0.18868274918871916,0.6830475169685641,0.3550994032255582,0
0.2996421264382403,0.5081228560613176,0.6374578737247134,0.15375891528708166,0
0.0768730382320606,0.5288209765566241,0.8814779544052129,0.6906967310903777,0
0.5007598374125917,0.8109951524616583,0.5860652797782535,0.9602505801674466,0
0.7947375319479306,0.7358708691411227,0.7787181905024241,0.6409097451160013,0
0.7072827563895654,0.6641024842499276,0.2486370809336122,0.6170262303740671,0
0.0502291421410298,0.1133963686928148,0.6782639961973942,0.5534187913120224,1
0.0729116338235405,0.7209582873263514,0.9023545444178538,0.08823219350183739,0
0.4029801085020389,0.500526436330238,0.3857105850454161,0.7294903731608655,0
0.295365685423426,0.8945365907089692,0.7792211965006501,0.6019943190472975,0
0.2324410170035507,0.9203221098434654,0.7248871521492717,0.6614410207378479,0
0.281075489517212,0.055133957076678945,0.0593893930201332,0.8988531276814153,0
0.8037073675401161,0.8210383645927858,0.5815556218166265,0.7839651812462592,0
0.9294896530205292,0.037665190350650433,0.1300774699964648,0.780918648211286,0
0.4052101759508719,0.3673179557482558,0.967502569488346,0.9272351022531822,0
0.9063658040005398,0.5425442661244619,0.8115359060435949,0.9900068505976943,1
0.3215785982097202,0.14812909269991895,0.10960470333616,0.5812207014473366,0
0.4765654434663737,0.7466698898623452,0.1216371423800666,0.10866476312238577,0
0.2260838229934111,0.008306426147996107,0.5945257403747419,0.4590278435019155,0
0.6406527346396222,0.16863857426237164,0.3448530249249231,0.787606733720192,0
0.9792573443471468,0.5810622142190175,0.0347603710173274,0.02748187409331679,0
0.6036589137492152,0.7147261457472165,0.5416747580153185,0.056653545133861685,0
0.3579076604198904,0.9170925097576131,0.3878241020584738,0.06692725511206679,0
0.64799629717874,0.7058303639833186,0.1009543443403657,0.7310228071275433,0
0.1229451848571974,0.6720945072926622,0.8020454492596443,0.5010783411957025,0
0.8889087504323259,0.39450436469341843,0.9152417353432298,0.36876630707133995,0
0.5032202433865652,0.0012322734333061012,0.7567030032511823,0.10539912243874897,0
0.4494702342147033,0.1201722425966354,0.8225545985550937,0.7322276937593062,0
0.5860254225923877,0.5347945912489878,0.2164091286429723,0.32087248276018365,0
0.6249559410006604,0.6754469588094564,0.2635081194205213,0.26515848882863585,0
0.0717852735756366,0.4176241635016481,0.2084432929188224,0.6522804521794947,0
0.6828063052127197,0.7310265219310732,0.765175488004509,0.5589415628211222,0
0.2419911816434614,0.5220953872683132,0.9480936325924816,0.36227687924801244,0
0.714150930608041,0.07416398362010937,0.7169322527866768,0.6414451714939038,1
0.8227650208431934,0.19206860795488825,0.8816198798628108,0.27105787194915854,0
0.8041832716932358,0.8404056337197464,0.6387665796848907,0.7948382180971603,1
0.5526517909849765,0.7252570974755324,0.3876388376070991,0.22914156893253074,0
0.5203112090028432,0.8951994045968633,0.4257539913987571,0.15863721483052257,0
0.1429063355404041,0.1175688072438428,0.0751901996871708,0.7824433050753915,0
0.7755625011400888,0.9907122585936393,0.03131049076093,0.7078714944868397,0
0.2714775496307021,0.2094685998201113,0.6955631154745419,0.18244629566368328,1
0.4968298368913931,0.01173347504204251,0.4384257365426052,0.11603131326672478,0
0.2843460449532963,0.9979166084022477,0.5522520477939636,0.8384213240104176,0
0.1338560767733214,0.2811750404313546,0.5577001483644395,0.7766004634967058,0
0.6297311788389254,0.6683326294059931,0.2773158504473159,0.32711209017690923,0
0.0543363728675387,0.17672626912740266,0.4759025697089356,0.6581605853335609,1
0.7488537335145804,0.5804936051732043,0.4707684702614045,0.12394834096183477,0
0.317668542817327,0.9044774850611538,0.3884064289291942,0.5069612990999252,0
0.0001230944341398,0.32030375075297207,0.820807055755516,0.018483893404553198,0
0.511267797514794,0.6705683773165726,0.4511653402089379,0.39147768534796257,1
0.0468540470567494,0.18795369230437248,0.6036996446908489,0.07461481285718559,0
0.2762391267250857,0.6250848915410577,0.8956781923312889,0.4750503653046453,1
0.7071727342363093,0.3365818496349225,0.8663813647349627,0.42156730947236487,0
0.0626964171974148,0.211271131591624,0.8905784775679422,0.4442781299504371,0
0.839573659907234,0.3133007989510841,0.2699424337090121,0.04509362147499879,0
0.0038094077223079,0.17888620632090566,0.0348370272813056,0.36148231839643274,0
0.2468848090677416,0.9023574454318604,0.2610010844155965,0.7564792381300036,0
0.7411102792632631,0.39735166394693905,0.2786478523992031,0.3687827422889983,0
0.3163515101286528,0.2453608467750225,0.9095232804596592,0.7151538022839311,0
0.1019107111330229,0.4486006845170922,0.6493139366424359,0.36934727752646895,0
0.3603282066540968,0.32065894464842626,0.0815749783978034,0.423125614653533,1
0.2704611567881799,0.7447742930071939,0.135268547182882,0.5638243828004177,0
0.8429480616558825,0.9716992236183701,0.1555732361561084,0.9507409713537454,0
0.3134284187082406,0.4382208157963156,0.6304863133450453,0.10864358679992628,0
0.789152817542337,0.8614523364058718,0.7355156240647531,0.03267201842747099,0
0.8921227597725698,0.5661202751631388,0.8597893280863929,0.6079038954486644,1
0.4339333445046642,0.15726896450104463,0.9408105364412976,0.9491556040649184,0
0.9101990725556912,0.6909483041601108,0.201617903370689,0.9897949622689326,0
0.3774173653710662,0.5136629711570069,0.3097239489479904,0.4840703877485873,0
0.9643502635550744,0.6509101589521858,0.2402498483700412,0.4679824906016295,0
0.0893041417469235,0.8901220496074423,0.358730311355238,0.6449226107387853,0
0.6872096449047657,0.4406230453050139,0.9148299322862314,0.555564320951408,0
0.4939476072659198,0.901618556168068,0.5751576231947624,0.6340433332555114,0
0.3877511545993847,0.7510274779523687,0.7382944757065673,0.8740333285392383,0
0.632886288176366,0.48881979486107463,0.4901343131252815,0.7462982229355386,1
0.704052421163109,0.6034998076848993,0.0287102920197952,0.4967876985861391,0
0.0043529144840801,0.32570667468580905,0.0640603291202666,0.461763290934883,1
0.1669905427771358,0.9840833935040649,0.5379549698511923,0.639558831184175,1
0.7132440821572671,0.667663973763109,0.7188847693310052,0.4556030981054653,0
0.666569724638443,0.043818021944222345,0.2152486797307773,0.4576768443674374,0
0.966319931200038,0.3267480181932714,0.722006409194897,0.016058708573013097,0
0.7612499336443663,0.6236031151054574,0.8107939152001649,0.17386864709428657,0
0.9510406422804794,0.056311289024931946,0.4118849646055622,0.48842120580066467,0
0.7027354439230203,0.02384442248017572,0.7465247132115636,0.8226705341797202,0
0.2981282120913239,0.4502179687139888,0.4040146614995308,0.27856581810297465,0
0.1053842664092783,0.33281961717154057,0.6784321003369342,0.5225621844649213,0
0.7820421188398277,0.43848591230855266,0.7641087298190783,0.34482260369053075,0
0.6443269940303831,0.2627843934633962,0.992118695222743,0.10458580024975847,0
0.0481885432128932,0.16475514606147723,0.3453606918189109,0.9583600138270005,0
0.3601446998107059,0.6894681084488361,0.4110279646394872,0.8547014395901564,0
0.9570695222918536,0.5148002130950045,0.1655206774965378,0.07826561195544308,1
0.5005366494437118,0.20021102732824597,0.2039872398151416,0.7197706247413614,0
0.4328447409403362,0.3197116853474767,0.6934817800040349,0.34744128123998974,0
0.4578225525941375,0.5920793254090541,0.9172112546722886,0.9949233169668465,0
0.2089325073566311,0.07221606954802166,0.3945863384014103,0.30224508918894294,0
0.3688039502605075,0.14748094839102074,0.17975008221633,0.23856415108599424,0
0.3699103606249052,0.07323288222740577,0.2850422608327463,0.5678241287039373,0
0.0523587768950897,0.8127095757976529,0.4550544126181393,0.8351473262147014,1
0.7677816919967836,0.752768650413574,0.2905950487306015,0.19232942976975764,0
0.4166152659842075,0.7536728442510252,0.2335036720423104,0.70938272863034,0
0.822410008915592,0.7166649889686709,0.736086288531375,0.06117417100089709,0
0.8505864059941471,0.6696993490298434,0.0076898881205522,0.9189833729896042,0
0.212044752930407,0.4772004211597091,0.5392629271061011,0.08084895000883009,0
0.6575351374098294,0.6425772357882901,0.7938889880615818,0.9142784647652094,0
0.4724090394629362,0.03832971863637973,0.2661643914220803,0.4907155669537844,1
0.8804039079924331,0.6217520903131076,0.6033465062801184,0.4479854307225682,0
0.2157924790952928,0.778251077864266,0.6689782430662632,0.9733735290989142,0
0.6780008716870624,0.5005796695125864,0.6550979396515899,0.9904562240600886,0
0.6079191923163062,0.35765636743506973,0.4458490962100612,0.6501386748814769,0
0.2953766721769977,0.277525891377363,0.3465424343140171,0.12690841607354708,0
0.1366294326845792,0.6431014095002944,0.8360611239734936,0.5060834380959053,0
0.6518197356090668,0.6931279543662663,0.7585556794913799,0.5290839890129808,1
0.7388030029932001,0.8713919796147865,0.3212106878671008,0.5143624930233838,0
0.3157085151469466,0.34246880419385417,0.102897731650053,0.5694259437174423,0
0.645010577523989,0.7701412384630408,0.0716750735301872,0.018478313310330795,1
0.3952354568517272,0.5616105561028308,0.0941514311573428,0.7112078383379291,0
0.7134049620980698,0.8832673738382483,0.5829171534612669,0.7123752412939105,0
0.1992622155523338,0.528048460356175,0.0515225981419291,0.11525508143965968,0
0.8904651303188198,0.5178606012076199,0.3368879172152645,0.5701737926592301,0
0.2874824704796152,0.5781408659674053,0.753307573921397,0.5682949170775987,0
0.3678824962798993,0.7496730770928195,0.2942941901995297,0.6824215458722616,0
0.0580973957207884,0.9651662128414521,0.7634195146620968,0.08517314272174098,0
0.1115333640774832,0.07355080644291608,0.7455721827118467,0.6264560971190882,0
0.5160019526490911,0.05341102532434765,0.2457560417446629,0.28059142576728563,0
0.2676597236182153,0.9380112003246629,0.7289214535430375,0.5069166159089699,1
0.8357142587781997,0.530113108256804,0.7478825974301486,0.7733244606949708,0
0.0146860710386074,0.615187086983061,0.3974363173110262,0.7056246640281202,0
0.3791938823073382,0.48263508359971435,0.210336904049285,0.11868944913360727,0
0.3374331043448484,0.09365591514053588,0.5212968718224076,0.5911260018527178,0
0.0193216759904971,0.7684573873565756,0.9215647875756474,0.969181607149708,1
0.1243933310915148,0.7475812214609616,0.6396845409073109,0.15656827894289108,0
0.4137526675053091,0.3118212594893788,0.1728256914648014,0.8529340780287417,0
0.4929978720708844,0.30635418925380026,0.682839949825123,0.7025257929430095,0
0.4043969896327298,0.8382476095669674,0.427195912172202,0.7740044436818869,0
0.5310821613491626,0.07234404910323818,0.591579644022616,0.28179819753539725,0
0.5952950339531248,0.8815350828497052,0.7341651574057124,0.28773074343871086,1
0.0099151010301359,0.2567494685297708,0.5149711860053614,0.9060638528634813,0
0.4642199874877081,0.5932568103357984,0.8141132867018186,0.359697424426529,1
0.9637709176471804,0.9364541892418747,0.7222525012913934,0.06278350581518098,0
0.5191732623091588,0.6784412142674295,0.6151324914302094,0.6005410029308421,1
0.6777298591687331,0.4146040381391542,0.1506882039819714,0.12460603893591317,0
0.3119439226553399,0.689859174536261,0.8360861706887306,0.7966047766741898,1
0.7742073305217696,0.34411525970956125,0.9360779022259392,0.64170422806347,0
0.7731371196443602,0.2773574806976146,0.1368556345887981,0.8747606465120358,1
0.5214376954898539,0.9971765419954615,0.4882555439770968,0.7848419312154149,0
0.9762891799255772,0.7511487612697578,0.2588222582356891,0.11189785467962918,0
0.1255754943641105,0.6450203876238808,0.7546316463012417,0.3809430294161851,0
0.0169410101384454,0.3554314637870946,0.7217263724662075,0.7745615632144819,1
0.7703730369915432,0.04913491032863424,0.1407770140300428,0.41722571345886517,0
0.8073812415855263,0.03102103737764583,0.8771788203253195,0.9724316257849396,0
0.1202309376282829,0.554432056148507,0.1808790974500667,0.7357290405849245,0
0.2656492888584941,0.7623974113085017,0.7973824384720984,0.015252459327277597,0
0.0175458864258155,0.5376207846655192,0.4569837477224183,0.8800215564712697,0
0.2933832193874187,0.8411929135586637,0.3282302831237444,0.10058528489925447,0
0.7733575764927357,0.033391992859190325,0.1581372773704146,0.14031724149864677,0
0.518101194745633,0.36690017768835703,0.1675155776356689,0.734480582273054,0
0.3481863117726984,0.23714743500481303,0.6619662197059952,0.8649995027006276,1
0.3718369658917738,0.4474651898191166,0.5504667381854915,0.5362728712335155,1
0.0013423855697363,0.07236319504106258,0.1219706839905541,0.28889192744064196,0
0.2998770451066393,0.9546015900033417,0.1125798115518321,0.3511781464360553,0
0.6466371933019699,0.2233248751516925,0.0721782802884405,0.34274916921287396,0
0.9744692654779958,0.9227602864327655,0.7438718923551946,0.326532630439721,0
0.8472982652714732,0.4260736619017157,0.7119753834877542,0.24273674460208305,0
0.0235902645189806,0.9860112828044523,0.0582938006965463,0.6088141044775042,0
0.8988131863643052,0.5543091168337724,0.5603098965373619,0.9004478757026193,0
0.7834170729770564,0.9312900463390228,0.0845482224054237,0.306930517519214,0
0.7805939533610204,0.005299063726473804,0.9039067439503654,0.18650294649430538,0
0.4581187935218335,0.7485959382499601,0.9072795817856728,0.8385999604213791,0
0.3981106874017236,0.903492612356156,0.6983214736969288,0.7417739020449778,0
0.3029931623930119,0.13974426921028732,0.9263578110371,0.9308895622359084,0
0.0657025382136654,0.09612566679315118,0.8115814498153853,0.16532144499208587,0
0.2282908374483223,0.4247523904735719,0.8286730218246277,0.14404605309696117,0
0.2466645100844511,0.9341376477486801,0.5697510004477522,0.5413543024563638,0
0.4842077733833145,0.542630898136736,0.3060093526718219,0.614382489040156,0
0.7476525528842515,0.5276926209113619,0.2177181380505715,0.4800782742893945,0
0.4739375130102308,0.14115059068464403,0.327157633387749,0.5989104014451226,0
0.0578498203099678,0.0007370878176482007,0.6285593158049991,0.18018634841573347,0
0.9580597988989374,0.8105311408369207,0.1725596358586187,0.4795184031646232,0
0.9429898870314122,0.08756969247721719,0.2585736652485053,0.6580557036977374,0
0.7854087883144057,0.6341442728120669,0.4680681592583013,0.4325957250821453,0
0.9916077612832668,0.9150647511027684,0.2329745008590649,0.6794174772825046,0
0.544630798514619,0.2087133854451057,0.5886934987271886,0.4510866145140687,0
0.963039812095936,0.6655845081568504,0.9233438553318648,0.33345637588298593,0
0.075615633944236,0.07868884271457957,0.7481954351678937,0.30345201186830756,1
0.3657766377438484,0.6040331079196092,0.6665038791347371,0.4107841887594802,0
0.2254359027205818,0.16396868937874404,0.5827692160902203,0.022844652731696998,0
0.1958790302664334,0.7363039610399633,0.4879622203746976,0.6684917003253109,0
0.1408327135286953,0.30134349477649486,0.1864718651190884,0.8451300744761864,0
0.6225850228186622,0.463592062142228,0.8948682417884157,0.3544907809366795,0
0.7815399636279133,0.5997061364990005,0.2484658666097345,0.04579568558434279,0
0.5784568086783628,0.17131440187738015,0.0911832842666484,0.9868464610892413,1
0.146994285488975,0.7419913337594142,0.750121927975691,0.26353214137863046,0
0.8113506410045996,0.30275331268816896,0.1755196780695769,0.12641008263945597,0
0.6361300701384053,0.6626819422795768,0.3718693762703893,0.36962115159448283,0
0.3882682072642942,0.15831692400781713,0.0281371048686054,0.7385465544204894,0
0.6743168839626368,0.6884418486567856,0.136958489586668,0.29376038642724134,1
0.2599697655817139,0.1282054559581392,0.1731069237600948,0.5746390170639286,0
0.3452820733644313,0.4255367090796648,0.0542715193339589,0.4154436507766597,0
0.9177439897482326,0.24728867128799623,0.6567307756080254,0.11755005043370548,1
0.2905782897370333,0.7487324562595867,0.8371452290047117,0.33014272188812327,0
0.4701148290484269,0.26212572738020173,0.3732892837551773,0.7248555339440336,0
0.8903912433587405,0.8821475763127563,0.8747271613258363,0.6119519352198521,1
0.7079178160734724,0.8922560170824133,0.2132640269727304,0.11956509822603567,0
0.0622098787166851,0.19649609686746236,0.3253473966197688,0.16312339896081277,0
0.1473347202544396,0.6141294382160126,0.1506323614907003,0.6406908128470048,0
0.007832258398737,0.08771284960911618,0.6206202818280318,0.813429461819331,1
0.6310956732851445,0.39169878150259263,0.4198598890756742,0.34933649376469844,1
0.4477934246680817,0.7136597292017999,0.613341866878585,0.5952533188032785,0
0.1343026959647374,0.6597317135616741,0.7617857668159331,0.17044697740545897,1
0.9582041614045184,0.624990110323219,0.545737698809944,0.31122584861045965,0
0.5298038311028515,0.28264282246076117,0.6276939354842455,0.020024311700823798,0
0.2419527841534384,0.378179227524359,0.9354224001701396,0.7682752015134596,0
0.5007391344109966,0.1029496968541626,0.2990119967937019,0.4008887075105186,0
0.6798085354956347,0.7193639439744703,0.3591328244493539,0.8161405093665729,0
0.0762499977795748,0.5041120403772434,0.7177987132764727,0.7083526174408192,0
0.2747729529534822,0.7091011355906323,0.6113633394624287,0.8287633370285523,0
0.8071911392218671,0.24902707436022473,0.1784380773069998,0.28549975270748434,1
0.4597883957196382,0.32456314456219926,0.3761221862824158,0.18491685981487538,0
0.5467262237209234,0.3343456104296972,0.4678452309829453,0.9719716729633664,1
0.4329316326729222,0.025703659095427125,0.4193799669529952,0.7173103432576873,1
0.0439012131527585,0.34118188980126196,0.178179890052391,0.834063075567668,0
0.1657868800196203,0.8036918781746756,0.9245983609990488,0.012885140747849896,0
0.445661011152144,0.8977373031818398,0.7624298502198172,0.35432525255777253,0
0.2092353377798714,0.5184494108996867,0.4813678180362899,0.742807600400777,0
0.0499820867119579,0.45569842570765967,0.6801431024888771,0.07775585346754078,0
0.8438860992940735,0.030788652779405026,0.8974413657817308,0.5672733295104183,0
0.9814694085981108,0.8796332305534119,0.1360643741422862,0.4289608524036241,0
0.7933644578230342,0.012964486328876913,0.2503035632765318,0.017369743458903998,0
0.8540243371982267,0.9452148881351299,0.5427348712352966,0.23580037735413234,0
0.242036645009455,0.48943145263774873,0.7991344019194386,0.28463278814974874,0
0.9608978076891672,0.3420689963579371,0.0361098832243484,0.11164406954072487,0
0.1969719718683109,0.9246719927133604,0.9842074375980374,0.6314913492835234,1
0.9516979381306274,0.024351501966731522,0.4549092595113464,0.24222478129898453,0
0.9951001803216288,0.5816906233748759,0.3592000501409274,0.27745794802636103,1
0.711920448171606,0.5491804492236079,0.2926698887945278,0.8982804452275304,0
0.9814205968770516,0.2193877191605386,0.1742604073698785,0.4670236480663369,0
0.5696956133712612,0.4290695788909064,0.7916953164722713,0.3920041238714996,0
0.2596064627179278,0.6525685498404347,0.9555933628122943,0.7238557389842036,0
0.4371127452150597,0.7274767633046524,0.413632857396621,0.9096593719614043,0
0.5937238325535574,0.0006643956220573006,0.9525988369485034,0.024792004293170192,1
0.0730914133309,0.9373139111468296,0.8239303890781997,0.4481332128995733,0
0.6225146251757171,0.16456266610211853,0.4810630059278722,0.6107289932967563,0
0.9814547118760196,0.23365556577542548,0.6741061246671052,0.3184149651845474,0
0.1901519123638979,0.26356495674274805,0.4349798086661849,0.7724083299643708,0
0.7928165390476699,0.03778800373719714,0.558762683604968,0.971542920110677,0
0.908154121344056,0.12306669255988031,0.0579090111835256,0.9434840232200293,0
0.9439674481228156,0.9868375249743657,0.6963512644876957,0.2658171739473729,0
0.9604062920947682,0.315336600505445,0.0526854768286284,0.22615992019177075,0
0.5216013346607979,0.11531141222841519,0.8172153528380548,0.9575517969827294,1
0.9775836451607698,0.1069970297986789,0.8250801084952997,0.45852625882493236,0
0.7575212544400051,0.7198013307401163,0.2370031103801793,0.20811345231698264,0
0.1617073372080276,0.8549840581963516,0.323619144711941,0.7069761340744903,0
0.4770286997700558,0.2570402373781706,0.4813223484541282,0.28426100117913183,0
0.7185307609748248,0.020868113558712716,0.596715564527571,0.2670820240383556,0
0.2474014075449701,0.2231594019083813,0.2872972182907531,0.8792846665627034,0
0.6407919169268954,0.05649380197333545,0.5925375890710143,0.16227986625876448,0
0.6667848533464068,0.103398734693756,0.2977343099011875,0.06416151306189298,0
0.1627359471513217,0.4316917033613036,0.0553524938069145,0.2690221247696483,0
0.5652398364301776,0.2299914958336064,0.0023706411429813,0.6068917928840307,0
0.7718421680809886,0.5161757286361399,0.1010289361881646,0.12287565637615668,0
0.4990307255858627,0.2535797960604144,0.792372346427328,0.4714966931432711,0
0.0120950374957339,0.9409998006890783,0.9616126328468226,0.6272901735448171,0
0.0090294886456747,0.9063875125350024,0.4269590006364652,0.8487626162102372,0
0.3571226895251562,0.567063823336088,0.5127069895841814,0.22969239029144264,1
0.926454775683456,0.3545653382325685,0.146742165848245,0.8173616591778604,0
0.2287323833557156,0.38130287074799474,0.5510679148937143,0.23473071091360945,0
0.6345385840107635,0.4120250964921709,0.1445481251620748,0.6767358041152496,0
0.2221295334619715,0.7279251341022073,0.6112721214423544,0.4305621810706359,0
0.3217529378705298,0.4518336094900532,0.9334300508534028,0.11446629021061927,0
0.8482798164272777,0.8571465249168798,0.1956097668156644,0.7142450147522692,1
0.7290641242757198,0.9445592347951077,0.7646755984347635,0.21758144975913074,0
0.0954156910945868,0.33607737492721707,0.0233529124875957,0.17642877448010758,0
0.4288164417423143,0.5609488509147806,0.3754718882981862,0.35818782633726803,0
0.0291667027766993,0.09505576597604919,0.1106297713589867,0.6532518136303039,0
0.4810199131680492,0.20052603635590865,0.3524419682122115,0.23382063040545384,0
0.662617160859849,0.41363946414565367,0.1734403301983107,0.18346919387351476,0
0.1185258308701703,0.2062628461819342,0.3732788638380597,0.009704350636467598,0
0.2889582467445603,0.8769879350944859,0.4175122765436683,0.4715451338387125,0
0.3979419703530663,0.15832013112387783,0.300539348510668,0.4285335142560074,0
0.9197897726536408,0.4558576392327844,0.6566957561104161,0.23369185306118265,0
0.9935354418058088,0.6059782697849153,0.9190183529603856,0.053417210474660484,0
0.044912866892589,0.6921901503207974,0.4005788738160873,0.42914401955508247,0
0.7612200581067186,0.38322641184247025,0.1922532004608612,0.7882108962705399,0
0.3718217329098769,0.8695224246390757,0.2706604486123538,0.7152640171109531,0
0.392561949561573,0.5685776984579164,0.8541442505605161,0.8608244652725855,1
0.7544751252079646,0.4396957472735984,0.5716835545674144,0.009333291066881398,1
0.9186848553398828,0.06722462182500526,0.4550137257707547,0.9664835090420058,0
0.9511965748898688,0.46489123325720827,0.1495317018753894,0.34127160815439805,0
0.5772806495508579,0.8211326967138176,0.4497281380870106,0.990469846917059,1
0.3572145318537527,0.614824892286142,0.2784324341793223,0.25244971562014873,0
0.7877690248433743,0.832565570694573,0.9433380046748284,0.4714383893427846,0
0.2510635515174096,0.49422950213947153,0.8842241426632,0.35379113384512695,0
0.5642282554451065,0.11847375880254511,0.0837743361182816,0.35562477301503165,0
0.3586722625947934,0.013594463737963013,0.5166779255492742,0.8423056068704351,0
0.6568125165248798,0.3033328361385579,0.2249799289595273,0.7464110301440294,0
0.2404579635143848,0.6983200706302852,0.4107641805787878,0.9922240607841222,0
0.1916376450631632,0.7906400609373783,0.8769994840810966,0.6134632157432165,0
0.9184974547813676,0.29586203275026995,0.5275427871316012,0.4631558925840321,0
0.1018219799329923,0.49587265227359145,0.334175379179868,0.08985084607854378,0
0.5060950454226908,0.4212967953091557,0.2078038812678002,0.9966354903742733,0
0.2209060860852714,0.4106948692171301,0.8004493536261208,0.5514588716199741,0
0.0389297724233999,0.2314226219100359,0.6245804981474095,0.7004545034676559,0
0.0360177713730516,0.13639297196567232,0.4680727585107718,0.406623153692032,0
0.1752616575248078,0.19674347534955328,0.2174032657730222,0.5476426765758846,0
0.8670135883389095,0.05530984996373165,0.3342064709292032,0.9426341104076894,0
0.2825501680842033,0.19818644916809366,0.9600241871153372,0.16622144218275017,0
0.9507270129294922,0.009153083262188609,0.5201155860144695,0.29221586783992376,0
0.581781679631146,0.6275492430289186,0.4006828176046966,0.15185702584910668,0
0.4367309370813249,0.3164959053943542,0.5214481606233647,0.7922230034809697,0
0.5802477704011962,0.9736250778292385,0.7791054742578964,0.06181305759852428,0
0.516838681128964,0.19377033969488186,0.3400711011461652,0.08140586617400819,0
0.7589877321508338,0.3459652068026745,0.17861135479761,0.29833940253636543,0
0.2825674951735255,0.35798437727976695,0.5849846396047909,0.5141041611724262,0
0.353142567152826,0.008403271074205207,0.6652809372570445,0.4061554138157873,0
0.8943455709159154,0.8396149304967436,0.71281159606594,0.04457846131709629,0
0.9467231785315596,0.03195913522411593,0.8821408894575882,0.957552824168995,0
0.892809044189485,0.9406421384462141,0.3711472427937536,0.9529292718525125,0
0.4195596935859059,0.892510296022034,0.0752236755522659,0.27919534086567843,0
0.7805833296739674,0.5357624926377409,0.958528816739495,0.7315128246110941,0
0.4764641606504355,0.5438405753218452,0.4350075667206994,0.5785124935857033,0
0.4976745145222261,0.6540832963844126,0.6233195478445595,0.23730198720922424,0
0.2047286566386179,0.387209235193174,0.6663825453317642,0.2620049373148892,0
0.591292485710998,0.6475240647467079,0.5465486774296195,0.4910616051832264,0
0.1861789924481426,0.04474006308012694,0.2051721289420314,0.4191218029012417,1
0.3316505567967764,0.05402438618229515,0.755251607590445,0.29107223705585866,0
0.8552699832854488,0.4574280973405548,0.8038776773521903,0.807523708915622,0
0.2071250612428075,0.5498706037846337,0.5530128340103317,0.4813681726735757,0
0.0711675709417826,0.8882512528536547,0.4885756880114442,0.6548101418113597,1
0.0690162459745179,0.1046651254943516,0.1138205717341023,0.18908299449585145,1
0.9410495180466902,0.8230458307954133,0.0838234731155935,0.5334299744388292,0
0.5070578586795934,0.210109574183668,0.3395268182924411,0.31782772410876126,0
0.4095208204037006,0.39424672576011355,0.310797998451676,0.5263335973478184,0
0.8111053799817566,0.3167230572308857,0.9538350290401992,0.7808292001620332,0
0.8360600625995208,0.4003216769849066,0.78374134541194,0.7689126726583765,0
0.3322770750174039,0.15052510429051144,0.6599992667156585,0.35408423133094197,0
0.6938103762359983,0.503793143349641,0.5176728761256513,0.6942521187843892,0
0.77133792472615,0.8020289838251651,0.1672687651895188,0.9413459068579682,0
0.6548315473543505,0.441723087451892,0.9786439979146592,0.6256218464543073,0
0.1516280128381644,0.49082954549554847,0.3750151841827076,0.14820622535049657,0
0.8761289969288679,0.8491798008176284,0.1068055175421349,0.6796788563800232,0
0.5392414341849082,0.7063921343330797,0.4938152706214964,0.10468622996303248,0
0.2825438486195012,0.4906702909033904,0.8741484921817104,0.8721436926974068,0
0.4253415847194989,0.25778399336734403,0.88744617111346,0.516577286317553,0
0.0375704999228984,0.8853587753344437,0.0108119837886846,0.3850144231945482,0
0.1278927620112768,0.5772837168102699,0.8864505630356803,0.056772740479096785,0
0.7657602197597775,0.2212159292557498,0.2714221765018223,0.38065599353297846,0
0.0,0.2692143575090624,0.0388283102698281,0.9032501431536621,1
0.4166766806161562,0.8035202996300892,0.8479315068108164,0.020737335920529096,1
0.5226521859346989,0.044116895209173244,0.8640136630115691,0.4745511793824533,0
0.0546388469613362,0.9925829354596702,0.5962835851213057,0.9312107270090824,0
0.9733526563939244,0.1303702483833834,0.574478574118757,0.39471786576414747,0
0.2261801847537279,0.7964518651529484,0.8132492801008127,0.42806347840623077,1
0.3042765304568617,0.3949387730126016,0.7864291033834476,0.57849713236884,0
0.3040202477383637,0.49243303101317215,0.8902616355128288,0.4628365171304812,0
0.23047277747827,0.8810802628813733,0.5527846151195135,0.16840441068955786,0
0.001462617284071,0.4130845831512197,0.9678306056562676,0.018309083141316698,0
0.72954761822236,0.5377354106683652,0.9963403964216866,0.6097589773934727,0
0.96711816051931,0.04927381965467334,0.1164279179561873,0.9208558303557394,0
0.2243477981380393,0.002295904257790502,0.8496856145012188,0.10614645505101167,0
0.6632305212665298,0.24488115210372302,0.4998407572435965,0.21076931862029955,0
0.7421028418450616,0.6809031538993363,0.3875452423464054,0.37009828576878023,1
0.8486632186217908,0.12127848303859522,0.6131307554814285,0.8087547449530458,1
0.422741832068305,0.1137714373463466,0.0558274974843726,0.26909602528078996,0
0.3030083436629569,0.4111329328015309,0.5064819599531134,0.8820909471788312,0
0.3253791482001285,0.6481391568043856,0.871039954523539,0.05472334904215519,0
0.7128192397341583,0.7124093071708077,0.2133790090943179,0.941012468478991,1
0.81700800062251,0.17849559799982298,0.4263824928477788,0.5606783171067833,0
0.1816557327873417,0.07957890080805546,0.9396544657188812,0.6587410457827958,0
0.3710384444086603,0.9408594566740681,0.4285572026876991,0.36755749004520905,0
0.9021937722005952,0.2607563555164225,0.3583362372708052,0.7819980352048522,0
0.8069190880600534,0.8537612221018697,0.4405342361126827,0.16636830245103917,0
0.9851363601389336,0.8639117337539853,0.5194781901801448,0.04867531816838889,0
0.7544584066284042,0.7728930298233807,0.6320564629430407,0.3953940306369967,0
0.3932991810776748,0.16887326100410074,0.8008174249184634,0.8537229627448177,0
0.5907998716375623,0.8221988990443715,0.4521038732128062,0.7549217153802519,0
0.661196985929392,0.7696192044337751,0.8176114806833965,0.5170729233889833,0
0.07846724790924,0.5969971010089209,0.5337511176552283,0.5720727195197417,1
0.5446454291190552,0.3373339448617066,0.3384421006249596,0.12968285949965416,1
0.7095177646017745,0.26259958664284183,0.6580251034851727,0.8407044921703433,0
0.1673588663039225,0.12190314384732931,0.7178176129746632,0.7869650599926843,1
0.7808496223724356,0.5099835259308887,0.5580880131327959,0.6564330050040406,0
0.5839327995024222,0.5855287058924891,0.0564771424221817,0.466091286234613,0
0.9524901463450806,0.35948302987196473,0.1697849968480866,0.9645228181403523,0
0.0424231342183899,0.47556667876425296,0.2852405522576191,0.8790675242195525,0
0.2653925179746087,0.3636607846194571,0.2825674947976395,0.6443891587345772,0
0.6017191267830341,0.6413044325674543,0.6735005322556944,0.37167031270059564,0
0.2966354768511671,0.901700185450509,0.0181973334834637,0.6179722890043259,0
0.7146226008255637,0.16395722419372674,0.7557905245461782,0.5753769814526501,0
0.7592168282608686,0.3815649421364296,0.2652782674638416,0.3941186575168484,0
0.1025344704947022,0.14089293523446603,0.309973398396032,0.30652194226339496,1
0.5139939238604377,0.6252333445285482,0.527938234621935,0.4068916467037795,0
0.509028555617782,0.7292170289455642,0.2158439630381678,0.5738469596779328,0
0.3693777182769425,0.9323705064608524,0.8846254883376474,0.4280226222695744,0
0.9331875489972816,0.2789718747116467,0.0852410907949945,0.26340833356608373,0
0.8277380081988874,0.9506790061447649,0.4443813067691948,0.7609601748697027,0
0.6974027566932773,0.06324447991978135,0.8495640815494099,0.531389139245702,0
0.7145250438113159,0.6032914212713673,0.6159033176265964,0.06744480551867268,0
0.4618402723027511,0.05711116861285955,0.292274827498602,0.36818467861930465,0
0.9212536994322338,0.8942110640942625,0.4207508201245034,0.8849509371238623,0
0.6947880334090275,0.5300465033333173,0.7067858487687246,0.7552315114402667,0
0.7291837788354195,0.6696622558091413,0.9734462363612408,0.32310018601048845,0
0.8619326440183969,0.8319767203995666,0.8932959503503213,0.9382380903015421,0
0.2741405413431351,0.15034012740166433,0.3423957927129422,0.07637547658612359,0
0.8072965832010435,0.038559851816034836,0.9983921682318596,0.9612971969503146,0
0.1952863748708045,0.8793098617921106,0.0033480994943815,0.24553308142239064,0
0.3454318611469452,0.3150529352414362,0.0274817012904478,0.008844623555152899,1
0.3356975016452788,0.1289967244028976,0.8239733039461612,0.4336976733805078,0
0.9788015635794944,0.46866506859183626,0.1993752420539252,0.35883553964368664,0
0.8567774485501444,0.5985810540303588,0.0606329030067271,0.539013146330664,0
0.7013644009446648,0.03093471749301903,0.237073921028319,0.796781453720414,0
0.727258912958592,0.2749934279622385,0.4260926498604434,0.8424543590079807,0
0.562226432555362,0.03276499067312863,0.7306661590676384,0.4011089595098902,0
0.9473575189613184,0.4205128507533521,0.6243979449659349,0.42973408198636787,0
0.496393038553927,0.8955376318764586,0.2375472322419867,0.14797375613398828,0
0.3806179621298935,0.9831379875193509,0.5032901638578977,0.04731065466956009,0
0.1630716389548026,0.6373437597385069,0.9263830038792308,0.6411726016219117,0
0.7864251962118142,0.16167340522709234,0.8151374502327826,0.06420620679125079,0
0.734648255600813,0.9062928827852712,0.3231459816704358,0.7338180840307119,0
0.3844564191425969,0.5164778387575244,0.9824532302230792,0.5390142865196752,0
0.0251891838533575,0.15378070120690263,0.7087125482164254,0.19839552359615284,1
0.8392323949504943,0.9221788619911739,0.0623135828857357,0.5394472268533045,0
0.0114097027116801,0.7578312403873857,0.0350153151262588,0.18280515413594428,0
0.7038950629005628,0.732053345452617,0.1683095504542464,0.4386284598346081,0
0.9705307736228436,0.7095164344725091,0.7279548006582033,0.7995698229396725,0
0.4377783833696123,0.20039673887787945,0.1836459349026071,0.46181814331650817,0
0.2350308602575836,0.2110694542651885,0.511509383066489,0.14849551504471248,0
0.7050666377127465,0.6886172839525899,0.0931352151210092,0.7238133686107253,1
0.8173567786597634,0.2197902885215203,0.9210531770115438,0.18657708959423228,0
0.5465793545926111,0.4388592055076867,0.343924136808944,0.7385393858084067,0
0.9673079917792468,0.7823774576805176,0.908294577053958,0.4792568525251499,0
0.0516722765609315,0.7843292190415887,0.9450511227782172,0.4536379289356979,0
0.5049323942176308,0.4534572756771164,0.0059730088211935,0.8514615457184901,0
0.7186535690262064,0.7925711528087198,0.4641410989783807,0.7085832213109674,0
0.8628824905985267,0.8390284524781481,0.0245069522911052,0.032669045747304296,0
0.1792966834689254,0.6550816714598714,0.90885548457247,0.29601884407146545,0
0.8002270829373376,0.2284981594738166,0.5184325997214998,0.8709535548321977,0
0.5528579599013503,0.27410906578104854,0.0748126470930472,0.018079637443898598,0
0.3966586495940167,0.31496081274152776,0.1101578253966906,0.5451796076891298,0
0.1317421209311565,0.1168152531826037,0.3834864974240446,0.7278116659145032,0
0.8655385591400709,0.2732564388351923,0.9404080365863124,0.6218073522801864,0
0.1573078158610219,0.2095811718313351,0.69299575760202,0.7605289179216269,0
0.3098673135044789,0.45552538553380056,0.867767096674875,0.7256771463276532,1
0.2901191810677909,0.9088824588064516,0.3664281044743518,0.6920049606267006,0
0.8716586334880602,0.1044847095379203,0.0430711418757141,0.8215565710898859,0
0.6728891629405025,0.7206097297269165,0.9745035029944376,0.6456497466729703,0
0.7969040215130099,0.6876067365250751,0.0170212477838447,0.40229784366651167,0
0.250529910177616,0.09575381008177969,0.9478281131167918,0.4718112338332944,0
0.6250462043522041,0.92302506085531,0.3686496653068545,0.716707141272615,0
0.5719024656774525,0.5687308333992039,0.0099361639396633,0.876340688623117,0
0.8330636306417352,0.3638719640355819,0.6892425143632153,0.27205547924855855,0
0.9063418553093108,0.7569002633218946,0.9807283647103802,0.34193636929215465,0
0.012148707974066,0.2574536226565016,0.9658085227737274,0.9307918950399358,1
0.6742064750293941,0.6938369810720955,0.160835977461474,0.5784488537617585,0
0.0518394031514775,0.03968011094574833,0.1811539364465701,0.17876793196320367,1
0.5490084176430629,0.8398151247003537,0.5655805940103136,0.663660117831526,1
0.2877056686693815,0.4483635606646285,0.6373718194369573,0.9908343257778289,0
0.3068551683629095,0.636988926272808,0.7395209244943217,0.8234709018223271,0
0.3530506519853625,0.2213061883809965,0.1809564212086059,0.7457330048182443,0
0.621463500617962,0.6773918507186908,0.9591875521433906,0.20786230121451274,0
0.3341365541857968,0.7726105592627188,0.6388067552568728,0.8761743891560254,0
0.7329028610367515,0.47341962215966443,0.8471878931199868,0.5257086257304997,0
0.4046346978287809,0.6180125438032485,0.5400984096452959,0.8893289363374508,0
0.0683616612489726,0.4565231059364278,0.4142651730958988,0.32968338833051486,0
0.7839786672496152,0.8945284193857342,0.977369783036636,0.061818851710438785,0
0.2858307130537018,0.49808912572803216,0.5821688992542917,0.4758794254305357,0
0.4328824956183148,0.8422171115373053,0.8670215504049708,0.26967350282530517,0
0.6856337983852663,0.8017382930709676,0.9534708460321256,0.7152111582420468,0
0.3325422770096786,0.41067689637145877,0.6754350411261711,0.9571676929744446,0
0.0565906568639862,0.2301577078533389,0.5489745025941204,0.6909480703586685,0
0.3740193595378998,0.4062517842267454,0.0033542890564106,0.8869720718006917,0
0.9447146576477076,0.8266172352107429,0.0398759564409161,0.4529199482122601,0
0.641911459779028,0.2277044082970978,0.2007642610406961,0.7716410936686006,0
0.6716649575295902,0.5246708482121663,0.1859162414272717,0.8430671943110319,0
0.6324564367056352,0.8064855825538986,0.2546908547303204,0.7108560692016711,0
0.1990390140050628,0.35361830274167383,0.3048843954929054,0.5076911652461474,0
0.4184452361233194,0.642508671735644,0.3600346973669133,0.6258186906363672,0
0.7511489724635124,0.2457133088708325,0.4205282239294092,0.7004840391330953,0
0.10139106786507,0.1092864677736714,0.0987434108484919,0.25291481061778553,0
0.2779228399407092,0.7947666419579151,0.0422190738389218,0.8095920511715858,0
0.2763887213450942,0.09896999613032878,0.6740243657857903,0.9503834563821436,0
0.4321343236798358,0.27147723918887773,0.5373665559513796,0.465139253173249,0
0.9806453781429768,0.8555251124626072,0.4441430626832812,0.7010444101571383,0
0.0675107574899167,0.34660627464436133,0.6345059236608606,0.7370149177707593,0
0.5188418791463236,0.9735256614723928,0.8278135500509904,0.6622120520142121,1
0.1794057856451819,0.9802183118765769,0.4276859668000483,0.5470418798876727,1
0.9709503326407158,0.2683701630122776,0.641187803578319,0.8816843642670664,0
0.1133251832094556,0.040947819867986034,0.9537507722030868,0.4488213010497799,0
0.403708042215457,0.7053967587957322,0.8397628520382128,0.060870444837287485,0
0.738090320194193,0.4511807590943805,0.4259932713410777,0.8445806291946142,0
0.7047499626065307,0.10075519432218008,0.6447864452237226,0.6739496223619589,0
0.422841301188717,0.7078576412392266,0.1769755790056706,0.849284421074415,0
0.3466144244828313,0.03113913512913763,0.5605620947606837,0.13834031206649647,0
0.3977176574644336,0.8706206478344923,0.9815166297600868,0.030510482096929293,0
0.264342334864411,0.138675646126858,0.5183401375872521,0.9344282304240678,1
0.2053816782513264,0.1273287817949971,0.9278077000193008,0.14752418436294268,0
0.483170096194892,0.17571569949413415,0.4073207974193309,0.8096651462750304,0
0.2686010796802623,0.9607396683645285,0.9990393443232152,0.8232271996890037,0
0.287534554221899,0.6934963177196882,0.5792665402889483,0.7086849308421571,0
0.6569375430445403,0.8017577809366372,0.0421261033406352,0.13105269308913967,0
0.9688104898995478,0.3978000088929464,0.5868039594501226,0.66736481724194,0
0.6038030606388434,0.3364441499128746,0.274511744064462,0.8891254309183572,1
0.0769904645396733,0.23455963343734001,0.0323349787857267,0.4254185691995563,0
0.0755942008810575,0.48085853741457324,0.8209850398063736,0.413399841109543,0
0.9516913466767278,0.552078245199382,0.2756690934475259,0.4427509125331355,0
0.2973665698657467,0.6320681607732631,0.7966717162695218,0.08204631682822379,0
0.0920824200105863,0.2572065329380344,0.2881614442310649,0.8920653798300396,0
0.5992090967814846,0.9491210279754867,0.1942370973825546,0.8692151884258961,0
0.6238205227323016,0.16979865934124225,0.9741213051313196,0.997983834405499,0
0.6486838734278243,0.9661294362764119,0.3616150888179348,0.5851223892855367,0
0.2674690186878836,0.014811406852937914,0.6014305315377158,0.7511852910379887,0
0.0151034893030149,0.48133646264865826,0.6100388482053063,0.20248579176235154,0
0.9652874920284972,0.3334976469097575,0.5605133748604345,0.6674950535743264,0
0.2509551820897757,0.4493166495204969,0.9148605791898065,0.6496932517449169,1
0.6762134339917544,0.5709244115081994,0.6745211632506383,0.9012515562871516,0
0.7068260147371295,0.43577497767938167,0.4037176105357005,0.8308124654903072,0
0.610175150307795,0.41502130448429536,0.8625267672675321,0.9385214937255961,0
0.3129877658017698,0.7330720460211244,0.1809689642751166,0.8688656826392313,0
0.2711643308738076,0.686199236398951,0.5442709232016796,0.8687260590919398,0
0.5978323876343626,0.8336750065696837,0.9507278544295444,0.06349167382651538,0
0.8663386690443332,0.25004308720930374,0.6254604229253431,0.8459866668352283,0
0.947000475819268,0.6098096372785605,0.8170988153021028,0.6074249492257083,0
0.105925307607445,0.5854625795622553,0.6536334524128335,0.3803165995119619,0
0.1548625014508097,0.36988754813036034,0.8395091302521109,0.05628060898157699,0
0.945002418327036,0.48627101507908543,0.9446632239396138,0.6776433349758656,0
0.7367401668013042,0.31390122036629386,0.2728601935801649,0.3280567765202361,0
0.8832418291401913,0.14186926357433205,0.1695631247117717,0.4676770344266748,0
0.2026805796609596,0.21386550444155109,0.4840036656620157,0.6816993261178295,1
0.587747011329025,0.10551860538501509,0.7019521909005135,0.911820830256153,0
0.7013341248718798,0.6833909986070591,0.2271135889565272,0.8254549029705739,0
0.6803002327475461,0.6610365744112819,0.0039450968950376,0.4504922683395841,0
0.4082600688409987,0.9510743883852388,0.3428982773435791,0.38765771034332397,0
0.0153877803504624,0.730025375785029,0.9690432759793453,0.23960578583579475,0
0.5830858268152381,0.05202150073407365,0.6950547926564639,0.37229627124060605,0
0.2531643249811721,0.8846768289592121,0.4013092011657875,0.11083024385449768,0
0.4503750042854909,0.8630949989625191,0.1924862234967008,0.9711712364313045,0
0.9578509516014926,0.4435103766317784,0.3560574752006289,0.5738529995829538,0
0.3991410149662602,0.5861312108647138,0.1697415396654946,0.12759519201850547,0
0.840036910393452,0.9765603063152275,0.1061855177956516,0.352669098926057,1
0.1885844075434014,0.5325431773830753,0.9069044028898504,0.5469658902833971,0
0.6726465954511378,0.9057650320913648,0.9978444341882023,0.5328077447035415,0
0.977282603113447,0.08303140196434818,0.1640145266126893,0.03526246718758849,0
0.1019114241495455,0.19110369727461507,0.0543839901193123,0.950900120917573,0
0.0083107505122568,0.440943593634484,0.3296896112715544,0.27521339450410504,0
0.433698648569187,0.5850243625227446,0.4616642191921443,0.015937435986145897,0
0.0926410812043434,0.8166222376656157,0.2047356923938963,0.07621652510129338,0
0.7485927723520849,0.9887507649348093,0.3013734316263878,0.5801325162146754,0
0.9148059467933776,0.38901170683296843,0.2007837875663014,0.13757814058844317,0
0.4341369574912662,0.04738876105733244,0.7743758691298694,0.041485930301100093,0
0.2587760775960479,0.8015576391632384,0.7126714869521109,0.3794983460762559,0
0.4345194162172463,0.6046590259408117,0.6350176786985458,0.6227127557710238,0
0.7236489079908385,0.19859879202701708,0.3871966382077971,0.11162392143493817,0
0.0090451857611006,0.4950467357091086,0.9092037823937672,0.31317798342980924,0
0.5896156790206202,0.7426641291233025,0.9697167195030544,0.4176450492030691,0
0.6134603838477667,0.7707810685408656,0.1735427593013838,0.15925982121834648,0
0.6378641196143437,0.4998393156816409,0.2229335032861215,0.5059872193835016,0
0.2420816078906415,0.30532891267463946,0.5256586308890903,0.08498947731456379,0
0.7142510509110896,0.9742232760364277,0.0911249554039557,0.046281204857234894,1
0.0914067216305988,0.663673236192763,0.4364445447854379,0.5197531981873134,1
0.1993172933158218,0.4084083520300771,0.5818386767755754,0.24772568004454074,1
0.8777164267094836,0.28056404458682693,0.5220999192227325,0.09515252800731067,0
0.7389287325470801,0.7314507257160281,0.3308675025283563,0.4237989812645042,0
0.0137379576862048,0.24226329105760963,0.5424793399554062,0.9151881259686105,0
0.2484376567130148,0.17175121940236523,0.9589813469297468,0.7241772526604138,0
0.2144578905944067,0.5300713488316533,0.2059322715237499,0.8156306840267646,0
0.2708743198946608,0.2900934316734037,0.6549045334453893,0.8719472082892901,0
0.2476209265358982,0.6291968896291659,0.0432542010285033,0.972693968352061,0
0.0625330432927617,0.11795044199453392,0.0662820309769571,0.7632441789259654,0
0.4590638289190761,0.6552471153461635,0.5518650675135035,0.6083547813007744,0
0.7329372953549991,0.2833989008526905,0.1048183947624536,0.36529310593624215,0
0.6068984947352596,0.00019021166920650016,0.0221968704751986,0.18145023018100018,0
0.6730578869280356,0.1269527547960677,0.1714156943199398,0.6866323792506311,0
0.0811614021058812,0.934074084641316,0.5648906071005371,0.9950235288591833,0
0.9517588558530456,0.8677770391916643,0.7034312401086424,0.4672593172038439,0
0.838726752436092,0.23368417925911109,0.2023921831370145,0.7236640059452476,1
0.8053154154430183,0.7787455476629483,0.6683373486761752,0.4950021719045758,0
0.8232141635314085,0.6088521963681904,0.1823828948109138,0.4318224458492545,0
0.9329731315298972,0.9713838504726705,0.6135160080702065,0.4101875478547453,0
0.5444023646773074,0.37375751613026276,0.4119471880792744,0.5045375288897886,0
0.2003292721994464,0.681781154323455,0.6538723204262311,0.3667633691982781,1
0.6169533336055715,0.06351768013763426,0.995245932058971,0.7487661838419873,0
0.7430882982404952,0.39641160963748623,0.9379899563298082,0.8743060189337758,0
0.7381227382432695,0.9642929169518357,0.0041254678998612,0.8829221218610611,0
0.5215907169850186,0.5392233462941864,0.8855932803683402,0.22752080104231576,0
0.0684672113002401,0.28798438737293997,0.066356447909726,0.8959502223133992,1
0.3712104252367598,0.12028400819662372,0.9532249491223226,0.34141063293041657,0
0.921025719781782,0.7038609737188082,0.2817672857917799,0.30915649921433863,0
0.584609127560126,0.6451565282274544,0.3820117833577399,0.7267417035895452,0
0.5384786004608907,0.3740907526927251,0.0915127280262311,0.304543662522451,1
0.2689209320191119,0.9514095522193937,0.1121545594983572,0.05273122732762839,1
0.3685456233741402,0.022162122858988522,0.7268391044423907,0.37348768271429594,0
0.8955977256210708,0.30383741737926445,0.944507524943127,0.7214495126815487,0
0.6666473814151724,0.9215213187439364,0.6108061208858331,0.32681303876990964,0
0.7876069180837867,0.32105843493712377,0.7159447133727497,0.6295128473240472,1
0.4544673842122716,0.2523381967123754,0.7620807100160079,0.6600832513018717,0
0.6304209041560144,0.5344602733392638,0.2627491754508853,0.7337239454932236,0
0.2484450072471959,0.824200285744565,0.0450877843149513,0.8971719501646787,0
0.7056566313882588,0.1031504229573246,0.0017156042639427,0.4324537285798916,0
0.4277154308044252,0.9434845699840261,0.3506151654390592,0.16623408505575937,0
0.4426640062210258,0.7954556753865771,0.2413915984059969,0.3187777013328417,0
0.6495016182714936,0.18129671344808887,0.0621819058387558,0.4320563542946398,1
0.93654429465042,0.7123452410360398,0.1794338163589728,0.7138728993432338,0
0.0640135293643976,0.38511680000044485,0.124385011900344,0.012873888913137397,0
0.8249741131940375,0.4024622544557278,0.9150432807065982,0.3156363401440239,0
0.2924574468776,0.7836664304148921,0.1401588889676333,0.7798456255241675,0
0.44403834991675,0.9632594978055941,0.5376803057242867,0.6708250296731206,1
0.0219081341669507,0.12667241644536992,0.593157358082081,0.7317272531808479,0
0.3011229616271673,0.4208078599947157,0.5435233597086722,0.8118242910393144,0
0.502767402118975,0.4811522780497736,0.0989335736599628,0.783239875432959,0
0.0561809576289205,0.37646515635577715,0.3187530096253042,0.6821542042461288,0
0.4912284968784718,0.36333527270397364,0.0511306165632206,0.4395530876284247,1
0.9273716056227772,0.05224445163575095,0.3956516764751612,0.9836681512796401,0
0.1054125705865646,0.6858613968616029,0.1885076545762913,0.569007163583552,1
0.764653872095836,0.43640057938950017,0.5616728347973989,0.20258312671350795,0
0.4097798781156605,0.19484768155501717,0.6928949643432887,0.2926562829066102,0
0.6553547288079227,0.8164277816135134,0.5321497518655747,0.6935372234557383,0
0.2603014818359078,0.8029476452386113,0.4342320624514713,0.9247900975221258,0
0.1595275227309576,0.48660528432358013,0.3873122427474982,0.17852616482449887,0
0.1604981597907219,0.2985613375174714,0.8418308534518673,0.08212094634849859,0
0.0705010354757495,0.638389504720212,0.2192876414069928,0.8815674194198958,0
0.1856896557499029,0.288257169200983,0.7343195163385019,0.9153254103422079,0
0.6644030591330294,0.23608439199242442,0.7575917073346332,0.27621738728086137,0
0.8819382329468739,0.7308620743714058,0.4191900692973362,0.3771568368916155,0
0.8143534393693097,0.04029447954556534,0.2972476643060773,0.6601518270038963,0
0.6853241340084536,0.09476754233608728,0.4705496574861882,0.32978561323981787,0
0.1104526974929725,0.006739037639157106,0.0930890045390029,0.8771936466790258,0
0.2892608430830087,0.15297413387311484,0.0457884326727366,0.10736142279474437,0
0.309886335209497,0.06897495503104525,0.1114847644513119,0.03774213183587119,0
0.2500188075382555,0.9962951491571737,0.1870532419403829,0.20830199774777813,0
0.5151454578700225,0.28891536382954747,0.5041968557953354,0.28592900196349885,0
0.5356996551820127,0.14929694630214305,0.8492783475056882,0.11271106406019238,0
0.3569792785689588,0.24107545295539992,0.2355676486792077,0.06545942116689529,0
0.3538815515218905,0.9365856537751024,0.9353340653756989,0.7556028153915567,0
0.8287875947697579,0.5203923823316345,0.955086928432216,0.16407786785917078,0
0.7895133000539845,0.36496513787043955,0.9590850340762388,0.9139691861591258,0
0.307874700224598,0.8738171657836843,0.8377003636186302,0.3678677306003382,0
0.9140455032769846,0.3951538445711427,0.3637955706995157,0.6705730535094104,0
0.953083552088416,0.3351392777690559,0.0725517482032174,0.22522344970945465,0
0.3268269818144347,0.207343244496225,0.5688615680300515,0.24014899345345334,0
0.3545175285312454,0.37795097700088515,0.5587207045278078,0.5746450179780815,0
0.5057711959104395,0.3168050233080726,0.8501177744364767,0.5605741302445069,0
0.941385908963224,0.6776222235191046,0.9961845614869844,0.7687286302818235,0
0.8765654748618172,0.2896885219563557,0.5081787460337068,0.7578091304338533,0
0.1025864843018727,0.5774631598119392,0.3451679928493547,0.6706550353112317,0
0.3928345867483371,0.06587541392847565,0.1858094834846397,0.449025224485334,0
0.5535222692139184,0.19134111528138587,0.0046437176162115,0.8906797431077701,0
0.5032687794259944,0.4075756482755541,0.5091354693034873,0.6225299937742491,0
0.1939084347899145,0.9374097874699546,0.5555568117031626,0.9902704759680145,1
0.8590576662665221,0.37740584027000273,0.8250716558717457,0.8193858168994821,0
0.6771281978413692,0.6643851362991008,0.5045971444920667,0.04407179588700729,0
0.838143121879975,0.2551741383458063,0.9166338095764744,0.32044643970611414,0
0.8590051590127304,0.1270503265290355,0.6281472169811408,0.5718106029487019,0
0.748564267962401,0.05851581858819175,0.84047484544692,0.7214534514851477,1
0.4393281120316405,0.3055279901107453,0.1481962442912774,0.5502643250831492,0
0.6107146468349257,0.15769455927525844,0.8554800283623081,0.7861355277129517,0
0.1604009230553851,0.17405293895210516,0.6752241942166393,0.28249575168812935,0
0.6738318633241022,0.7611233009061162,0.1701352776347562,0.18371978842616038,0
0.1792943266075897,0.015793893336478015,0.1896726922435121,0.053681816947138486,0
0.6941420067589555,0.5580629148285099,0.9266696185853504,0.5732491023414584,0
0.2296540354362752,0.37961644575762443,0.0320689233889552,0.6885726616330037,0
0.1175742276875691,0.5067747016669535,0.4625402906296187,0.32600407057874126,0
0.1653214535249657,0.5630857770139809,0.3134280602293202,0.6135327406598662,0
0.0019810828257222,0.3134865444258639,0.6651542290970482,0.05192178737633248,0
0.7189393235580086,0.2952177054566161,0.8397677454710575,0.09907335097613107,0
0.7326047718781233,0.7337508516819715,0.3603474356444138,0.7017322246528112,0
0.5150731268110145,0.8717015373987679,0.4268948660642095,0.36793779732533793,0
0.1613986112729199,0.19263429923907097,0.9821063310519876,0.6713015135547287,0
0.0835672683122967,0.09761939361655968,0.7840352162667088,0.8317411671995165,0
0.0191229530933082,0.8982348863191766,0.8973627968745674,0.8526493344895848,0
0.1657852766933689,0.3500343285430144,0.4387591827563426,0.17197153360458067,0
0.8911058510129888,0.5515666221441973,0.2340009682514292,0.4861924079404365,1
0.2415962269281452,0.3596872957397744,0.4118509396326786,0.7339147199023266,0
0.3543638617833033,0.12581841225974622,0.7161867010023997,0.7739817195939979,0
0.1053648229241195,0.589601705856763,0.1093112034368175,0.7846806093081389,0
0.2224150514481079,0.5253757401491099,0.2704067065633211,0.22798957558057806,0
0.5193656095024787,0.20305193105470667,0.0464945498824818,0.19234538089976436,0
0.6079197533241509,0.4520637846759929,0.4323424378957483,0.5899532988003866,0
0.2454128213243707,0.7973313253968219,0.8275797964054306,0.7410761402874443,0
0.0577374970692195,0.5906967637113706,0.0245145875744299,0.318991571504929,0
0.3911362133479795,0.09691757580684798,0.675403929954868,0.10448693518166037,0
0.2342605997610577,0.5482689227675874,0.9326669887302472,0.7167287485803937,0
0.2196068444250771,0.7030704999339956,0.2368536316288683,0.2995435156297531,0
0.9601334101860096,0.7930849016622223,0.6937217027301656,0.16616470997582916,0
0.6164700696177625,0.6294094397401709,0.975288043519562,0.14751940534376118,0
0.5570305539367741,0.15268895576432323,0.9624596792848976,0.31476021718874986,0
0.4158857231461659,0.7105095411304372,0.2348542581668624,0.5926197700501652,0
0.4290588254374922,0.6776601310620608,0.1002086422457892,0.35826716243440093,0
0.5410524176463395,0.02438741146264342,0.1481770406082176,0.020416085977291196,0
0.6966229525873869,0.4119204236151534,0.702125493665072,0.09668765773805177,1
0.7023409225959739,0.3330798269417994,0.7258570684000034,0.2903459180610227,0
0.1717327557632834,0.6697260042109866,0.6743165813763028,0.6596681531882106,1
0.5002481710085929,0.2162013853050501,0.3360391307109651,0.09829482308059068,0
0.4120675922735849,0.5911428278590686,0.1696790240793433,0.5605880631640123,0
0.8707713047261236,0.9136534855401948,0.5808081405825973,0.11967262439502577,1
0.6315929504546848,0.7981866620039495,0.4836932516352235,0.21143214387681375,0
0.5326490099461663,0.9219097813974944,0.7289334247936736,0.17199242253968539,1
0.1154169355555018,0.9789892709668565,0.4413579571193224,0.06699813152112778,0
0.6058043377012252,0.010623117688544908,0.3386013410917101,0.6712972984573309,1
0.1172267310669653,0.6230296436695731,0.2934242943174965,0.46330288373392997,0
0.3372940922773162,0.4130127519834929,0.2113871106608229,0.8310732689950125,0
0.1428723290187171,0.8602727808001979,0.2656823113096109,0.09867071274622437,1
0.6922655116559103,0.25189982479755835,0.0947060876746377,0.14452783016193307,0
0.2063011236622031,0.9815141758811601,0.3468215557854819,0.30630563105623543,0
0.3919629604403968,0.6139913871501351,0.0364249112247918,0.7658644508241443,0
0.8959265107368358,0.7939193550880608,0.1863217997376409,0.3056064938047837,0
0.2043648240275353,0.08559360013202078,0.7468760488680033,0.40830002338830357,1
0.5079427447989616,0.18350555229777676,0.3254259894470337,0.30144987512300814,0
0.4193833089443259,0.7587663748129072,0.6683149205371706,0.07999804688316359,0
0.0181177322055419,0.02194571339658502,0.7169792382171423,0.9394889709763258,0
0.7929795842611098,0.8172727279292803,0.58123254100623,0.5484662302868106,0
0.0690545709423652,0.013903806001333213,0.9588780976305528,0.7878388514922462,0
0.4743828364971842,0.6574260431020621,0.0212896287776303,0.6583203216395219,0
0.5608315230420908,0.36524111292860384,0.7387553914893203,0.5141702809760663,0
0.6285996059229391,0.6117770576763425,0.9589670315637022,0.08945511013699328,0
0.6888224818213082,0.6963599326771,0.8624180737708258,0.6426916543408752,1
0.2533352195607001,0.34261001825324416,0.1677941115052235,0.15516873901673348,0
0.0099700727203084,0.1079687488844333,0.3267777836653707,0.414266440008988,0
0.7236447512738349,0.06963117343848066,0.172354867701344,0.6290667886681787,0
0.5358024698734765,0.5892058666953229,0.6013626599777169,0.7822328270902309,0
0.8363519236921692,0.5208877843419324,0.7122813881353238,0.6850171517827649,0
0.8216182522539115,0.7425548328560063,0.3170278089312717,0.6715010768888197,0
0.8435625079067333,0.5099619572221274,0.5395390711224124,0.14883851829972466,0
0.485225662872943,0.4226244079560576,0.6910064746830926,0.34598944129115605,0
0.3337148603921662,0.3982524491695608,0.4213306334015101,0.04267379928652399,0
0.7917793204483532,0.026408537963785523,0.8541589627071104,0.7194601537306514,0
0.4514151769425381,0.3356882101238077,0.7716642798776618,0.9526456398861713,0
0.1834844990209825,0.9765020994909789,0.0645305527741015,0.26394441117762785,0
0.855213784706771,0.8739813740280996,0.6211865851786698,0.08747291321738929,1
0.882807753481247,0.32950568968303906,0.2352507559027401,0.4754734004994462,0
0.4664352353718971,0.5880646242122834,0.5575571149756584,0.8567264559187795,1
0.0757103484796967,0.8477081551438567,0.957068160713554,0.5519025593238339,0
0.3879284911907938,0.4414632715381991,0.8792142713168545,0.046539943472205796,0
0.8037622998538183,0.017914847655287516,0.4045012858701753,0.9743390064435642,0
0.9020275551362614,0.07449843300136827,0.2914588822976824,0.8286689503389861,1
0.2035209350553187,0.5106195286775024,0.2343306249126513,0.13138466781187957,0
0.0669816672992365,0.9699177117865617,0.5325449007470553,0.9218473246924026,1
0.8775967980216153,0.6935365217019063,0.1141309513041406,0.4505834577173351,0
0.3895078045100016,0.07090219318650887,0.5493109508354905,0.3717673373462063,0
0.5419086297691955,0.18941177779971166,0.0011763096800692,0.4609518966266852,0
0.968338831601048,0.7716929240550943,0.323806060328522,0.8345929381095682,1
0.0665726629566704,0.8418479603037737,0.2198540899022987,0.659443275651804,0
0.6484970058293579,0.6179801882109169,0.9714035627104848,0.05901533296445439,0
0.0741155749428043,0.6447234172398432,0.7273410357642618,0.9576656743870667,0
0.3755676961428898,0.028300121651142224,0.3496189116677612,0.14758003028735558,0
0.8040392670023317,0.8289313863323285,0.0927200350781305,0.7455597632434612,0
0.4335880561823065,0.7886542776776826,0.5168250828663901,0.6360924774258284,0
0.9974639351114593,0.2591242232412807,0.2133653694720507,0.18733697022869647,0
0.5592120369832418,0.7090121744920761,0.536460957692313,0.17053549376681137,0
0.3212449515185203,0.2149194773986409,0.8354992069923952,0.8703602933181112,1
0.2201644110031188,0.040299403572708635,0.6158519571970302,0.419579935000225,0
0.3506119659394348,0.20119389692523376,0.6338541722296611,0.6545385046005072,0
0.372631178212815,0.17867389829963026,0.5410633236530487,0.5039836683547347,1
0.0687222446606044,0.3378802055803043,0.927434902011818,0.7273393590757357,0
0.3696712337704202,0.4186259253827393,0.9320735894042472,0.4791469023259209,0
0.4643633899282212,0.5087646830439918,0.5127462510514178,0.28722156249267633,0
0.7229386335863347,0.47696225085893973,0.305709535883615,0.36324992722863775,0
0.6569109564761645,0.2707700627984668,0.4595913134026688,0.8591067070776647,0
0.7089624281107885,0.029133796393152125,0.1864659155822394,0.4679355470592553,0
0.0083545030234744,0.6053803241048771,0.6364109695306226,0.21326674983969524,0
0.2177197660474789,0.39590881732064565,0.5001109305404725,0.9346591537756965,0
0.661867217104069,0.29878295512330966,0.1031791142367453,0.7966089931460915,1
0.4841200460644084,0.8673632162819896,0.1975596961782031,0.05543185257364019,0
0.0053033999082087,0.7470996204278817,0.4796433340741473,0.9990178133558317,0
0.8047195642218774,0.8581826942283096,0.8877442651630858,0.6949019110347652,0
0.7730251781520969,0.49520115836774664,0.5664327004748699,0.16006658679088076,0
0.5485687863246013,0.1309501383647077,0.6816175942969736,0.23699287222757925,0
0.0664712310016331,0.6965500659333068,0.3389903333079758,0.6924198826550663,0
0.7667288035028014,0.2061338395685077,0.5714551438037603,0.7797640730651315,0
0.5838735893141604,0.44141857940477036,0.4473798243848463,0.23886174637364735,0
0.7821782726768333,0.06498354942719066,0.6592046038812853,0.25680053436619843,0
0.7519564038497513,0.8257077637981051,0.0504356051177339,0.3069688118542169,0
0.8032265548606669,0.125956792743498,0.4933164152480742,0.5979618191760973,0
0.5181487474163318,0.9035394919759748,0.2959392288694857,0.17161995125330456,0
0.1403541421479879,0.8646512905615616,0.3261423146248887,0.10402482580420347,0
0.6713431876541267,0.4647844707841861,0.9610985707630206,0.6788340394010339,0
0.6206445958938865,0.7447232155259298,0.1826014534869529,0.7791007402530044,0
0.7424598070194408,0.6197316349979355,0.3111972362843076,0.5008410393023724,0
0.1699193210286302,0.8034628215544559,0.5099146272769275,0.36369941376474746,0
0.1950208937733883,0.43198884702650486,0.8631735589519138,0.4319317718304694,0
0.8906597020985803,0.7861862021411692,0.4166592528659762,0.3882825914972456,1
0.7501866896782033,0.4626573585242348,0.743969860413408,0.9600469916939818,1
0.9084839132108612,0.9414285222127897,0.8565183623918315,0.768089097960406,0
0.7589267816403278,0.4865857463601179,0.3099679060651823,0.20790287509147803,0
0.5973192600822321,0.4628199024078978,0.3927309160561307,0.38406252706945126,0
0.6543134452142033,0.785449175837291,0.3565241896979785,0.5439380460203281,0
0.8893777319694389,0.8219750089404555,0.8329917773106033,0.6129342217763383,0
0.578965313250694,0.5547400837082352,0.0442047039738113,0.46808479906438016,0
0.632565639497796,0.17984347554444127,0.3083720763817581,0.8101396046622277,1
0.1565110894780491,0.4679616772590526,0.6794904016345598,0.767605053613182,0
0.4740489374828885,0.9685500900597956,0.565485145300741,0.5050709393462761,0
0.7165961288536191,0.7533459263785571,0.4362854491588379,0.8544568759957878,0
0.2710107302734491,0.8115542142436725,0.5399808801415631,0.7510831515652727,0
0.2023020147666589,0.03279062925611503,0.1974964785963564,0.778584480039353,0
0.3139074501643037,0.46806296440424366,0.4307107458302823,0.9564616882451532,0
0.2415600025707315,0.646922585614044,0.5017221470502378,0.26630173453208295,0
0.2149641934711755,0.8304346336130618,0.901349193502604,0.2674833428172839,0
0.4249641311930987,0.04924779657707034,0.2607693656200922,0.8889910592582593,0
0.9080938237227932,0.8528531128205737,0.8679768065944842,0.772226921792474,0
0.5071971083905267,0.5486485701894233,0.6443108405365408,0.9265966656399702,0
0.1879640002336289,0.19736923038114818,0.0201902055650009,0.06289831306085258,0
0.0769826645626884,0.31737619653656807,0.7247291321352947,0.6277102780189386,1
0.6963492102194961,0.28203117558928287,0.0354066173600173,0.14442320066779218,0
0.3828996874357101,0.5310970558734156,0.9975751276689452,0.5038098058284719,0
0.8220609660793831,0.05166114454461295,0.8727866880870963,0.15554543835046586,0
0.6596930582260447,0.15857017049557073,0.2972908278399657,0.12786794757043426,1
0.7964639454976141,0.8130854923251974,0.2573442253068165,0.011919796146358897,0
0.2720143664058844,0.132623793540617,0.3814178256223215,0.6301928264917869,0
0.6925508709772447,0.23347130010044928,0.356134794022978,0.35888774375027327,0
0.2641279933913562,0.45356616838911756,0.3723113509550799,0.10497022153618667,1
0.9393329723955924,0.517351382055621,0.3182310099369019,0.32269104575212676,0
0.6365497678830166,0.7639760343963748,0.6211946957959782,0.16874692312013567,0
0.3245955840147603,0.4475246809077168,0.1641638033725811,0.9417509206590734,0
0.2695794735150167,0.7902445614409774,0.8461218908225518,0.31985722534422334,0
0.190971088458022,0.618632266169946,0.8125312383288659,0.33381043432943797,0
0.6948335784379535,0.1131088551109221,0.4764934750882119,0.8398807170608372,0
0.2187682876898325,0.15636424234011603,0.8528729440794649,0.6477155163127039,0
0.5954666754309135,0.4372203366488185,0.2470744440109626,0.7101518182890533,1
0.2647012041248641,0.3970540077112175,0.0174138512576078,0.6359577068320841,0
0.6621519572006983,0.7438988293947009,0.6192685348122637,0.946253848389643,0
0.8151677216863134,0.5810024914564847,0.4579131227571764,0.20681613575354954,0
0.778242381663222,0.38829289771447,0.5672067990871597,0.9891108473350404,0
0.7610634194963921,0.17080099349998973,0.8994988281267453,0.8309759737775833,0
0.1877659668963872,0.2269085389555238,0.9701098901661354,0.5889130785981248,0
0.0883992982167357,0.575763501062038,0.6345191269035766,0.6623361695533192,0
0.6991427147516532,0.42361796693485176,0.7641672910006747,0.6487859822415583,0
0.3684438873454401,0.5151568009686698,0.0836801945829037,0.058162825318797885,0
0.4324617187302072,0.17071809995624593,0.1606144730480139,0.21783541294741604,0
0.0311466139424211,0.6632166275249315,0.7333056242638065,0.9615334549875422,1
0.2596411390103805,0.8529530227490641,0.4313598094704005,0.5342870215740669,1
0.0336746681740303,0.2580279855842875,0.4459647732035066,0.3782250657636105,1
0.8794326571618746,0.49173068892886324,0.3085587350044321,0.7620356728608564,0
0.243456615327501,0.9760090009482693,0.6074128129273717,0.5244383086597568,0
0.5574894152252248,0.33337148025036295,0.1850725575041494,0.012914548104477097,1
0.038979144272284,0.5953195371300396,0.6269796080241719,0.7362263503390228,0
0.6670318382094788,0.09019226591005668,0.1737023600865228,0.7322049961699203,0
0.3231106930927949,0.6062942048222691,0.0636907475175334,0.16495029989975346,0
0.8981715800395936,0.08962803001785068,0.3303164138352699,0.9567210822205904,0
0.8883677000529985,0.9597081803150322,0.2310640707257718,0.22372897685112714,0
0.3253746312110244,0.7160019344516184,0.889147407749256,0.4576468506572279,0
0.9012141831804854,0.7885387943996187,0.0548150370970077,0.11452102702615848,0
0.9964389534021584,0.7044373099320784,0.1765181883877176,0.6032274989723851,0
0.8256467376966647,0.5899993147309216,0.5487553523860385,0.3753216313134837,0
0.845108142231016,0.4501064491994548,0.4810790749649811,0.35303667229705915,0
0.2490703184304725,0.8587908586704164,0.0457103913009362,0.8269953692858929,0
0.576860338815132,0.9573070976120075,0.0070971859079946,0.009312309330006699,0
0.0672640522516283,0.49925675755644633,0.9882586578248792,0.7979557487745287,0
0.0949342090658813,0.9319926160718149,0.6589092874882709,0.5713833122335727,0
0.9991746961396246,0.5835996839669472,0.365377218493073,0.986169155279767,0
0.3267236588373306,0.5386263317931346,0.47044038057237,0.5893838645685363,0
0.748392275786435,0.45467890511636927,0.2664863390777796,0.05514474660154189,0
0.8068906130215666,0.2093495822218305,0.3448376290163466,0.05040938746268878,0
0.8582639327785345,0.0036688430808009035,0.6491156011394921,0.8831898893157328,0
0.9979100097394183,0.24158570124649992,0.8829653882774835,0.8412373036275836,0
0.2415558586166031,0.5099496120610847,0.1840371700910736,0.34575089864842423,0
0.0403510537593818,0.38011529060992133,0.8405001215235046,0.6179824978486506,0
0.4113007898236941,0.4486781139070097,0.1214417053394711,0.48949927606614757,0
0.1301072816012385,0.9811326974183273,0.2149102564622396,0.9672284914503005,0
0.0224208452713064,0.35041144208635655,0.0370306004777774,0.9500196991148205,1
0.3605211717194491,0.4523778513784404,0.1407037297125555,0.9839089098214178,1
0.7839570694918357,0.13353585362467701,0.9174689008280126,0.866480209024756,0
0.5663355372963287,0.04793115438901374,0.4594430018468856,0.9095971454664727,0
0.3128583227472052,0.7757815345060146,0.0775354562366246,0.21709745140600276,1
0.6545227752140036,0.5709430177888791,0.9599075572920484,0.8310266017979845,1
0.2320747665928046,0.7610687686991946,0.8791445499394683,0.7088368932845278,0
0.0143740367296747,0.14989205842499684,0.7547909159023547,0.9628495104670374,0
0.764566504774133,0.5720892416144269,0.9336442507470863,0.5711965137277566,0
0.6239148570366954,0.2537285986344273,0.2200492657265655,0.08494254174595879,0
0.7625151398164087,0.22813392459683898,0.8365065009959025,0.5973421425033968,0
0.0389378281534723,0.011479473707799611,0.690076773153038,0.6865534074152672,0
0.837354142929412,0.1303592862343833,0.8699082350197571,0.22014069840317924,0
0.6196967322428277,0.30938471515388627,0.7970348560088922,0.39399001104651876,1
0.5635493777603472,0.11688994694467429,0.3464594803654677,0.5984470273587608,0
0.6247860763921397,0.9863457731395285,0.7745138863796157,0.37397580764372057,0
0.8646757934796615,0.30874890398427746,0.262391077617373,0.37481806351219604,0
0.5870974558342423,0.1303425001749679,0.3285502654195511,0.13287771909806206,0
0.5811095689554902,0.19913854157371627,0.1077859780286658,0.940802501506735,1
0.9909588260228492,0.5879723969803218,0.9352486404885384,0.750487810567807,0
0.7569410438145664,0.06402575982185076,0.2909482072893752,0.0009913091558362997,0
0.4424122228428038,0.8628538340870885,0.5206483014157754,0.7656116650879028,0
0.7075933704643648,0.9619736648920423,0.3913130690501276,0.7397849121650385,0
0.389333285921174,0.24682976690337743,0.9601089108339308,0.009481612103322498,0
0.228931124657891,0.4502890366965179,0.3350095508768973,0.3694728926614925,0
0.597015741756997,0.02209372344256882,0.7786626336351787,0.6066940055707636,0
0.9284433899415948,0.6410084378762632,0.8555600809177406,0.4526464968788699,0
0.9294010933710132,0.414100007698876,0.4356023464838046,0.777988554797626,0
0.3419941764607065,0.27015358532872313,0.3781474048178026,0.4253452330061417,1
0.5278209905001896,0.206897588505287,0.7478517692206381,0.15366085851038047,0
0.2116864914865497,0.6543285854164204,0.913060181153682,0.9764830926513886,1
0.9959122345672204,0.4163922359881388,0.7550402160097818,0.24186678053218955,0
0.9813947653596948,0.17970487517655637,0.2270486784787024,0.7176749862252714,1
0.6496882782729074,0.689433814174502,0.8884632754052646,0.14295069177377728,0
0.8046389577723383,0.5653290513365926,0.3875605768903654,0.32886790551484363,0
0.7152987968135875,0.8590896974941139,0.5762748619722302,0.4419199391342722,0
0.5933209977963426,0.11748741242456531,0.831571087049376,0.19204246846056205,0
0.0533520456792661,0.7860442420986711,0.1883034186915324,0.4498545066562275,0
0.4548864268796758,0.6738329759051785,0.7846290516516774,0.15696179352589978,0
0.674973083491362,0.115021099731532,0.5962152791049107,0.5589372077833397,1
0.677719202460803,0.6951485921845639,0.8934989453746311,0.663678237375801,0
0.373220696171213,0.4417363732286107,0.171873259853271,0.062202208701369686,1
0.9419572510401372,0.9454497220845735,0.420672821886761,0.8711650843673931,0
0.1673946050454561,0.14163608888010434,0.8329790570743612,0.18494902496725918,0
0.500494937687422,0.6431327673266601,0.0190806867373325,0.22518374725335555,0
0.6910754913622503,0.3821364906975203,0.1120831427535264,0.6613140503656183,0
0.6973291590405755,0.9572860891548105,0.9907568094698432,0.46865214934967186,0
0.648818049520553,0.3301028449635573,0.2803352803566881,0.4993067313752207,0
0.2753575231985785,0.9626602711578442,0.9757294917981696,0.12794444821241388,0
0.156240862724817,0.9019269529410143,0.1824381341977883,0.8057473525033914,0
0.6361156855728796,0.2704785324909855,0.3610640097595308,0.6170039391688354,0
0.5994667014964012,0.8039292114556085,0.7529772000207515,0.13517387551906987,0
0.1793971113723104,0.9960968745982317,0.6578526217868159,0.3738694024915403,0
0.705334852084619,0.25274858977500453,0.5811695760016846,0.8104229952318871,0
0.45529419592906,0.43696363994569637,0.5299282841753765,0.5682887786173154,0
0.6679453070316108,0.5204129071141348,0.8435801458208658,0.10843184991534208,0
0.8376016676316356,0.2950398836943793,0.2348736348033284,0.37264668065774104,1
0.1697666986897311,0.015220347942825015,0.4424691972509862,0.24252140068354425,0
0.0191388593286782,0.2201970053419197,0.1553493238189887,0.5173826080150001,0
0.779320041704885,0.28203851219728215,0.5959939989014345,0.8433849906301817,0
0.6098650672284478,0.4437899102602868,0.2504749972885847,0.4361575775992574,1
0.6998336589973749,0.17114337596438664,0.3338020185053523,0.43323151450396347,0
0.8383897945290684,0.8736799894432669,0.4712591382269764,0.9053950803056438,0
0.803035361523856,0.7052445239522231,0.026622228134542,0.5761217114233927,1
0.9611910653112334,0.08519430620069367,0.0918125644938143,0.5661241108230631,0
0.5360810312643318,0.6503958051607338,0.686013364747339,0.2617431916935584,0
0.4886276356022099,0.6539617832887826,0.4289634888561906,0.6076693826428644,0
0.4019937358045645,0.9566922670084477,0.864937454752635,0.5758466762243788,0
0.1537245971972882,0.0029696707260962025,0.6947592314798143,0.39672899524263,0
0.57276396866441,0.24801544536346412,0.0079459988319925,0.9907677143138722,0
0.2770823411027024,0.9282469950503696,0.6167720602915452,0.8819274542833554,0
0.921566782583016,0.9325918104559852,0.0936001249273061,0.7495794185351726,1
0.583350652136513,0.7209283996656779,0.7810508340835227,0.5372691581581113,0
0.5930028657464198,0.7661300554518655,0.9916996174261145,0.4619586978500535,0
0.3550173875544936,0.09148022897597759,0.5312283610195507,0.18470545534827928,0
0.0519930011613527,0.5141045506347797,0.6828625332486595,0.30558513766684714,0
0.0317414613842466,0.2316570283685879,0.2372400672698233,0.7739619166623095,0
0.423447986790173,0.18126448386003097,0.4375942951186005,0.4536451261369499,0
0.0845786061932141,0.8106944386427493,0.8562394980857491,0.8823061299693978,0
0.6070137594413446,0.1350592732336891,0.1673242017560738,0.14770707477785538,0
0.8812204157324204,0.46885557282834567,0.2654714663926967,0.5082611619368997,1
0.8831627975969119,0.9390396657292969,0.4454329905783396,0.6469251801120104,0
0.6592275628798109,0.18588102400098197,0.7123423194842715,0.5167653084247812,1
0.211282305574535,0.9784764469308707,0.3758587381756868,0.88926578516041,0
0.863238955595194,0.9947799373519253,0.9279017137614431,0.989635059154675,0
0.8863423510576046,0.555868742164852,0.0943325683961902,0.11562008418813688,0
0.1966997723516713,0.17018311185177035,0.3707771891684146,0.12974495762288246,0
0.7376312861919543,0.3162252377198736,0.709046388922097,0.13011428810896447,0
0.2865921612245417,0.4246725722527231,0.2259086765831668,0.6811478044394672,0
0.8028646888811044,0.30944085875874117,0.6564868672126423,0.37254569727934456,1
0.9975194974452968,0.2807364946987898,0.1641170814051022,0.7333024569414667,0
0.0300231962369035,0.9727095742548517,0.0558422302788415,0.40535182286455856,0
0.8976180961699284,0.15339600584623014,0.1209006017764977,0.6275598728125003,0
0.6228019786279722,0.7336768705491037,0.930155011626404,0.769857777888621,0
0.9736572021111194,0.00035765837391640035,0.5517876989492834,0.5481430429854439,1
0.4651346144257103,0.5964564842432166,0.7964688661776407,0.5394278674479843,0
0.8476254650430731,0.9163920274075412,0.3326140361839194,0.08801070553635208,0
0.0624007772670779,0.28803900804362775,0.5927098930790038,0.4106638332485328,0
0.3353660000050227,0.18557477598054475,0.4949689153863943,0.5457034862892155,0
0.0670246056473949,0.6519840186640599,0.9459137444307402,0.4618796957385566,0
0.9756182929105016,0.7129390123075214,0.7476805239609661,0.9008246807777414,0
0.8172024985636113,0.6883546606550224,0.730642511792766,0.9065751967368781,0
0.8527864728551091,0.3194389897706016,0.046211819164192,0.8219342144794144,0
0.9382293999714236,0.25228773738312804,0.5497057509176173,0.3751685364712867,0
0.0851168724452999,0.9563897276450479,0.466998373157601,0.7172816985195436,0
0.3856993385021964,0.9237525626264895,0.9280117393797128,0.3951654737174813,0
0.0710441385279782,0.4575143348406966,0.2572749588762733,0.23241729081772333,0
0.2108434466440165,0.8466046714539911,0.2697708300275536,0.34276248753114896,1
0.2294215833880333,0.45251846665878886,0.411333540692631,0.07073535365318509,0
0.469233512865069,0.4245687007648028,0.2432977557250737,0.3316337068885831,1
0.2686294994206062,0.15679598798655914,0.1290716839638079,0.4606406813979523,1
0.1009961610422821,0.4265868443948419,0.8575594779256335,0.9555415021141401,0
0.1675287013219212,0.5376585535050951,0.5583156421693332,0.31326076461952596,0
0.1473072314469099,0.022463802510831223,0.8615087427439292,0.9024967676167306,0
0.9733512909324972,0.4443034953758328,0.8312701270417264,0.22868074346920683,0
0.7595041371151444,0.7817314967295139,0.2819840379086713,0.19077894772841003,0
0.9680343953273168,0.6803658230924864,0.5477728446946131,0.5189130121961755,0
0.4398581531014833,0.6354521591879406,0.0830892554704121,0.6724792376041004,0
0.2784386971557984,0.9100009518998415,0.9154169158639148,0.044094242805193695,0
0.7985162954772476,0.017989034357767317,0.4042475083381234,0.22088577884692795,1
0.3263382141466788,0.5572999574614541,0.3936572430297431,0.4555804727737997,0
0.2994597685835319,0.7877274103294993,0.3027043597316208,0.33086028047123195,1
0.2325627219318936,0.5415791446682143,0.4606684320264307,0.7126020930121414,0
0.129705471879951,0.32402017115506276,0.2516903881100631,0.511075584047103,0
0.2565268352667932,0.13627236597986422,0.3748266922769687,0.16015912367183557,0
0.3554125913260526,0.8879965448464401,0.8000714095412675,0.8945059897264597,1
0.6741807565560919,0.4709674847811631,0.8343919659849988,0.29274913370567507,0
0.0625716011038783,0.8785434931729766,0.3041319701182488,0.7311181890133998,0
0.2105572006140273,0.5861202767820496,0.4690220633626438,0.7799188475998374,1
0.8092498938240775,0.674508675741302,0.8739701939806537,0.9632208235475038,0
0.1469534874914969,0.8046489831814208,0.0525341108024548,0.4984183076560746,0
0.342734262434498,0.659463864627846,0.8893007852696897,0.6157848091083318,1
0.8649015348286964,0.39822009389331325,0.2191038571916621,0.3347335069437,1
0.1549592284305375,0.5138619669373354,0.6786207816254048,0.6781490192960546,0
0.0827495260350755,0.8034326873899997,0.5825993766055575,0.46328281563935236,0
0.4846688342872643,0.3738021774273784,0.5529779838939817,0.4375432615076328,1
0.3024967989266217,0.38828126711136635,0.8595055422107833,0.8554953585657743,1
0.5635623953582334,0.09568969236317498,0.1014501704417796,0.04993274835749768,0
0.8040296094534128,0.9150327142647592,0.3469926305032587,0.8819989405880276,0
0.1371771782022269,0.09103334125942468,0.5382848012267587,0.8520965537357615,0
0.5808581997287285,0.648511499553465,0.8114172154386239,0.5062796702935871,0
0.5056457660067859,0.4133680275895294,0.2163616280397846,0.4901109736252138,0
0.1441095139022709,0.40578878836865,0.8030552544356979,0.36167340775624995,0
0.6241703328017,0.6798713324894387,0.3996216446853324,0.9942470800328658,0
0.2737092430766437,0.06707763991008076,0.1888226908203094,0.11095322960997557,0
0.4879661270282848,0.5939782406138138,0.7590963535769291,0.5901561326092634,0
0.0822848781053594,0.7724019551023928,0.0907731635542958,0.6816524638217278,0
0.459707558767651,0.8286137106663939,0.5147911450838407,0.9343836836637603,0
0.3065419448079322,0.17057097347585173,0.0637405142174714,0.7802066596463757,1
0.8226113924835325,0.8978579235664882,0.3563857723613921,0.6438056768667081,1
0.0569838432963002,0.6564527628837548,0.6011310134907504,0.11659806307182047,0
0.4187187273352477,0.8822851460763664,0.556153897020323,0.37360346516898973,1
0.4585545867561194,0.4854937646353296,0.4046403496936719,0.13863460858946777,0
0.7252076246425935,0.542277489503777,0.4290415296280088,0.8812489995202377,0
0.5744448049737096,0.919488996497712,0.2266917403810779,0.7496142954486413,1
0.667396891409577,0.9003497814771347,0.4558855893073712,0.7575325209118867,0
0.7772661371920658,0.448353581547376,0.9534332921451636,0.6522177478558173,0
0.8624448644623147,0.2745101366725333,0.8505950934135527,0.5069571756379966,0
0.3139561529791096,0.39333301143036825,0.145126296094773,0.14976767300479368,0
0.5381692716383251,0.38792394318873874,0.0296334915251605,0.32955040204070074,0
0.8403434722856093,0.2869712041640507,0.9336957896888124,0.13670812734983756,1
0.989730438823634,0.26867391323661693,0.5267777473704385,0.724898185055994,0
0.8897692341597513,0.8614818890975052,0.5378697316775956,0.16002875137637068,1
0.3715648536192968,0.06984734475833676,0.7808355740987878,0.7020911201500893,1
0.1952122673482068,0.6779296146593877,0.3146421722629924,0.6922297287097324,0
0.4895248040818577,0.17286189012976397,0.4819197493756704,0.4592024719308711,0
0.7418478917768921,0.34464180514313314,0.9688467843752662,0.13502043605665456,0
0.4927022714815519,0.06152389998032155,0.6722279702352978,0.31465146016426104,0
0.4833113034591654,0.2700687096015219,0.1536414614652983,0.31994547757229747,0
0.8384652628069922,0.7687892618019505,0.1331159401459345,0.7003621366588864,1
0.3614984109158194,0.8854474015717625,0.2041790073636633,0.11352775975713968,0
0.8600358574605339,0.22159567901252789,0.7668243124358938,0.8290878238270158,0
0.4069127828758623,0.4637489785297596,0.295323390421224,0.7610041617061123,0
0.3283179837598558,0.4705289001454944,0.0212385908335974,0.18611544024940396,0
0.4541117678067945,0.8740011143712917,0.9443495970150408,0.7191475399121432,0
0.762659516431479,0.7631641630470483,0.1696154783098649,0.6684797394282982,1
0.1260274403201486,0.51330549663288,0.0094037573390366,0.7481134482768816,1
0.196465334354992,0.6710618720000442,0.2370574443654689,0.18873793672620173,0
0.9517129578471052,0.847766495467062,0.2349538873851528,0.15738943279707096,0
0.1755315921507171,0.009491324896064409,0.4219963023513529,0.23630895278081085,0
0.5678826187846597,0.4030579336455563,0.9205566756147618,0.36573907489473556,0
0.5794731746923869,0.9076874237655952,0.8793372278982474,0.7936725556253698,0
0.4897567969224701,0.7406658200851151,0.4568979128114065,0.7379132437756999,0
0.6449231963918078,0.5430859614900032,0.4108870393663721,0.9255023579574134,0
0.2298826676889979,0.529881883146254,0.5550470517338155,0.05839623683032608,0
0.5528131387838717,0.34790779793273374,0.2433820840246525,0.011307531183575898,0
0.372271053837471,0.5207528903763792,0.0520455986895385,0.6991154247590928,0
0.6618501833261272,0.6556894524825762,0.9393976236125638,0.27912649086191893,0
0.1412534316840957,0.4185394192621027,0.1866070380236308,0.33393584766274226,0
0.5710336439730754,0.7144916016570242,0.1983129098877967,0.5467286948654743,0
0.1853131955671952,0.8616512726389053,0.4724691771176452,0.10219415026628657,0
0.2787133593482798,0.15471674990395465,0.4916289488480529,0.6426525127947674,1
0.2187624733062838,0.4517415863933673,0.0182829116854748,0.32500147121124795,0
0.1828799047589475,0.4081908048319155,0.1478491258633809,0.632669949984041,0
0.8259421119620369,0.687788635776476,0.3781304029307506,0.8340277091273596,1
0.2857799411969164,0.24995152108271873,0.6838140620745605,0.17091487528707017,0
0.9273847624964132,0.6405488764283632,0.2283412254714321,0.9309256354090873,0
0.9702000920343316,0.8779171949345351,0.423005853715658,0.5306095289288311,0
0.5714168097066585,0.4183078538130735,0.557383853932933,0.9229777037062906,0
0.1430315336701449,0.911462023579097,0.8887481230282432,0.20754562539826585,0
0.374646740330447,0.9936550745075808,0.3260277152663065,0.6045082637399948,0
0.7979551966748466,0.10609732586064,0.1334475749596464,0.4037669480523627,0
0.3674871209957173,0.233128030640046,0.4892870041345816,0.7742233936622096,0
0.0870311673572482,0.9508476441138577,0.7468271887045361,0.6058549835717171,1
0.5569369941899055,0.9587999340831521,0.1097407070967548,0.4944249897689071,0
0.8453577193378747,0.09770795696875828,0.4246754878845991,0.9130320865040658,0
0.7961487894560149,0.014953862736714214,0.0176336143046711,0.37698812141619986,0
0.1751629965468077,0.16113544008918815,0.0334132185849185,0.21979976288902855,0
0.6729508012633633,0.9965056800540585,0.4829659126339649,0.6080479456855525,0
0.2205574640764717,0.18004538923550506,0.2981446795193321,0.6239804159241753,0
0.2182600598446734,0.5027701154199344,0.845247589102776,0.4389859910331805,0
0.8743171541050175,0.8488297502661107,0.6022089006743059,0.4865169856190968,0
0.249730729196932,0.02035993361342832,0.4539352749445484,0.959615356340527,0
0.2633131156729972,0.6047673484378931,0.4079214597641751,0.7326732809369015,0
0.0006419447129443,0.2771243855664817,0.4972630707911776,0.11038546232244498,0
0.8709134143570127,0.8627545660227759,0.0402952947734505,0.21194705609752773,1
0.7928162358793015,0.28356361232120025,0.892950466573815,0.975643827846757,0
0.6275017616751217,0.6870791634752159,0.9984974818115688,0.7264511047766323,0
0.7504747398406237,0.6745362066506498,0.1813933396527929,0.9150924812600174,0
0.1520816388111143,0.2215620575574395,0.1202676266151456,0.30370851280673883,0
0.458446725505205,0.03476541176963813,0.1434703065643745,0.741857458617311,0
0.3513110244983349,0.4094209610115479,0.6611024186628285,0.7139841749956134,0
0.0937924628718393,0.289298755801043,0.6615163448297849,0.2945340284425719,1
0.4862617926905703,0.8093681628151133,0.8480654459533525,0.5507443100282562,0
0.920998753734081,0.8007498819653518,0.7519337760316773,0.627368199953402,1
0.0400592601743056,0.4572215167824329,0.4496904898577867,0.48103695734835467,0
0.2915349787891261,0.6067917001129844,0.6129137306409831,0.8271972648695356,0
0.2075903250072755,0.6045377564332309,0.6883696452326689,0.832889464931684,0
0.23820504201446,0.8275585233475685,0.512759524943462,0.8506267826711104,0
0.9086900369823602,0.4251824329180657,0.4756609581387394,0.8034343419189065,0
0.4681950507839412,0.2755447514209079,0.6451671873014604,0.4879909020226375,0
0.4664248891301494,0.26512728477843533,0.5575133838644319,0.38131077161328447,0
0.7607876499552734,0.5364332231509779,0.6440116395480686,0.8313962176189459,1
0.1545259939377726,0.4493414519051674,0.6129131428317578,0.4901095775184492,0
0.4873969952815186,0.44030907369136096,0.7192924387690525,0.24619960593756224,0
0.4301000121971973,0.09113442075858469,0.6428724413132372,0.5072572693425006,0
0.597074572709927,0.7189446346016444,0.5197680122912658,0.14164377384648857,0
0.9998399829254536,0.2138009464063446,0.6818794977201605,0.6916036245835984,0
0.769663510743116,0.19700869256988365,0.449482708410045,0.33577883756729604,1
0.397971056418519,0.41293163007660316,0.2415986691926406,0.2604916882384781,0
0.8277847543412779,0.2278502939879418,0.0012609201568807,0.9565696904309846,0
0.1707469215730471,0.5841253291493139,0.560003860177666,0.7768830696479164,0
0.0304610059156473,0.37161402207353983,0.590705765145799,0.7870749157442016,0
0.2044968519039466,0.4491048421894565,0.9722340303486874,0.62367384759028,0
0.3405000152436492,0.537410800830727,0.3614480362543801,0.839195299609835,0
0.5107192544866095,0.2035941913072136,0.3941144631850619,0.7591587480750345,0
0.6152983798015784,0.15578410911025484,0.20171296084375,0.5987174060242261,0
0.9108618407440312,0.880851462991063,0.0704013742150948,0.9611868587600005,0
0.509992292878805,0.433908500345629,0.7729192799651727,0.19140520483273155,0
0.5014114055038166,0.41226655521199657,0.2496113328281239,0.9434363603488222,0
0.0502461454983701,0.035578807619974534,0.6089618366661256,0.4013171901191701,0
0.0349101801487054,0.498196306497284,0.6878578299438516,0.5283196210307136,1
0.5513103911736001,0.5544205159908873,0.4712451039466003,0.12252700829043947,0
0.4382958205763547,0.5590942248314881,0.876503423945806,0.5400319138220676,1
0.8394155160433278,0.7073657221908849,0.4437935782145104,0.6111545284941023,0
0.1607151940310449,0.17752622802938067,0.2848513171646942,0.9977759863269577,0
0.0249673668055125,0.25230848081429014,0.8961737696528687,0.9752594785592678,0
0.4491591686639008,0.81112183881007,0.8617103791344007,0.9664614768933529,0
0.2375367486485214,0.9476367510706069,0.1639400078179491,0.34824970184549614,0
0.0496173241649823,0.13595437411102212,0.0258123752308421,0.9913388342744298,0
0.7247997152814685,0.49786937937764764,0.0898594962698737,0.4553748905131597,0
0.1116141754688896,0.2142407520179452,0.2864906707135333,0.8518628981170621,1
0.6084867369075972,0.060053228806186354,0.972444941682106,0.21613832742229444,0
0.2811207540814254,0.3256288376664814,0.5585553554492364,0.5057464216814067,0
0.1735354283291319,0.14371350111468673,0.3732355904862316,0.9660761549045304,0
0.3798515498836465,0.710269216363735,0.8888717666144856,0.9470892350602832,0
0.8016698015002783,0.5339650058525476,0.4531383636887867,0.6837064244650516,1
0.3921972330240564,0.14386042738307664,0.3151920206694782,0.7978232570272051,0
0.7509787732792476,0.009193796338320409,0.94139372001149,0.17623198058279396,1
0.1255115576056643,0.8085470125331564,0.8496595119359966,0.7216425250435451,1
0.772987013307845,0.17623809377234706,0.8438081579727523,0.6180008280083529,0
0.2369913564786291,0.6064959550495269,0.5123076383730449,0.09132920323359028,0
0.6775806777450623,0.33705366928015956,0.7895590531102883,0.11294355553162977,0
0.5659362835470354,0.5857538920179831,0.179258821426572,0.10822662129510137,0
0.9294062920954624,0.31577372949859167,0.5732673472995273,0.7243417947446321,0
0.3874247711749007,0.08693434224179439,0.9840351495003574,0.14150911605720287,0
0.0661730063932574,0.2230193153041393,0.2909032585581101,0.4676330261367776,0
0.0191494800051641,0.18810875490308127,0.7944747168077129,0.35684626409274717,0
0.8270900588262696,0.4282010243275302,0.4904936108951219,0.5504320230339123,0
0.524878296901393,0.6585916257834109,0.039661923455867,0.7064554870851216,0
0.7754603725500319,0.2638977682552294,0.7631307334732611,0.6846944075555423,0
0.2344828941922358,0.01202369299016841,0.1684708026939461,0.5154363326220028,1
0.3451735784901418,0.5191688535220762,0.6315385033115248,0.4642345151865114,0
0.0301010860154234,0.6060385516966301,0.0855366097155041,0.39769343600049106,0
0.9617634112041606,0.9633452307772384,0.947043580905266,0.8619398891605099,0
0.6680526536850513,0.5897409402522188,0.2916689852160701,0.33070769937090705,0
0.9334678565865464,0.47137787651749224,0.2263867711754343,0.25919828720456783,1
0.2655628379157143,0.5736629581551972,0.1290241534621188,0.7433065669539596,0
0.6116317726448125,0.9283562053447048,0.9461780715693706,0.3596288315577759,1
0.6786878416123443,0.8287791890035415,0.7119970483388016,0.8470236536420991,0
0.3176314369060906,0.32310284957904956,0.7417646906995046,0.32774364202824335,1
0.8483469815853922,0.23733150829315722,0.499422913543377,0.701922339255703,0
0.9474283355704014,0.2627246632389719,0.4747374333223177,0.044871252858231896,1
0.8851036693156961,0.5046445749369313,0.1099022499955992,0.3854367053446003,1
0.7392726588609709,0.7444042877938191,0.5598807652124833,0.34309012629133834,0
0.2775346294570268,0.5034420838758131,0.2468457884654142,0.8166938562802956,1
0.2816872125371278,0.06778068812368596,0.9773321959888293,0.9671198039335214,0
0.9636319563563648,0.7239243214132907,0.7967041136615052,0.4607797864043894,0
0.010275881893665,0.8063588938846749,0.4129799325224965,0.8248540676690712,0
0.7162488880622514,0.289603635918595,0.1512368402905508,0.6996714781941432,1
0.7064421945853463,0.664436782666091,0.7854508968959237,0.9674504967130058,0
0.6228610033300997,0.4267727907884286,0.1219390182552757,0.8111218057893476,0
0.9903883473451988,0.8895536815036892,0.1892427359917974,0.07725092101145029,0
0.3119595050828152,0.8456358328882957,0.2114373260612865,0.7132629525619217,1
0.3400601936320306,0.5256670462191697,0.5569292672020723,0.5354226802102399,0
0.0789509767363084,0.6918315916134528,0.787176468184704,0.016188907375564096,0
0.4429167022329087,0.883780865389359,0.3142679451637136,0.25114278555738295,0
0.2611136488313298,0.4959357760375415,0.0845418792014029,0.9218047992832866,0
0.3434760361425097,0.31336952637396487,0.4645445175496334,0.9261123383120677,0
0.8348055561680788,0.7540262438161054,0.7482163179880033,0.7988597342533853,0
0.9357479526151145,0.2201339814148364,0.2215842292069965,0.981848829619382,0
0.1857760482499117,0.3886911828340208,0.2198443206664535,0.8065570205208237,1
0.3726068288489553,0.8661487454688465,0.9474033376063816,0.009954994326153398,0
0.9288919858129384,0.7247664224084749,0.954332480597742,0.2876761364696269,0
0.0618149971612427,0.4039794124791166,0.9906572936853806,0.030381681626379393,0
0.0923760483549089,0.21480931305190348,0.8077866829399838,0.09388627398700428,0
0.1628272193795035,0.3561105833111438,0.1880927461757551,0.21866000152427725,0
0.5953762170390173,0.28420696460821326,0.2118984917235309,0.5034710428732984,0
0.1505048788859558,0.17613291795376107,0.3401874471893436,0.8475572321619289,1
0.9683494041089328,0.743687357513189,0.3180869443533254,0.8619967156311622,0
0.4468342445541882,0.2521551494638896,0.9567073399330326,0.6161512722646615,0
0.5016537924806855,0.4543634695845377,0.7891945086379906,0.9282275976089982,0
0.2467195070788303,0.38601801773937644,0.7241063678104851,0.4999736773042956,0
0.4710870991351671,0.9825626395794637,0.1858710176834961,0.8890748751612285,0
0.6620966287794172,0.3912536822962907,0.9096885713786732,0.4539615321947861,1
0.7513863808431529,0.07997345230385378,0.8280045897142969,0.27706332653994187,0
0.7540781178659931,0.08982211557379219,0.1635417616476857,0.9164607214891329,0
0.5780494021902808,0.5910245614707984,0.8713198151368218,0.3878096783647412,0
0.9046140619172234,0.5996391095031687,0.272185764613944,0.5033165547776646,0
0.8176365661970433,0.418935588272864,0.08074047037978,0.32871587445200723,0
0.7572590849364592,0.4320274596983595,0.656896183822397,0.6628022981644249,0
0.0556102341912418,0.053909278636261646,0.6538774722934875,0.9951047943681054,0
0.0068683464935096,0.516776689608577,0.0948076942226663,0.025269373319791892,0
0.212498108696349,0.5049631850848466,0.3188064756634858,0.8998903804938041,0
0.6637070634616032,0.14957840632782743,0.9930068523347586,0.003674806466937399,0
0.4113067624673811,0.1038434277050878,0.6785081647109905,0.36409471415391376,1
0.4025129478414794,0.12358734469753781,0.7301748820130527,0.16840952741790147,1
0.8848353609769919,0.10103074775717859,0.2128345865960454,0.7573374508768702,0
0.8958145483372645,0.6099894215177987,0.078652059176882,0.050374890473968384,0
0.909430966961436,0.19653745669777767,0.2768415596197968,0.5534138127648066,0
0.313958733530249,0.251515064266701,0.2488283776116304,0.29477025424261494,1
0.6912473780787609,0.17361439492438815,0.2344690300541643,0.13346152005930817,0
0.2717014162665226,0.9583072822557889,0.1926645109011246,0.771818626740684,0
0.1906542433205661,0.8550328840544034,0.5748006210316774,0.21723555213974294,0
0.1846751099586577,0.230568278190985,0.3280614058612201,0.22349598102907633,0
0.342196578717275,0.3276929238328903,0.820476570872863,0.27491440020828267,0
0.430072409741901,0.209954994543031,0.1838545004478717,0.5867065306236662,0
0.831181871743922,0.49209262076520544,0.4646331561477694,0.659629590097532,0
0.1199147090213928,0.019568421938220816,0.0135048536654309,0.017355755436278496,0
0.7351303126263072,0.6716830205891547,0.481694423544873,0.24169636803808706,0
0.5315995492184724,0.5233919518007792,0.0557001161841412,0.4308595495195919,1
0.2880183742250803,0.8990784702061915,0.977910578999186,0.3318332154096784,0
0.4929528589241316,0.16442990533298044,0.7907131898943902,0.8842078949815985,0
0.3000186289386173,0.8044969916278715,0.4901265508979904,0.7877143534041513,0
0.5962455937136932,0.7923421035642997,0.0864600994707842,0.6258428044601823,1
0.4339598555766126,0.1271980206554924,0.5924966107805361,0.3379006671104721,0
0.1644422340042248,0.39872475372901606,0.7588735852871196,0.7006494424910895,1
0.1166057173883353,0.17019301824423844,0.1906267234940841,0.8436619653485646,0
0.5468447986172094,0.2548072154413161,0.5682509617509979,0.5947727868832678,0
0.902666747774143,0.2633375613492632,0.8143402905530337,0.7844660251689416,0
0.3440471884193135,0.556488320812552,0.7683609574832246,0.7490979321098351,0
0.7332040061941673,0.41158350327525767,0.8031174528597731,0.5716721522778034,0
0.6588433947567195,0.9481992462768325,0.8794757838437519,0.31203299296946246,0
0.9318171979066704,0.12638652898256192,0.937855045687165,0.7457740397122796,0
0.8212107868732361,0.9741728012062367,0.4055063923595767,0.20661160354270164,0
0.566760229819959,0.2307121598486789,0.5688119212809681,0.7794912748813133,0
0.6572120585010576,0.7732445669575083,0.790780611062317,0.8045578330500441,0
0.8986389970685594,0.3391028045589899,0.6972279122393275,0.8221617880204118,0
0.3996246240732038,0.14310693917188833,0.9957135727344096,0.4728184248808078,0
0.3268791609808356,0.858306398847361,0.013524675333123,0.19229131323234935,0
0.0108026244351807,0.30897727976386796,0.3551006793950435,0.09950374575462927,0
0.826782481629136,0.6591635597964501,0.2809692515750797,0.7433523387827295,0
0.8012045889261177,0.5667012048288559,0.2622505752568287,0.8862993062046852,0
0.1044735945561372,0.47196194638862865,0.2224504740568136,0.6507991241388147,1
0.5770153666622897,0.49603829475086814,0.709216166172439,0.14395476946169566,0
0.4641064928380376,0.7325862786758257,0.084631569826385,0.9349503096067202,0
0.1187323634937637,0.08776815229840379,0.7417126175637421,0.9891736406914048,0
0.9808449229199911,0.6684939271840055,0.6935126302997645,0.43326810605896776,0
0.2147473801633765,0.8962500943797814,0.2507347971236981,0.5947676971305085,0
0.0672423119840206,0.05776700545005835,0.2527651636961181,0.7772307077871359,0
0.5950106549528842,0.14067755256570455,0.628924599859765,0.7363785935530371,0
0.739072301157186,0.716971750188536,0.7622821419275141,0.9678518324714558,0
0.0324413477980835,0.4374683952898083,0.8766369710947686,0.11466820506362838,0
0.6588996950941047,0.4037168842750892,0.8522823344061621,0.5806626527969106,0
0.5324367570874767,0.1369888277932808,0.9650655321211516,0.6919056526106266,0
0.1032837355583351,0.5069948630447603,0.5814321639977891,0.8901376033948587,0
0.1725629690549149,0.12656179421369992,0.9088182664868114,0.8741435668366101,0
0.5681296707934571,0.47682875855579754,0.8086406557368093,0.9780677811266226,0
0.2964331186730174,0.7639808563845711,0.8948253955679633,0.5119937427576526,0
0.9385800002518192,0.2583530146825829,0.0114729020576689,0.830780599024124,0
0.8189693401591768,0.48099675297387673,0.9660858896016152,0.4271692060830617,0
0.9838447842165648,0.9925066760652017,0.4735393884671737,0.4221997476797512,0
0.2597355564408319,0.6869738088512302,0.7983067283038352,0.25317885837856696,0
0.9699971398269888,0.8417649261801506,0.1270911871687872,0.8182529148142972,0
0.4313490350322831,0.41502206115762996,0.3959229538453286,0.9858856547304627,0
0.3476093443119624,0.7682288068845897,0.2713986137147017,0.25617320328317245,0
0.0503526939658852,0.040478513549808234,0.2916038455683818,0.05589744708015089,0
0.0527691351967492,0.12292567428494391,0.1231412950481711,0.8155571820174534,0
0.69220310223223,0.2031290069932236,0.8058902452234378,0.620180786422405,0
0.4580520093203079,0.40211931318722394,0.0090877743563027,0.959760790239799,0
0.2265765960698146,0.8461554376082051,0.3124578851962809,0.25206934947685794,0
0.6141392048328342,0.34640292699288133,0.1743142619245645,0.07079839902433789,0
0.2529208324742595,0.6549270290031078,0.5890889090413154,0.4923511142181018,0
0.5777899675768349,0.7096500986810843,0.2541842835277919,0.08524149594621429,1
0.3593027333867309,0.586450689383463,0.2589320094916232,0.26162326162847016,0
0.8237827522446336,0.35738485848956303,0.4883525927584244,0.12576661094872857,0
0.8209258465794071,0.5773166748823236,0.652761458743214,0.22395309839850905,0
0.4774791238318061,0.3424002769945649,0.1211896915261832,0.10592690291388547,0
0.350910628783657,0.08386684022326386,0.1754155594916469,0.9539660906122159,0
0.3626547683322526,0.9932951166337841,0.2471041290421425,0.27840147098092355,0
0.8059398061623867,0.12719928576393622,0.973933879058336,0.4437905295535709,1
0.3282643451114325,0.07233517033562457,0.3971347852665801,0.8986537769754113,0
0.2091092090017887,0.8789592730909915,0.5990435690815588,0.6772910327453389,0
0.0847016061285248,0.3019471914822705,0.2414702106414736,0.6179874958667766,0
0.4668187128437364,0.650600440160051,0.4904747221843735,0.7055418909071803,0
0.4822622306783628,0.32913314829352047,0.0739875178395692,0.8288413539659638,0
0.8411443396734707,0.39161590731044205,0.0345966001208495,0.8777043735889947,0
0.2212921130453789,0.2622037376114294,0.4687410605495969,0.6425977489696005,1
0.3810916651788431,0.34317911651934296,0.3986421043234429,0.8900464240283643,0
0.8086318107334787,0.4108725827748051,0.1367708005588142,0.5353204587227566,0
0.8238541573721444,0.720757956046113,0.6876861627891842,0.27712919696745686,0
0.3847125318845081,0.5117636281150282,0.9930959123811078,0.8801126036238429,0
0.4592473895686949,0.9440293758512385,0.3956285754301163,0.5413977497990053,0
0.3033634332544686,0.04185048579033163,0.6246211330283415,0.9061820233701537,0
0.932817456053856,0.5032911166496068,0.9631578076572964,0.03992844112164679,0
0.1186670145161511,0.5844920515038293,0.8316704752478685,0.39739349415022207,0
0.9340123518893496,0.9206483404432155,0.463557929456492,0.9478631100421712,0
0.6840559031583088,0.04913260353172434,0.7375918150835403,0.24947937461081035,0
0.5317168221896332,0.5737609708681198,0.1280224364404389,0.9415922832218946,1
0.0326570259364548,0.8540448083234747,0.5121266869830876,0.953962551154556,0
0.4757244017107203,0.24200743346593723,0.2790009084461502,0.8821788859370934,0
0.4078563643034539,0.8767196459045569,0.1610627341097128,0.5636002416296035,0
0.1612545798529709,0.019000987990309217,0.4262734658899276,0.646898936573231,0
0.6565909811948096,0.7328031124635206,0.1309029662996366,0.8696494651763291,0
0.9714248340843992,0.9335716528245104,0.6990738573490987,0.7758988338159134,0
0.5623424833317727,0.6575049088706818,0.4562431710200769,0.6300478160548644,0
0.714951809973072,0.4392169485985193,0.531174180238537,0.9823287914608689,0
0.0684589421018532,0.04485275257732194,0.1462697688755909,0.6856488193596079,0
0.4177781717468098,0.9205651221181171,0.1396631618083503,0.975549154841464,0
0.1163810619570938,0.47050105965337297,0.5834634201432181,0.05715474559193539,0
0.6129643886934335,0.028959776855449725,0.9851993849922068,0.13875337569508367,0
0.9387464787529224,0.6901461941422278,0.0961267329884307,0.4513542676512899,1
0.6619606886528849,0.48204841429929557,0.285674412912634,0.3847530621381732,0
0.076813993913564,0.12436059500110741,0.8696079961255947,0.782738833756914,1
0.354758855664152,0.21433636094762779,0.0721397041689257,0.16041412808363717,0
0.5508136626790415,0.06447316142668136,0.8760368677776498,0.9761625424679425,1
0.4033146803538872,0.574555360678907,0.5243131118328606,0.31491659615702267,0
0.8338775035759198,0.6223174565239132,0.4082529795303244,0.42881174383668996,0
0.8148989188380832,0.5059665575440451,0.3096319961528024,0.27458253878340133,0
0.611999289558185,0.8174969978566738,0.2970641585040496,0.5793009578517273,0
0.3735561214836523,0.8614277442740786,0.3057526463903741,0.05839537787287639,0
0.2553998167132415,0.615908864371416,0.884957372744914,0.14947402290385067,0
0.1058938121583682,0.012710613580266813,0.7238927304950948,0.7457895902245099,0
0.3549904022313924,0.6955577421263166,0.6698014355368258,0.18630916895081456,0
0.413282371545502,0.4181753984022899,0.7988730873794552,0.23533910066434255,0
0.676010011244831,0.5658145173855665,0.257047553507661,0.7929895865548495,0
0.65834171664049,0.6493834016098147,0.6181030108999437,0.09307921919322698,0
0.0701171166165099,0.35037566615187143,0.4600707155185759,0.43736466103959837,0
0.3953639024294325,0.9175481617674928,0.7825598215628773,0.022818408448369996,0
0.1818206807364424,0.13399542069767462,0.309207392559216,0.34666852302342915,1
0.1568471775882088,0.6718268977658944,0.6432476817101787,0.6989579460746758,0
0.8275337780271107,0.004309112854884604,0.8823657898087376,0.08988027248978718,0
0.0419159036215043,0.9251049003522196,0.4021345244288383,0.8883732279277479,0
0.4192944975733042,0.11251292257035139,0.0664877864124378,0.9095445804103214,0
0.1682414775230711,0.09488336487780208,0.5160750460542545,0.10477224692039047,0
0.8795771427122857,0.3331372444756496,0.3459367206703732,0.9908045968742154,0
0.5571926716960881,0.3737181210610772,0.6723046909018038,0.29737452702458195,0
0.2314370351923825,0.2143646394466067,0.9512105774427296,0.08387669696678039,0
0.5025633866825435,0.5853894150289044,0.4856218038825872,0.004816237939453599,0
0.7316898135603687,0.4431039313164597,0.4661968667998195,0.4084042457996181,0
0.9583881033390232,0.03414145924274603,0.6546578882756435,0.6297638592734753,0
0.2204991877552505,0.3197743556633761,0.1033762095129162,0.33203557945181567,1
0.8864307138489976,0.8108241241131775,0.2534378066301741,0.8367390498388021,0
0.9345672061611467,0.6900265921768465,0.9191456720946576,0.7165885953172809,1
0.9166783778994838,0.7252151814762111,0.6700211185297604,0.35002375494033094,0
0.6355895609477107,0.6984465925041048,0.0132909858128726,0.7342977883822737,0
0.6299942137040119,0.311090559220933,0.2045398488225345,0.940543430519498,0
0.4033175582504484,0.09966567577846869,0.6829203194588729,0.09287397213437738,0
0.7526074851505142,0.27256362308664994,0.7645110249115348,0.30595174392018837,0
0.5314386060690144,0.832188210494122,0.8399980117681167,0.4632252500296402,0
0.6776256322993909,0.9809551784213371,0.2921220611725417,0.4979007993367035,0
0.4285722528225426,0.49406475606064193,0.9311991929486324,0.5421208041646,0
0.7316999208715518,0.009652814231133108,0.5529841314502519,0.30047289527887444,0
0.824702313552957,0.14006869203157551,0.6966269087673496,0.6672257931153325,0
0.1464676777011825,0.3222041993972183,0.5967915471665108,0.645043383091782,0
0.8331629986380542,0.5788495212054322,0.1226255479192488,0.5777583413929773,0
0.5404437666786331,0.07508193653629827,0.9632965736066196,0.11354646818368987,0
0.8449026431572016,0.9438213434778717,0.122761120941881,0.47687167295446586,1
0.4314168915289353,0.3652308603665129,0.2548140593836692,0.3560910982911624,0
0.379140303268264,0.913031400974181,0.8137570667481739,0.49094686311822466,1
0.915318166034762,0.7808966238838877,0.6186573557815436,0.921916026212438,0
0.2512314851695338,0.7557983488928108,0.8382870011673234,0.480436292885007,0
0.8444489259777519,0.6069991681892383,0.5157603011072851,0.013732836606036197,0
0.4841512595696333,0.6270743994027393,0.376968410017426,0.4387280230279828,0
0.5142349730641078,0.6382999651047806,0.9220128571127546,0.8206645979785548,0
0.3085473477657958,0.6290130310433272,0.0361073043883166,0.7800640392814066,0
0.5731990643027565,0.553978783869296,0.8562743985083046,0.5133057922118437,0
0.3252951857715898,0.9869016556334289,0.2307414001299221,0.24959833368610604,0
0.0392693231542164,0.7326389608599582,0.8488778978998255,0.4649885515338331,1
0.2720669477886923,0.7773192504165143,0.139087911298148,0.56363442715462,1
0.0063692809744177,0.872888014120102,0.5802658210987914,0.9999465939436561,0
0.9786308320587216,0.2157050639159108,0.8882633764945922,0.6441366726679175,0
0.9660195475899012,0.08379722264113187,0.4735488758648429,0.6942399277732512,0
0.3952598538843166,0.48310617659164334,0.746672206176946,0.4913626730789974,0
0.7285733920890644,0.5143095237267139,0.8047976452847649,0.35435319219821476,0
0.3458961437936913,0.8295832636930464,0.7365961882819434,0.8129668795909363,0
0.6712788524483424,0.44397388897803086,0.9254983234165336,0.4948419937718694,0
0.805655239888628,0.5711129613286229,0.446834039822825,0.9947635875378004,0
0.9470229982088278,0.527306884459446,0.1730287045852137,0.45701785146554097,0
0.4003183192555961,0.03817086060922743,0.0476701276326139,0.06777003249400218,0
0.7835166719127277,0.6154991399048347,0.246389001931,0.6825493046292463,0
0.2659950081601607,0.8284441456939619,0.1430902129748545,0.046404199734500794,1
0.9906118707592528,0.15753399262187623,0.5579877435827001,0.25033115780494347,0
0.0257655380844159,0.5946045345708578,0.1848527718031363,0.35360164796891286,0
0.603694634707543,0.5938829499240651,0.0387896399556026,0.739473403069512,0
0.6596882698289974,0.16422207124324215,0.0358447231559253,0.4941453676062474,0
0.688236237254247,0.12347836814916942,0.8317050133439992,0.028402782356741194,0
0.1204113403282383,0.9805360941085813,0.5915007502922975,0.6167994773532018,0
0.9387941180160058,0.3938820471915617,0.3580538072468258,0.4113185422665423,0
0.1812249174377087,0.2274934856921648,0.8943856589428663,0.9218840902013986,0
0.6229248843987162,0.17136556368362493,0.0700635712760231,0.4994734979817432,0
0.222729918381769,0.667914661581929,0.9805100564312568,0.7089549647030544,0
0.3072951151894548,0.6097263792565851,0.6163513714437912,0.21868768597323915,0
0.5466075885425815,0.6438518933185021,0.1833711661454486,0.760970424998773,0
0.4173044552399912,0.08800139341793668,0.6791508232809136,0.7209390555670033,0
0.1602610768027383,0.8939713285426433,0.7634927230788549,0.9041254705606482,0
0.1709750277358379,0.3894268345072665,0.4293364230062053,0.033580189027302594,0
0.4182561045864544,0.31348825733699776,0.8617787252288593,0.44739482204436176,0
0.7574940175744779,0.4625619364501462,0.1506277741384991,0.6791254485288405,0
0.8982170532971021,0.3902269416142821,0.2787781362942567,0.09494255139535267,1
0.0841407616459327,0.8639973333078163,0.0933675384414769,0.4104860992574394,0
0.3932078607645002,0.9297172960645144,0.2107944222362263,0.9422028402849776,0
0.100263402544633,0.3035666339059342,0.2386552172687288,0.4358248246669022,0
0.0165857214402746,0.8643563342308934,0.917799062700901,0.9854751979205754,0
0.6619016214617246,0.7818984993242182,0.0779794397582165,0.056605152002603985,0
0.6026149527881265,0.9312648407044336,0.4274080798885009,0.717812496877123,0
0.1630554110677243,0.24583211206896052,0.532428677236993,0.5809541183945655,0
0.2338699470909548,0.5772224316786702,0.8988522449249814,0.5004511842907082,1
0.023703086683339,0.2746421620793209,0.9978903306570572,0.9709130449608928,1
0.8351810819969793,0.8244931867118729,0.75349605338495,0.12944035424059747,0
0.974965563602716,0.005274252015498204,0.970975612423274,0.8960400646976716,0
0.1354877302115611,0.5650757924923259,0.7872209624188926,0.6912144176064396,0
0.2315316403911158,0.33933643760423876,0.9633845862264464,0.2588284181573762,0
0.8686532397741881,0.32280766163715785,0.7073623976620524,0.90171211697025,0
0.9267245845212612,0.6452068362131685,0.0796337597720935,0.4291830756161048,0
0.4197391351843186,0.8518981535214357,0.4019041539978758,0.814241641664113,0
0.0506257195246005,0.6094763363898498,0.6466675544914153,0.3887114151671881,0
0.039391778602567,0.8535876080623587,0.350684416357204,0.8509571700468366,0
0.5741069966498779,0.26468923862853994,0.2733225471872913,0.6365852268810958,0
0.3929990007014672,0.5197336533276986,0.5774451299643886,0.14084032227801838,0
0.0286492145875009,0.4507305489612858,0.93367334576088,0.6496235436187437,0
0.5834122582818053,0.01159842429968361,0.034836412272547,0.19115493585514234,0
0.0112942218997198,0.5570643854019335,0.7693447302570533,0.41180509214123817,1
0.7875918450498358,0.6618339421165432,0.7228244016717227,0.17009885885212128,0
0.3065112904572855,0.5921858805183421,0.96413563546362,0.021770793890758297,0
0.0402582026142552,0.7366304781211157,0.9308817070579424,0.21170344486309625,0
0.5885135865463536,0.5715997308104749,0.7623436201652751,0.5362952743979815,0
0.3977897145266176,0.06673397392667366,0.5204345255494616,0.4814662549480026,0
0.974075119154956,0.11645647305200679,0.2041818032500018,0.5014089164741982,1
0.5443470448054011,0.5967485523321493,0.5452702362750657,0.24751551688500276,0
0.2753084763658476,0.27507700745002883,0.7654641523417709,0.6851332147137577,0
0.7096358354714261,0.07963591369315727,0.8958273371768968,0.70424156134276,0
0.2715601960215536,0.4297852829354184,0.7898327600145549,0.35783260692784735,0
0.9044975440791764,0.554573476230265,0.1951780104662077,0.8812063415529684,0
0.3748205185423406,0.3288732646589437,0.5997400382539269,0.6439817483766054,0
0.5500186123002178,0.7207755988413991,0.3321328251350053,0.7130204259799015,1
0.0505763365630673,0.6440704981484716,0.0090511142394973,0.277178274717201,0
0.4262348998342594,0.33294786880591176,0.2001337584627478,0.00035929838111179997,0
0.8325966562419784,0.7552332958417061,0.1131027854477935,0.8654066887776773,0
0.8058740665325927,0.6489976308615445,0.8428585712680814,0.8224413846334305,0
0.224372881079939,0.6377418029360534,0.2584396334993428,0.12297972511151227,0
0.2261339109118922,0.5536780885860719,0.2846405887075391,0.37397520508610704,0
0.8175340009539412,0.01134305303432811,0.9601173650302712,0.6613035152195326,0
0.9306603637018324,0.6968359698605562,0.3790626361246936,0.6520720395629346,0
0.0953773237758663,0.3761949825527052,0.0094312210190707,0.8603797645247074,0
0.45017934005108,0.9430733452949981,0.2837884677078719,0.14006159519719058,0
0.3375418685124592,0.8183801195615831,0.1191838603058528,0.42982811687356637,0
0.8709328413997366,0.5879636333708792,0.1026870246483184,0.09700374454544568,0
0.0835378368299039,0.2522673058540008,0.077356821607367,0.3894703952212733,0
0.2111763855232275,0.2037761617568671,0.5933109272938637,0.014859859598131396,0
0.7526779611504493,0.3405184913464992,0.1892567110522023,0.8983149234335238,0
0.0512972936536596,0.47677621705159234,0.3612124131202918,0.5269641903813396,1
0.492668571536058,0.29617487949541066,0.8621639709511371,0.849828233545128,0
0.4422253971518339,0.5151587885889746,0.4243300141697403,0.059671796643747985,1
0.3344878707793183,0.16540818225861204,0.9158565368953616,0.22728011923539385,0
0.3946767003062527,0.9781956822609503,0.4979558882849844,0.25921246590358765,0
0.5300847766746375,0.1079308349755231,0.3988194941925371,0.3865656897595874,0
0.1614031699459936,0.9324019307268684,0.7504958076678392,0.8028769626054111,0
0.5721524342984399,0.9140257389885632,0.0730431092227092,0.3864320250600396,0
0.8056575268149034,0.5255954905424729,0.0893521440100428,0.20446806454876304,0
0.7603728153447584,0.7252546213311459,0.6520458810122278,0.06475902269510639,0
0.1539335204622473,0.4362343692191683,0.4869546690938477,0.07926526335467028,1
0.1492817180592784,0.6303269411062434,0.7905362491738117,0.760043762827941,1
0.2682415856801838,0.34070969580074656,0.9164362285868036,0.4446962313305899,0
0.3611692614324044,0.3012711801658601,0.3883460640882177,0.7261665797648531,0
0.4085640487411612,0.5784937639560847,0.5964625949825688,0.6822581939269438,0
0.6798854422014805,0.49834976213188886,0.5007154357023254,0.13515428755231207,0
0.0566854607517961,0.5798010628620954,0.981799093861042,0.14268222634527308,0
0.0346712614856668,0.28676479743227046,0.8312197512320907,0.7553370302453275,0
0.3920141652485204,0.3671060458204639,0.9119015005735136,0.7212521411442425,0
0.6973570534866391,0.08389107557233896,0.2542719994195082,0.3779021235712149,0
0.1934805840378687,0.05225216056805855,0.7726411121839547,0.07719510009208269,0
0.6416814761303902,0.25354315240881253,0.2654090637733901,0.011849449415243296,1
0.2598929016841562,0.07423468607564047,0.2086583618814401,0.28799885136018355,0
0.886335022403571,0.1037787147896987,0.944441425543708,0.008972758820617498,0
0.8959416818443948,0.8133209833069807,0.0191534256462091,0.22989548673290305,0
0.2973629827852762,0.038842141486921535,0.9655714199970192,0.4193856880713003,0
0.2300497449689027,0.6592509973884303,0.1491567451453477,0.12120302028299537,0
0.4114132769622239,0.2726542374927751,0.8195693177207417,0.10405939607714977,0
0.2405906748130349,0.8719703772124258,0.2758620775811593,0.8964786924420753,0
0.6725699181776487,0.48520517405968766,0.3506682286258638,0.5854093708331046,1
0.8262959489641003,0.30569104018811305,0.2166763669271674,0.9345094033988596,0
0.6732784140676547,0.5178697134893127,0.5855627675950146,0.34568696590594555,0
0.8245812075972727,0.3821144522107479,0.3480605292270553,0.6771143242184269,0
0.3970972587457183,0.5645574103904242,0.657467118114532,0.20450622202567126,1
0.1563512972105396,0.1145427692782227,0.0154950369209245,0.6182904318351451,0
0.7381563021533325,0.9974839352132997,0.0642397899154545,0.12937566256467106,0
0.3605688637391331,0.4257361997549184,0.0995385054744488,0.0018287838458908995,1
0.6714565728344447,0.34836859238385764,0.4189836745619715,0.9315845597859962,1
0.2707118860901741,0.7105461429010347,0.8149257712709002,0.5548236972728466,0
0.0812418820343128,0.36404594467350593,0.8883333925491854,0.9269919164814894,0
0.9928620239116944,0.8336780312190059,0.2447392906654641,0.3336883947585814,0
0.1562358004806897,0.45446678035402177,0.5744145184753577,0.32764095891102624,0
0.9886999989124284,0.7198998302775912,0.7684782138741681,0.4005337732242948,0
0.977555661509598,0.1074592381884605,0.2887735070084147,0.7060198410942116,0
0.7940398862842774,0.8465299499344433,0.4089942036961389,0.5657415322685149,0
0.6596052258479371,0.7360682582232598,0.5240012211710336,0.9254056410908778,0
0.5779653150288917,0.2117799301026421,0.1347646198948382,0.025196701778254692,1
0.8663445825488189,0.14531276149077244,0.0258336581070608,0.7081755013625035,0
0.2895129925287683,0.3164128012213568,0.1527019075006563,0.33018341209380414,0
0.4678070949904731,0.9765525556300503,0.6269169278627515,0.18004018347144507,1
0.6195604615146829,0.25691944628706165,0.0734864283028997,0.5103103598172632,0
0.4112997473921645,0.456324282177372,0.1896054752468856,0.5049767740469489,0
0.4276005174112459,0.029983819040457327,0.3378152549262125,0.13680339477361836,0
0.3303701488410632,0.3973923294659961,0.0777397307919329,0.20170968731465455,0
0.5643860896933123,0.5715802070985895,0.1916090880331467,0.4080458975325071,0
0.8508129994991273,0.9535940091514545,0.9114334162329244,0.4086928569850774,0
0.2015759988277247,0.5169663280124293,0.019148139291353,0.31740967731813374,0
0.9346961686571028,0.8195032897518705,0.6535046056105713,0.14834129773128807,0
0.6892786403546949,0.5473745783310489,0.3843867212658267,0.004122575280098799,0
0.8235036562693818,0.04075450518729883,0.672728199116186,0.9703005052189432,0
0.5563426011630818,0.3151280240937287,0.5887415663231863,0.9435559102258444,0
0.7797342785028193,0.5758120169932127,0.2234197876929826,0.4835563511201043,0
0.0161935228558718,0.9510619759389741,0.8473505191648272,0.9951253293649086,1
0.8186094296548405,0.859548253438155,0.4919561019714109,0.673622573677457,0
0.040139023656368,0.22842788285815288,0.8226683475602456,0.06862756740612069,0
0.8901634153529333,0.2201775805258041,0.4059979466665311,0.11750424223168048,0
0.992242793632732,0.20123034140711227,0.9848750767267732,0.9161585482580353,0
0.2941422939222974,0.9229515119739088,0.7706033289993854,0.6300061550998001,0
0.2103687618407395,0.8530805048087381,0.9661331195016628,0.8432074302418491,0
0.7655767791774942,0.7752551639063359,0.5143500944035964,0.8983115068378698,0
0.2530891046099257,0.39289745256208286,0.4737004146893113,0.44783628034324496,0
0.865805261803669,0.5046042174192054,0.7555624764120452,0.048289318002264686,0
0.1028611946300113,0.4645333135970672,0.8804439633680019,0.18808951773483415,0
0.1259805950648125,0.25348409795475324,0.9643280737947322,0.06634122803300149,0
0.9794278343904572,0.5052519139719478,0.3245085833250911,0.18854916512921843,0
0.6740254010118221,0.030460402170538328,0.7988284965473511,0.41041493524910627,1
0.8471246116690586,0.1318297414387751,0.2105620973465463,0.11798301052177187,0
0.3244131075498865,0.8870225357955847,0.5456089841375871,0.16653535490297988,1
0.676671029975399,0.7520387845312626,0.1797537850956274,0.445715356259149,0
0.5944049246982162,0.4230472585529922,0.3473620972020796,0.34002989909720965,0
0.603315836977432,0.5173808723761657,0.9315290801959152,0.4675588549098027,0
0.6827215186030429,0.3701487662704273,0.1459844293696832,0.429060145238762,0
0.5755167181137588,0.741132912198865,0.6324661584055704,0.6444367067778962,0
0.4291768960182153,0.7845640087554162,0.5930056223952462,0.937244161494321,0
0.2759921906950549,0.7636505667471754,0.1206231399036497,0.10764715213795947,0
0.7687956924691361,0.7229548148698874,0.3259362244482986,0.09904014310870657,0
0.2263273267613229,0.2045635383687385,0.5630222818439137,0.852833068300648,0
0.6925462533131854,0.33810230971843086,0.1870868313102747,0.5063101313641464,0
0.2333897955011506,0.47005002494207515,0.800748256025571,0.7664036641149655,0
0.6255024088061909,0.33092138936632165,0.9723416130414152,0.21523996768310694,0
0.7472863057540418,0.7553010041710759,0.2146773507136643,0.8288816832411194,0
0.218766563091479,0.32948113345086966,0.1868200930603336,0.9238968638673084,1
0.0599492888869829,0.1382549734228596,0.4549377384680824,0.6354387483644648,0
0.1310006173727615,0.39920624531590965,0.747871232290727,0.10566118450959758,0
0.6061635212349585,0.9803985085675153,0.2815421375399722,0.8953356964025627,0
0.8496845459878948,0.22595232590574468,0.0197291206159206,0.7924949161323714,0
0.0449984142800332,0.6124412276245584,0.5412537297604061,0.7508713282381961,0
0.7343554965069745,0.43315743604314466,0.9567801843072914,0.03648768879135549,0
0.3414073718073103,0.07101062878063406,0.3912570682449683,0.7989718360373669,0
0.4786574420090699,0.48809107590752315,0.4201249458475971,0.13774368461850608,0
0.9291210408764732,0.7024962147928011,0.969085672574657,0.22220652270881705,0
0.3320574820857839,0.5134483323147854,0.6946948167496814,0.5770714449443466,0
0.4654621271148801,0.8725310673056467,0.7192677924072086,0.26481507917034985,0
0.0136747998695761,0.2890424801466678,0.5627426841134309,0.661312416059031,0
0.0816110757612088,0.08624357456340988,0.9747951794985354,0.6080171964582451,1
0.2586559912746395,0.9370259350073675,0.6889516645104763,0.10793250519653377,0
0.027848792537679,0.37835072153467875,0.8951906516485764,0.6559770413222913,0
0.6315493424654908,0.576668529673969,0.6994677537959006,0.9240051849885378,0
0.426512100169869,0.7923842383023307,0.7352173182153692,0.16091016931709387,0
0.5482947455016177,0.3244385115490361,0.2903555570626039,0.5970051618549508,0
0.1746869023594372,0.7165040955590347,0.3034279422630064,0.34172487596671536,0
0.2960074094542377,0.13544019497789792,0.7831030274733592,0.45950976539102256,0
0.664008032874287,0.29140050203515266,0.2966531446224252,0.28684170186322966,0
0.9655749307003192,0.14473707261284754,0.5628107735522647,0.35399416013454615,0
0.0504199603724729,0.8116222060007148,0.2492824634360033,0.028668761455150793,0
0.8906344983255797,0.2227183771682465,0.8171137509025854,0.9816208895791517,0
0.5770391938450715,0.717743791690381,0.1103825275779044,0.6247521536667385,0
0.5640737479479615,0.9437624097393353,0.8295814059558921,0.5006171520280891,0
0.5004140028879092,0.5280085392671565,0.6027845980466111,0.3835885692341025,0
0.0694028529134288,0.5402722385171788,0.1868176622397328,0.5392987935338218,0
0.0898916416598488,0.461233329705712,0.5420687746188122,0.3799780355388834,1
0.6010770644006949,0.3260158548790202,0.2824406809788726,0.35977334470122535,0
0.3410471914136587,0.47586280417760074,0.3234236294678752,0.46384605602817497,0
0.9175261491571828,0.6030849771170358,0.3514942340419011,0.27582094575094285,0
0.4066984562798499,0.9864789778471081,0.0631837810235254,0.17985637139785018,0
0.1433119521392848,0.9382255396157229,0.9861516573358386,0.5565357802036507,1
0.7149173569032872,0.8625725081745123,0.0313879509586314,0.8427891026791198,0
0.2934280432243448,0.8895648676070297,0.6625727520529523,0.15262572764493526,0
0.5256131826239407,0.4680526794296917,0.3712007887423922,0.032492531565655895,0
0.6980263435993334,0.6577517095653317,0.6460803545886975,0.24664009678059964,0
0.9005171938040668,0.8955043074967585,0.3562161104683383,0.9797891950019387,0
0.7924124987886944,0.39311322149230443,0.6738304946125595,0.8287771495687851,0
0.6765483122532366,0.9622366079977969,0.7293349287101805,0.5958088024802407,0
0.6798213889340864,0.4159610308810388,0.6906384152336216,0.9293009254377814,0
0.9461911530182394,0.601359165124603,0.1138443783584861,0.4451725131743063,0
0.2958994457769965,0.7101407858685416,0.6569671369809882,0.98335032084662,0
0.0011007830286176,0.9510600220137455,0.2799285077922562,0.29614661645091234,1
0.2720228888909166,0.24469745255355252,0.0286537293089708,0.24013196889981095,0
0.2179438119545508,0.7464869553501623,0.4148191927425486,0.6380047746661734,1
0.6620175580126452,0.5210481045492172,0.4335382239961305,0.3780253650245735,0
0.6338863031591678,0.2686514372155841,0.4671811170438147,0.626318286678738,0
0.5936242506062398,0.776979515769044,0.7049149741457086,0.30484293879002994,0
0.0162365813834063,0.5524720074779421,0.3087949457994767,0.6178682330692024,0
0.7289807119364067,0.6612831369786468,0.3152339201461558,0.27558409506595344,0
0.3236139077499126,0.32302514223771106,0.0604158143061752,0.05073623692277539,0
0.6652399091523535,0.48148480389660575,0.686905674660288,0.912182303583853,0
0.5567304510481454,0.6176396665280445,0.5678685775342416,0.8832421219302122,0
0.3428200665629913,0.4050798241278407,0.3493905633836007,0.9708637766068802,0
0.1346042007973732,0.19842837968237256,0.7052799163511381,0.7165094700500096,1
0.0944350231632711,0.9621145551269361,0.5373894884211765,0.6826923921538971,0
0.8317512011619894,0.5116949363046595,0.469252659988868,0.5589337377353966,0
0.9186559567809692,0.7342696567517331,0.5113471002978045,0.12573115486568956,0
0.6499674774035464,0.4112195657651205,0.6364147808234506,0.18904479276130123,0
0.1034528912690313,0.35527349808559483,0.6600776036528373,0.28931202080160284,0
0.4021337939737804,0.4073345430931562,0.28890194151559,0.890195560769022,0
0.7291419049754588,0.409368002009478,0.1406352068495167,0.17277367554709036,0
0.780038550533077,0.5444254366443366,0.1565316297346513,0.9229230951289322,0
0.1182417460531172,0.5437148015134956,0.639458614716581,0.5227045310218585,0
1.9089701653027254e-05,0.4973733691216222,0.8730233696170444,0.7155516154820288,0
0.7123348101126072,0.1348067831976386,0.409482917626164,0.11002808043224298,0
0.3566893941692102,0.4962944408780152,0.1694221540782052,0.26886918326600545,0
0.2545445231449036,0.16914370287621783,0.7567115705517438,0.9585802110798364,0
0.0128896240869938,0.1261520449191221,0.832625313896969,0.26598463636248115,0
0.5404466424952049,0.933103892834242,0.8807352461819704,0.29636636371805675,0
0.8513893763425768,0.6052286319431573,0.6068876731988624,0.19740960719766884,0
0.9579015976782584,0.6597985614447307,0.8608743594916319,0.12886343003997408,1
0.5658996685559317,0.4019609721919458,0.0152625954683003,0.23308155092594546,0
0.5146009658405166,0.9094261005675168,0.1071158262794114,0.6422848677468304,1
0.0850697579649138,0.6382271796081526,0.0924509207097656,0.4552644362337356,1
0.5490225582651047,0.7695384705028692,0.7126982373918054,0.5536847842961454,0
0.3800791728421029,0.36871156227175506,0.0694485265468429,0.12215239477840738,0
0.6073021695662463,0.9604850512537793,0.4963816522793678,0.802126791593994,0
0.388829013869379,0.8208579956198577,0.4727158338712627,0.7840991386532408,0
0.2403581447283677,0.8543635173469867,0.3106553161826824,0.021344449684161396,1
0.0949815613923475,0.17223576320865697,0.8705543832263203,0.3833882486135052,0
0.3149994075221732,0.2710588228401447,0.1703355176811598,0.06854060327787338,1
0.096661614322551,0.2857302492717413,0.3524293065512509,0.7921128429995328,0
0.176937328825762,0.2710048086356062,0.7742867693037141,0.7372587750004825,0
0.9876148445349182,0.8558240162603016,0.0302752448800234,0.9020311701617626,0
0.4442225064519166,0.03184941019887423,0.6730299663334449,0.23622889958352974,0
0.532016524108735,0.07608883112471437,0.8165278898802342,0.4561928900451181,0
0.8738637762614307,0.2740121029249345,0.9324388726208356,0.18429580307606339,0
0.995850007266596,0.19992963662830138,0.8764479318435576,0.37110406393867185,1
0.5828741571329256,0.2319338025342718,0.3193389713187855,0.5221618717471384,0
0.8127010890950053,0.7983275562075522,0.5864131662878478,0.053095730977984285,1
0.3270255224843762,0.5633822960763007,0.0771629562650701,0.7148521615258808,1
0.3058222226418176,0.005720967375362205,0.257803160478872,0.5432188794094216,0
0.4028104970047171,0.42950515178081916,0.0940978131001628,0.8289781588923328,0
0.6726933738508053,0.40805556633556017,0.3151406643141499,0.27161703595383063,0
0.6823806481176312,0.1139548484290769,0.8753381134883611,0.9033646180122565,0
0.3153204919691839,0.6764594160257517,0.3471314938151693,0.9987690228951214,0
0.133237456059603,0.7024290377353244,0.5619384981874802,0.9193471874524614,0
0.6325705730852017,0.7212353674541248,0.4333759120760163,0.7778948812202182,1
0.1283519579635406,0.7288172460795816,0.4589205953264752,0.8123825073610064,0
0.5786509745646214,0.0,0.9697562437408608,0.57367974140379,0
0.6936143892058766,0.9543906367531393,0.2961011290754598,0.18996364576629915,0
0.700805871562739,0.8146020465256115,0.627387942212259,0.677010037869889,0
0.7536820293809239,0.9044241659963735,0.4200530358884506,0.7127340589594452,0
0.8731044458760042,0.015599010974201914,0.0610099486046209,0.985455548270081,0
0.5000943656839152,0.9343176359697336,0.4893456305329025,0.5412261824320256,0
0.7304522795995226,0.8101793861456013,0.8134724152020425,0.27120541492925776,0
0.6193431636368143,0.8376250306727674,0.0986300010858372,0.6836440479468591,1
0.1866831827049859,0.09328564448103288,0.0694585939493421,0.9794442582037476,0
0.0256855606791974,0.7391299770749604,0.153527909824426,0.17701945024632776,0
0.2846134162995872,0.9603898079179505,0.764511934058838,0.3258522222452687,0
0.4431523412955956,0.6788662869345595,0.7240929550643145,0.541806009915905,0
0.6172757649640825,0.5708211806189395,0.5650592644757424,0.17001788295214798,1
0.8501976210896754,0.9460949676382101,0.468233758945999,0.021975384773209598,0
0.1962917841720735,0.44312696762447107,0.8884813490429622,0.336841026387075,0
0.1255750693750038,0.5995690857277559,0.7668104569632064,0.8654018766000232,1
0.9637516185607318,0.47654644113209205,0.8120708432638537,0.043230108212234795,0
0.1080646914765198,0.9333045067170032,0.813391358927106,0.4288170968672488,0
0.4786201312288047,0.07607356054671137,0.6427860568167034,0.7621980355923852,0
0.5857242744062071,0.5013414271203653,0.4580183772211725,0.9532424510114682,0
0.5415219727468041,0.6872759923695743,0.8648249456676353,0.9855458365875573,0
0.086045816432197,0.7922875976703645,0.9261762431799953,0.42185513752864406,0
0.0570320444718396,0.5832852492263984,0.0236566400220681,0.9504432313779297,0
0.1055028064656666,0.9093629181730741,0.0514152577309161,0.035178044090478394,0
0.5857482365294587,0.9424547432507069,0.9589236692421608,0.7459088638816908,1
0.5444933129332137,0.06430161021658966,0.2771005750520174,0.6427041477973856,0
0.2337978848511131,0.40253815748810984,0.8735196985051132,0.24935109741150155,0
0.63795003982123,0.023419019915908522,0.3887744564294095,0.5072322294961871,1
0.8202970030124984,0.3295443011683504,0.1189842669366925,0.12934365983020138,0
0.0415795478762114,0.5371095322113919,0.0803137743037822,0.8716302666433654,0
0.4982647794393086,0.9112411331420007,0.1564053030817618,0.357762844057584,0
0.6895014642107835,0.8469653252724764,0.2498235381798608,0.6259971099418147,1
0.2523744806874614,0.127516732649144,0.4885328662584527,0.15857578560985758,1
0.3078497665074493,0.09302849367460739,0.7015875360646291,0.20597987484450883,0
0.6138067037544799,0.589537364429941,0.9865887035224006,0.9920289324277798,1
0.8981876912617434,0.5323566838628975,0.441504673455114,0.7530806700065037,0
0.8101509387077784,0.2664707437960782,0.5182099188126514,0.962034604427281,1
0.5832900491440541,0.8998930725654971,0.5218419585115939,0.29569558877453145,0
0.7304247997491835,0.9278216922249508,0.5394668271527934,0.16436427241078608,0
0.3649181073154097,0.40277918828433484,0.5177654768635662,0.5029807994092892,0
0.6411423644948476,0.8907375312099325,0.0086200499173045,0.4945778651241266,0
0.4663070326726301,0.38410641830323244,0.0015676302789273,0.17475131263060786,0
0.1899803486045964,0.7371677053730348,0.0975429672416581,0.7332073340920946,0
0.7019329803721062,0.47615014816066864,0.1014346247448756,0.3616435643819789,0
0.5566166264347636,0.1225974685121854,0.7049877433682497,0.18617377211678038,0
0.3587153957029835,0.9283897951147075,0.2048305112672181,0.33183965990312786,0
0.9115955292844016,0.454292553958274,0.8948718924043675,0.5635908931084859,0
0.0209286352837442,0.7348366372860828,0.9287760718545144,0.72645648492623,0
0.3158543655074788,0.36732214677969155,0.9760797594746576,0.4817962813539195,1
0.056886485457125,0.018838368235619418,0.9392547419482398,0.5255147084906758,0
0.7667410737988383,0.10053258714646328,0.2718264234581511,0.13873893616483007,0
0.7023022691653177,0.49643852077092054,0.5097988554283575,0.914738163739377,1
0.3314380139865028,0.6902895584514608,0.1753590573003975,0.9287760362184642,0
0.6758499412934325,0.33486588467040357,0.8063362251055679,0.6833980360250463,0
0.3960420125324667,0.6958166873642824,0.8885872768346061,0.017384650135660998,0
0.7564645280911705,0.6989655420486247,0.8514313097775386,0.5369976967101585,0
0.4543055763160357,0.7042687641863485,0.4333620077552496,0.6291726519601042,0
0.4123893196465997,0.49273886923460836,0.7587836875740521,0.9947276687634014,0
0.9349931326879448,0.9153345944853618,0.0974557879523487,0.9961408640019338,0
0.25094123218864,0.48941171111908277,0.0401011657300571,0.8576397673428504,0
0.1204711191083728,0.4504590547104902,0.7533442992653008,0.06359937444961349,0
0.5847033587625008,0.19943721131905537,0.4253475074707253,0.9533362756188494,0
0.969595201158709,0.3077708071744419,0.9957426194514908,0.6126095004769704,0
0.3779386783809983,0.04230483328746094,0.0971307196123731,0.8008967119021455,0
0.0620433672328034,0.6338295753528694,0.8557716824325823,0.40707376381891447,1
0.3393934011370484,0.24861907005209913,0.479994567248589,0.3195217008903741,0
0.5060687842875558,0.30426905661461606,0.8272841516852338,0.463143429590116,1
0.1619589815770278,0.771184023809848,0.817257703021248,0.14667011166335747,0
0.6582840934604139,0.327347623973161,0.916157294252983,0.35693062460713315,0
0.9980311369541964,0.24227574429684062,0.2977972701578082,0.8576460338386491,0
0.4518606708527714,0.16909752630126204,0.9499765710449282,0.03771038673598479,0
0.3548212257436821,0.775230120120433,0.1515626568397081,0.15067495761743327,1
0.4008103548799058,0.1297244730079844,0.0818398897969387,0.12490462736938497,0
0.1151683987115297,0.4539495329800344,0.4316099586574609,0.4029551074475505,0
0.8835216880043649,0.5071550261154258,0.828457338489379,0.9970611111964309,0
0.4149359959609972,0.6877137033766914,0.4734303177957741,0.17316220844952257,0
0.3873766504787975,0.6335776260929015,0.8294213873020908,0.14527779213140418,0
0.6598726152986096,0.8111120411592736,0.7297863842195369,0.9151030883667002,1
0.4421517617572686,0.04472309902773204,0.2093444565092497,0.8820870585920201,0
0.6484124423266968,0.2965502998300116,0.9490585187767452,0.031998399066518496,1
0.0614527201073126,0.28023475882841464,0.0606448074374057,0.7516997833278217,0
0.8139509791925905,0.14604405782218785,0.8984387528691329,0.6554279833206277,0
0.940768867922662,0.28928384952838676,0.3043930335311771,0.7677398881831935,0
0.6489445160874212,0.30988219023296476,0.500166697586117,0.49441198334524666,0
0.9548349787966892,0.5221175660095185,0.4223430464684981,0.9914515909198778,0
0.1514652045486643,0.6640152914847356,0.1717373670107633,0.043608851686320296,0
0.4775449345355695,0.38125647691808534,0.3581153934704773,0.23419586095453745,0
0.601972055780037,0.7198116000073573,0.1928446888377095,0.3964234117567795,0
0.5818960676888207,0.33629668022760956,0.203800591061416,0.449672812325233,0
0.4015681899087809,0.2903898786894426,0.1869650153958133,0.9214168298463946,0
0.3381721842030181,0.5414317370980988,0.489032068693227,0.5599353598969471,0
0.1268496767123911,0.02367649950595212,0.7980550174869663,0.04487324274523159,0
0.3918460034337955,0.07977998719240187,0.5690129233927621,0.407744097178471,0
0.1626970070013373,0.4181457088093396,0.89336384446122,0.4163743736391384,0
0.7345699770065495,0.9433765125537753,0.6366112133953266,0.9655548264130778,0
0.2088807036177543,0.7218542671779786,0.6894254627790133,0.599140931670433,0
0.0585708881134919,0.08812200145649299,0.6676849111452441,0.6356068590546269,0
0.5525169217479627,0.8467288861050583,0.4494599283761076,0.7132342520278677,0
0.5953931206005401,0.7326491696331476,0.6894241688902625,0.7700391473134905,0
0.872157807315583,0.6112284302109737,0.0695745339024682,0.6350066614568444,0
0.5771396344772207,0.820689573836681,0.8599969626486939,0.23701955080355763,0
0.3455708034691923,0.40427841872152503,0.7779286968699779,0.8740798325785175,0
0.8032363673136335,0.2215695636622749,0.2451586567048949,0.7321072044884296,0
0.5404261228891527,0.512251089941238,0.7681455581410788,0.7418610848157173,0
0.0792919586564908,0.5490896305820754,0.0124892605407822,0.9966308085612742,0
0.5660053093102004,0.5385684852276795,0.2171654005195336,0.8025370136945155,0
0.9082739081988188,0.565330560606539,0.0650024139728842,0.8291706078884264,0
0.3964175222201169,0.9491718931673478,0.7803443217943737,0.9514647873989766,0
0.2964012977053907,0.9026871412439074,0.7559829665301834,0.15093099452649536,0
0.1435000057351751,0.8761440187046786,0.8137652131994741,0.4976379619472045,0
0.1514784159977153,0.8018030811897334,0.004325473911507,0.5805047585143587,0
0.432887101714886,0.9438921908319227,0.5012517236808094,0.32913110718551547,0
0.5958433443911149,0.09849575468875839,0.7049270105163572,0.8394259085479097,0
0.080627471784302,0.2652156764902191,0.1552981423549511,0.7624169560364185,1
0.9398332290266408,0.49527434939199955,0.6498621246084113,0.7208667959171953,0
0.7553440247291175,0.8469454850652419,0.0839819668104411,0.9972237033334174,1
0.5867847756430696,0.5053896547779062,0.1812320140149239,0.25921384454247764,0
0.8286706334205374,0.7483917595948169,0.4758068401197519,0.7354457495529193,0
0.0801986973836608,0.13898319068531792,0.6536378811103063,0.5513326522406322,0
0.4769674530310288,0.2524992640402283,0.1457627783962678,0.31283922278501336,0
0.6302667662509147,0.732124206573326,0.1851308634775961,0.16038696343766998,0
0.828884931595242,0.16477141691674474,0.2043606801542239,0.8959249123572139,0
0.7836882994578329,0.35149559979707534,0.2386272001777243,0.5953980971010482,0
0.2771390831701047,0.26495853203617714,0.226475959472161,0.8249516601300971,0
0.9411451952281916,0.3500005406145664,0.395130687175417,0.5452711754288283,0
0.1243707668888688,0.708659310363007,0.6538624584519965,0.21979663762094234,0
0.8753793116543783,0.36799588245393383,0.4380284875957372,0.33740690244279614,0
0.971214114377257,0.5555147162125995,0.7760898137849566,0.3814113488897214,0
0.1771939766689807,0.09993377757862829,0.7193644095809546,0.9730011400973038,0
0.7222667480428537,0.8054059365734527,0.1264137430129679,0.005382587375312799,0
0.0402857264739758,0.37003844554283594,0.0487010507548291,0.9857365230818014,0
0.4055304006961971,0.6488366592077816,0.8780934355570196,0.980530429506883,0
0.516423473045192,0.7257342137995832,0.079701424742602,0.9962247268130497,0
0.5808043252470558,0.2097229472720123,0.1482337034113428,0.4764918363331737,0
0.936200820461876,0.8851068754930979,0.0219832822951744,0.9638723063561878,0
0.6724367230258971,0.6165090479781267,0.6284001949084868,0.3954762963317839,0
0.4814078318174134,0.4289072003676532,0.5824181794891246,0.026050521049009494,0
0.8099014813399139,0.18238223594728367,0.9870939716301096,0.22416817557542654,0
0.9508006849653452,0.9427644038497133,0.8870874391642545,0.9453535144041479,1
0.0220609990106066,0.7554290782825237,0.410830291846274,0.013516667278874097,0
0.9827985424041604,0.20808569127122759,0.3715591082411151,0.5459205395999207,0
0.0861458278624411,0.33784296317435497,0.2967989411404446,0.07537382895512569,0
0.814614609820959,0.8100650529324465,0.1523028775221107,0.28623790339075905,0
0.2804055462223956,0.6960059950739195,0.137974561915783,0.08786918459643019,0
0.1322068867291715,0.7661510386112089,0.1321725675375802,0.8595577815248426,0
0.4399733401679691,0.44138999687312847,0.1139972080749345,0.5910118869971676,0
0.6441342953560953,0.716815990829051,0.2404390767527644,0.9021495803813824,0
0.3810522249400077,0.3866526413106731,0.3066189997305883,0.6883262597696715,0
0.0545698149503115,0.21132581989121768,0.9617603435852756,0.9710948342801922,0
0.5996257717762132,0.6329708463060687,0.5785194926539532,0.5097922223013904,0
0.9026569877296374,0.9764958641505749,0.987786323831834,0.6386673723673697,0
0.3833164114473767,0.31071830537316486,0.3724405259425225,0.5762451592500992,0
0.2163847516549775,0.4611693187656631,0.4576302486403563,0.4841666013254271,0
0.4426958466989693,0.6743178256795576,0.3245353458943683,0.8459840787143451,0
0.0483652938262479,0.5417501377316021,0.1827943596909449,0.6444838319078688,0
0.820717208961482,0.8438370853755107,0.1430574053041908,0.801322345727852,0
0.8265721565603923,0.762107237829168,0.9452547504747244,0.7863691183839474,0
0.5881617255592558,0.058276291196383646,0.9870009541956292,0.19085523561847864,0
0.3531950799276456,0.9989154502754563,0.0447675369841107,0.650124076655326,0
0.8000069008944027,0.7527618672062946,0.1502411052341727,0.19946091360263554,1
0.5548384911710541,0.8643238252619304,0.4235156795397259,0.5832591155708919,0
0.8261635340409457,0.6515016717298444,0.186241400566935,0.6774041662958451,0
0.6316328335434203,0.8567014627251223,0.363850943052995,0.9973093632273874,0
0.7846244878246701,0.1123916978738127,0.1289840851273069,0.030299450597195392,0
0.5987273612371746,0.3478755182100327,0.4565149795283219,0.09101976021397348,0
0.4142512073538463,0.876848311447154,0.2716326493840526,0.07679940348932318,0
0.9582159037256756,0.20171284979966156,0.35187138118593,0.3982393059870773,0
0.5412613000904936,0.07823211446570257,0.0941881176568273,0.8216050875453799,0
0.6052558056710706,0.7884979238268828,0.4281212618792196,0.8440804223880054,1
0.2205408351673153,0.8358910937889846,0.9834466301021862,0.7369685925241249,0
0.6258231225564987,0.16268848552816015,0.3287912342384018,0.8969196430208916,0
0.5717640913399241,0.8547612549310654,0.8765806129779392,0.3227132194549878,0
0.184881111114716,0.6870912454069918,0.8433387586665901,0.08793099838875068,0
0.059592980637922,0.5203148000368718,0.9522364327083608,0.05791954954562239,0
0.6045253921318663,0.8306522619477493,0.7902304032802903,0.8521594561351566,0
0.76390519328793,0.4194261157402734,0.6596716830092504,0.7304231466875786,0
0.5235436378236257,0.19404739686880407,0.8567287825987506,0.6985917294923613,0
0.2268276691591689,0.2849559021374637,0.0755135621948781,0.3395351251527605,0
0.6667063279093698,0.505387960620705,0.4628361088383457,0.37977715962880176,0
0.0801176433543882,0.5315690727521285,0.9894473736205,0.9581749990390573,0
0.4419519869019898,0.8059693783417454,0.7697138081473796,0.06357311791906939,0
0.1634031578754208,0.7917334794446933,0.9622569256786448,0.7737327787049599,0
0.1845016526814158,0.5816322537449802,0.7797515522991674,0.30948226416704244,0
0.2023417950942111,0.7811604489727821,0.8750327598039291,0.038814880750445896,0
0.3868091292685652,0.19182568224544835,0.7066210426186927,0.7425609397530512,0
0.0511536080548119,0.05003910343668314,0.7606124521277096,0.33076779986722155,0
0.3978987730816741,0.8740596633098362,0.5232047474878456,0.7221316545545401,0
0.5118462754424865,0.07554303700953736,0.924405902167848,0.7076337690215895,1
0.4834247584632217,0.24677074365666773,0.8251721221021455,0.5347096065983443,0
0.3828850190904345,0.695647084930411,0.8440248246156941,0.7773753643895308,0
0.8393817191988117,0.4096194335444054,0.6730886877553175,0.5809762135565255,0
0.1453577872538439,0.8767412791432959,0.3045295797743108,0.2864782565577865,0
0.505833804674419,0.2980902130266705,0.0354845626846511,0.7341033591376901,0
0.0620480219288775,0.011824995544793911,0.9358273579736576,0.5890803604056529,0
0.0711649638798838,0.30076752512090926,0.5861692877787092,0.012478915637255297,1
0.5740229555531194,0.5783389421852366,0.2980903333540539,0.901687140925423,0
0.5661732232450017,0.3760915101815193,0.1490299112824118,0.5455699076245263,0
0.8782800585855128,0.5351129766113778,0.8296579586875055,0.8686594078358247,0
0.5580260790707824,0.8770255837585957,0.8366574556600739,0.8827736055400673,0
0.9600616067699668,0.9129321829442387,0.8146374650845729,0.4448599506680283,0
0.04869752884169,0.2660669458853999,0.6451524284216106,0.5075738371878968,1
0.0980248655588762,0.4623408413924256,0.3659866900833322,0.4156381077245937,1
0.0440671808682483,0.549392055849387,0.3040197376967839,0.44933153425544087,1
0.185319692427238,0.9495796551220401,0.0083999873793985,0.8951879928261749,0
0.5414176321089168,0.9991116429584856,0.8337437925418314,0.7881497791431583,0
0.6457503724002921,0.23548338137445163,0.0873057369572265,0.12631460598346778,0
0.0455869239924574,0.7273253548516354,0.6308196807624,0.6102552635519385,0
0.9462374124302368,0.3781853436725816,0.50409494636407,0.9959804966527002,0
0.8424013754410256,0.008059783791535907,0.5267173351146681,0.595493346832135,0
0.2966880622604136,0.009204736359871209,0.9268819197063748,0.785876646027075,0
0.0771985888817124,0.4607655129762995,0.0314683624517755,0.7690609845393598,0
0.1699253899809903,0.48854963403730034,0.7735072190397858,0.35017979996929405,0
0.1269701033177268,0.02252920747378082,0.0519129583214237,0.37171863351850304,1
0.1233083924597972,0.6872509540465203,0.0380092634405002,0.7240611897712497,0
0.5187025324689085,0.294111628138172,0.4298115052910418,0.4998948564950455,0
0.2459080952430086,0.5601470319691493,0.0629396223037019,0.5705051679115151,0
0.3582333885870166,0.3010311020701313,0.7892645017288018,0.7128868973384312,0
0.989784657181008,0.16717303811549483,0.529592083474185,0.7775773283870235,0
0.684503831922108,0.4073439883975082,0.0288912251405477,0.2713530259987417,1
0.9492480746503285,0.2323477801514777,0.0403571718605988,0.14658933166573218,1
0.1425868353133518,0.5350411584414885,0.612726832914916,0.29163774082299415,1
0.3822402039691628,0.19888461997531887,0.8062383530818167,0.5074521259527746,0
0.5548832828320637,0.5086316953619048,0.4377961538150501,0.3420009117640219,0
0.0767689942597161,0.15741189254839594,0.5546184856820133,0.5682964940060632,0
0.0041770367604548,0.67128950567473,0.7999537735277684,0.05323070948771669,0
0.6706198354336739,0.7542979391384204,0.6105637145007421,0.5096649374527142,0
0.6419966043111168,0.1104018674898493,0.2246817159536291,0.36785297125438016,0
0.4108979634132765,0.4680058825472736,0.6131104643135146,0.5345894466904025,0
0.4897764166717082,0.07085767802465527,0.6283432686028121,0.4224192966390069,0
0.4155535225607614,0.5984573561347709,0.7342081184118001,0.28406646417718046,0
0.024000465301565,0.2644963190272007,0.6209353850713768,0.9041516760626231,0
0.3354585833601284,0.5278607060780307,0.9694262059908852,0.18457300515208927,1
0.17712268788749,0.5176916896917132,0.197200096980822,0.6813363457208377,0
0.098441492351728,0.9248079785353988,0.9512683526327592,0.9246952138185508,1
0.9569901173549252,0.5493312298660862,0.5383715758287764,0.5385939634734057,0
0.5995243273389066,0.5832650704499281,0.6720353558818957,0.8764431811151802,0
0.728858905916085,0.40182035061335275,0.0993388798072913,0.12463985940787688,0
0.3154448371385394,0.9495467834148384,0.3805523797382122,0.49369806490630697,0
0.3932510954084338,0.7775589027061176,0.7694927253619284,0.4569225264473239,0
0.2369820227249399,0.2855088186273432,0.7070025599376564,0.007868930625739698,0
0.0969825453415774,0.8446193038146265,0.0399957461052054,0.4431500750897441,1
0.179072643143496,0.4325804303987585,0.5466292606393353,0.36889816313303686,0
0.7977369144565568,0.8290683452882356,0.0881515306592319,0.6697657070536523,0
0.6777333979338162,0.8232861034772901,0.996049892234602,0.938384764888203,0
0.5470780611007384,0.18892081990388396,0.8974552870881638,0.08556666777838888,0
0.4752179338734504,0.7014724568801245,0.0209302958821169,0.3273311749701057,0
0.922693885350951,0.2907493675506967,0.8587946456981683,0.4439577357366273,0
0.0727446971613589,0.29760282144329536,0.919596105975856,0.45508202100027967,0
0.2806716851434874,0.29645760116595476,0.3535151275764363,0.774811115902511,0
0.3500291138879416,0.7259129575844507,0.719597640917577,0.4432884448976265,0
0.7826442447094852,0.2298991161739698,0.4421018869514697,0.02691766593492379,0
0.9927948288331384,0.0008534757088618008,0.6553058011148849,0.7100842833525702,0
0.2407296452419908,0.7155759025510127,0.3402796424732415,0.884867147605777,0
0.8745527842030828,0.17122568646240144,0.322515211061912,0.5138205998985719,0
0.8308553651402841,0.10448678923071429,0.4244257970041047,0.5810464340899762,0
0.2247118195030161,0.23759340865646833,0.1454613037947894,0.16273730171941547,0
0.3994383649324811,0.38005582810899374,0.8312743275545174,0.22046572085605273,0
0.4097816945661534,0.47611423842063555,0.3486630895438551,0.23499477542181896,0
0.97849667409115,0.04454160642201814,0.4001328963648163,0.4306306068876663,0
0.1809334540875296,0.9710522900753461,0.8942121677316877,0.9281968693709846,0
0.7993813236577978,0.7164025551936992,0.4966411853877162,0.5217032366335926,0
0.3342793446650365,0.3233182995279907,0.5442880809919686,0.19190806510059275,0
0.7310736184958067,0.3188190275202197,0.956677705182898,0.26592240491295543,0
0.4201228694762674,0.4487354666813465,0.8868813533261175,0.38388834767666896,0
0.5785181904184088,0.6265351097788564,0.1693686837835386,0.6232107022646778,0
0.8328449628997044,0.14640041397293943,0.4732241443835931,0.43992483005493976,0
0.8043903900094042,0.18898047957783976,0.9714810274923736,0.3923209248719219,0
0.8666663152877129,0.8598526432156451,0.3723398408438498,0.5646611445164271,0
0.059623217517915,0.2563424796406634,0.3715463713537517,0.24166171552564084,0
0.6922424108805484,0.3803504651156591,0.1949412235731387,0.07867659472243999,0
0.1400169015404913,0.8716963974128794,0.1142056384999392,0.02416977901973969,0
0.4159292004218989,0.6634583369492667,0.7404081144080052,0.25108897266847563,0
0.5487380881539415,0.3418462601462571,0.7701442773377849,0.09136951483400808,0
0.4028462712732441,0.6840213143259094,0.9691969582029714,0.33619833190210274,0
0.5197528283527033,0.019641144671055617,0.7735332144823772,0.7729343205299413,0
0.9968076970984374,0.7359928901821691,0.2432805302786036,0.7162765480037389,0
0.1352454359045344,0.48723003888978367,0.0399729281827063,0.6108753079435629,0
0.6756430235969547,0.8135748642321506,0.9856271723704496,0.8525271008458243,0
0.3961057714648016,0.9551078777007271,0.3404129807337952,0.28190753075761604,0
0.1330372719838981,0.9262429676896432,0.311923782318587,0.8850912789216889,0
0.1587718014109593,0.9097104078052192,0.9061169624148137,0.39911747710266177,0
0.9495405998400784,0.5123977370757937,0.5851484775800841,0.40077216782255337,0
0.879848503515194,0.3602865935565006,0.2147891640257384,0.4052319243210225,0
0.9072970360294,0.4652372790502732,0.8892520488056448,0.09787397797254148,0
0.9918126957892812,0.6902211671848562,0.993553437860264,0.9755576635124346,1
0.2083650065366105,0.8844292963433701,0.0865513346118191,0.13829963411974097,0
0.3555322153810896,0.2070468626368697,0.8623979656302367,0.34074490743441127,0
0.6694041742040618,0.9186434148587636,0.3904956420432057,0.3191524289988568,1
0.4839331628088322,0.8155740437426954,0.524099499645061,0.07445137065430409,0
0.418500921768807,0.9793395110168905,0.9149808538424722,0.15205749386181638,0
0.3579048248083741,0.8806812401787968,0.9735647305535622,0.04462050060490819,0
0.593943593719539,0.28003786191686264,0.2620985819071677,0.29224778752795527,0
0.5757510425070851,0.1059611126613174,0.2127680484902825,0.8666884206352802,0
0.1614936722260337,0.112249717182781,0.0803871585612796,0.33930091561095266,1
0.4718669134542356,0.2913300348174508,0.5618382124874088,0.12347983298523237,0
0.5536228852512347,0.6144674022745283,0.0134513938400644,0.6456529476560804,0
0.5704429922361373,0.8047081873225357,0.4118857841423562,0.9966749958584161,0
0.2101573363163398,0.8996901838838322,0.0732521007972408,0.23214739294788506,1
0.7424780174257982,0.6240423062330424,0.4052109159002484,0.27941009335434286,1
0.0251948663856434,0.005581542476182405,0.0397884741212095,0.9719130253779134,0
0.3549245549314319,0.18636601055086127,0.8353540622441713,0.17858234157414538,1
0.7804304302561816,0.09972799168156858,0.2096551738679579,0.5111290729894068,0
0.5640470944126278,0.3634706987210861,0.3282667127686096,0.23947813818694194,1
0.2612275886012442,0.5015728466627203,0.8701970839067172,0.932404925052011,0
0.6951458306774005,0.04336810163304164,0.7463714876722847,0.9815901561691104,0
0.5675461460996737,0.34861606399681244,0.2189578216892087,0.8147123139163047,0
0.7964661050474571,0.17922499797334818,0.0717669791481725,0.31463444426815684,0
0.7352296806316013,0.6473718642570724,0.7157684125375283,0.403367175032565,0
0.6102756848178164,0.4644739055922202,0.390682560954616,0.24213255849877693,0
0.4883095847584252,0.49553619406721383,0.7661924143258361,0.8907973623714682,0
0.133209649416416,0.4278732804365925,0.4452940386730191,0.9146054732462275,1
0.2613982241360402,0.9564906934622099,0.3459666563909707,0.4187554036073864,0
0.4192110700637949,0.214799930626943,0.4512067593381417,0.6564957015612259,0
0.5994638715314515,0.5168945035825074,0.7486652207820654,0.16535490012269619,0
0.5138472717589075,0.7363678038528227,0.9023807218057128,0.4348259068660839,1
0.2882576278399615,0.557096673077687,0.0496269504953161,0.6314535338249704,0
0.0064546204440534,0.9294770750294415,0.5241386081549919,0.3852768913928293,1
0.4963735018293351,0.37812260272139075,0.0326892107360592,0.35746418634987076,1
0.285698338110106,0.4638770151616395,0.4684169644760771,0.0007467824429628997,0
0.73481267256801,0.08851796401449888,0.8854372901006897,0.8043045216928186,0
0.0239416684431488,0.609279948499133,0.3615600080617227,0.8893765418838371,0
0.5849881405236984,0.28831703465623826,0.9326215192646004,0.9695287194784006,1
0.9417394378594895,0.16034402293884403,0.6306731026887462,0.7192545782711961,0
0.1744489136150862,0.5447768060298457,0.9343270433455118,0.5487196336074427,0
0.4717765401201138,0.5325490801473918,0.7572758966520468,0.26912023655080347,0
0.0914372360860347,0.07586035824773688,0.1033138505803279,0.9993744441809344,0
0.625854254542179,0.6985451759029917,0.231075100167601,0.5896935999742783,0
0.5506819251086459,0.6240611228193261,0.3941516880657687,0.6811247731536997,0
0.407473671016473,0.18906799648690256,0.1700090827121201,0.682377273132205,0
0.5215186931196384,0.46963922714427886,0.494928372162505,0.8452762771531466,0
0.8968266561951488,0.7206647523905392,0.4713766187286126,0.009423171648009198,1
0.1963403840634704,0.5296729822504918,0.9564386941577894,0.22006658584079755,0
0.0225595085762674,0.39565292351989034,0.433723069264829,0.6654995817484111,1
0.861906617279294,0.32246222346548,0.7857461141388598,0.8951865702129274,0
0.5772751442821068,0.610675468329864,0.9420849798558422,0.6853108542205432,0
0.8909087135408635,0.9395704151116213,0.8771403664788266,0.4133742698467713,0
0.5971091157307606,0.6720600586499194,0.208583426542404,0.36142145304368906,1
0.810387677956799,0.07473400382639467,0.4960470560878391,0.7379373224690161,1
0.4297880697322201,0.46088454408204027,0.3477046385278868,0.7412280894691724,0
0.7500687878558084,0.8912593913971038,0.3998419350030815,0.6070044094478183,0
0.913298306646562,0.09446132940898268,0.3607762915483761,0.29131001082319385,0
0.5722795571062606,0.9893646981418431,0.8264928873562027,0.9252054868062242,0
0.1808266718811565,0.949536568283257,0.4521407355686264,0.5518082752806331,1
0.268865016230029,0.07826451435894287,0.5237212520127557,0.7904988910576113,0
0.1986913497431345,0.9338719165409983,0.9826360903910256,0.21412596125834193,1
0.2469179772117286,0.3632787082704215,0.05984262815074,0.34390100560500464,0
0.3064939119963524,0.8451191588534844,0.4879719543405798,0.8746136095047795,0
0.5552853845052965,0.4185597296693166,0.774176937500151,0.049870914540308786,0
0.588152888995851,0.4410438177821558,0.1510574765435208,0.5122306777030768,0
0.4266135204237544,0.6345377605428141,0.611589496764978,0.4816108143763326,0
0.6155901048371341,0.7748489284597173,0.2393914444860954,0.7512238561296757,0
0.0815872743710448,0.033754809406064026,0.8675522679616066,0.28173361983464346,0
0.0878024128290715,0.5934281519404797,0.327057241350623,0.21888608050282674,0
0.1718683482744661,0.18678245619083456,0.329021085303701,0.9261838277204562,0
0.5182181994682789,0.3460862206279594,0.5982470761246574,0.5716444840110566,0
0.2140459652093643,0.3481064752866259,0.1834698550942732,0.10447134149396997,0
0.283356064502249,0.46926449999685405,0.2848313259770876,0.19284688969846484,0
0.4004189091484709,0.3342666417995937,0.416621006293262,0.9989008725765288,0
0.812093213369172,0.1073670897333177,0.3536047997715457,0.19542056694418314,0
0.0138545738683839,0.14565567806431823,0.5249045550068274,0.6104230483364571,0
0.6495581305436648,0.03340345160230023,0.5996938518094694,0.4200132324564766,0
0.6690615746088003,0.47045389646223285,0.5667095312045731,0.8856367994691777,1
0.7988789852415135,0.9549178164626388,0.6542412531703903,0.7551635502696832,0
0.9330155749341744,0.1156857505390763,0.3077002672807083,0.5968945009182959,0
0.0201321322651031,0.9467301307312495,0.126313020604158,0.010489964109787699,0
0.1538172871135638,0.733710494978326,0.7609180969120359,0.8798310099755908,0
0.8864202326945899,0.6377952564254367,0.8509226737654174,0.4445606667179567,0
0.4586417504344596,0.645578471192963,0.2569390844797112,0.9316304264221722,0
0.5647450174531714,0.8271277874292052,0.4070777473745366,0.4954488811199147,0
0.6632105273088014,0.1069255938829104,0.4985872744799806,0.6941994736394702,0
0.679254644433534,0.5049780414059097,0.5333571601464939,0.06906282186662059,0
0.932002741456352,0.6974202446150322,0.6595649894178734,0.745143328599389,0
0.9972309301256904,0.5870891300025335,0.0414601076296463,0.33785426722346895,0
0.7203575835492093,0.8331825258563609,0.7215737653862035,0.3512216297610005,0
0.2872940278243066,0.07225845349792337,0.0618350654729198,0.11844219515776297,1
0.8799994534712464,0.6910266444800095,0.4682959444528762,0.14665274164383407,0
0.04922374967117,0.5342674882164249,0.8278052754990384,0.18556739872778028,0
0.231137163539319,0.37931576447984244,0.4512166678978957,0.3280611960019855,1
0.8976379536800542,0.34040857570908517,0.148984536203848,0.8920097053351673,0
0.2562552088416791,0.6211199542492759,0.985223490668396,0.36812839278246273,0
0.2207043034276845,0.8914307283612412,0.8894413349060315,0.7243475683696142,1
0.138154270417194,0.49639494351758584,0.7714278944652548,0.08252208591700079,1
0.8593527394854411,0.825122204778128,0.4114989530348083,0.5910399858274084,0
0.5001936620995336,0.40232388244571415,0.1837527736208528,0.4817966266800128,0
0.6750800158120883,0.10239771265996289,0.9415854402849888,0.9780259208052382,0
0.2391250428685961,0.061486581867335154,0.532381099751376,0.8462325645811378,0
0.7582516830346455,0.05130964346207905,0.8524983070912313,0.45472629886013477,0
0.7602173848261145,0.38030558451986823,0.3420578709386319,0.775144268255521,0
0.3126783055270248,0.33736968009854196,0.3352487813706659,0.19284946962317603,1
0.410791755202826,0.7182775522148723,0.9857303050394536,0.5622680874775388,0
0.2097402982410635,0.7431756653107022,0.5218593117419559,0.07439097361856328,0
0.976836540872296,0.050828977741701045,0.1405872504096521,0.34795057599321955,0
0.6457807769690475,0.2211915686933221,0.2195943624864256,0.22568366734284984,0
0.9348070432120236,0.2743592725769537,0.4819564728811158,0.7188928900281198,0
0.3034631153370102,0.5478591852937691,0.0423280908139886,0.4899987738742054,0
0.7821091882075918,0.14454155330962873,0.4625393323743267,0.7510640937270224,0
0.7660722048402513,0.1339617549112547,0.4189308126927429,0.5152117807696744,1
0.6918473935874809,0.9442531704604793,0.7794533563411505,0.08626024890435038,0
0.9659112812108104,0.8045907041850044,0.3549093611095841,0.7353561182443292,0
0.3936594220530345,0.18070103377134317,0.982737530651434,0.8332498051789311,0
0.1307441225687554,0.4067377256921002,0.1806758811187947,0.9035748075196908,0
0.6718947356523587,0.35576400193560903,0.591037340418886,0.5719268698767196,0
0.7295126143217721,0.7913846388196573,0.0895731359577354,0.753579798092835,0
0.5752180306408664,0.5104396252851235,0.7339650358136254,0.7520382709290336,0
0.2068670693256655,0.1278669347543318,0.9949467621542568,0.15554826722278278,0
0.5045926377071351,0.7393441285899474,0.8192697680577652,0.16402197110316089,1
0.3122698971315221,0.39705259207184024,0.5557417509305154,0.07065620024392968,0
0.4275805856284908,0.26301545775494634,0.4847545374869071,0.3197659448171514,0
0.6453966628405462,0.37565151584166784,0.8351666968371205,0.4734112358646887,0
0.7454222333503849,0.4979764471136047,0.9361464257782828,0.9979723616106247,0
0.2322813379093448,0.34325066632668055,0.989397643268596,0.4308820564563737,0
0.4054329075447654,0.24198546590820702,0.3965212965717555,0.7262280664169366,0
0.2692290792119491,0.39866752704940944,0.9911091957591864,0.6933717395406955,0
0.1986783828958443,0.019130560424602316,0.1558234510138447,0.20429642892043684,0
0.7836059351924831,0.7728682705980761,0.253481409011286,0.05827378906387229,0
0.9095084201130846,0.17098570477195724,0.0888897227115634,0.5459331598452745,0
0.3703294135077065,0.04387581472770824,0.2716765651840092,0.700282569761753,1
0.7514881981932549,0.6540040229202365,0.7680506220304935,0.9983264150403596,1
0.8972474107761846,0.7743073414141806,0.8530674055465681,0.35847604445728304,0
0.8463613734076966,0.8142222030473637,0.7790095796483811,0.8964057949211913,0
0.1828555062571369,0.4937267388688835,0.6311305705091854,0.3818050912862603,0
0.9565614389640074,0.2054278576993662,0.5139900010472971,0.6893851155704014,0
0.3767755631722185,0.7375787759106884,0.7087964665845945,0.5981964617319034,1
0.3393287760040182,0.7000436201667133,0.3908136057401705,0.052743619080396084,0
0.0624380469024178,0.24635281914482401,0.8414473016140036,0.07816158037517218,0
0.4863049742742511,0.9038499107863521,0.6772711555090396,0.020518357615337695,0
0.1090340326900087,0.1043757912190655,0.6978930313092349,0.37070308268599345,0
0.2486012653652805,0.9831738352486576,0.5359672308347143,0.7457929366681839,0
0.3170241799056235,0.8606663169575891,0.885383426222532,0.17255947475663477,0
0.809052519003493,0.6882227149237214,0.2519458253109334,0.605798990397404,0
0.8757344478254734,0.9392114084758161,0.3811242933781571,0.28866990178419505,0
0.3025436188728151,0.7226540936730241,0.7777590632908726,0.7970012891538086,0
0.8589389814541799,0.19050849964360075,0.4927649006741745,0.7984052741620468,0
0.857471366157048,0.4423455560727957,0.8893698610542486,0.7754161082389027,0
0.7648641562206356,0.07148934762720227,0.3463637031804154,0.5247529829013087,0
0.1467266112300285,0.3898180742437776,0.3693026405167074,0.28440743533107016,0
0.6905141967131566,0.7419565158113961,0.8888914683351956,0.8094567898198757,1
0.9452903087532178,0.38660224177691516,0.4643763148989208,0.18590901638420418,0
0.6827295401905158,0.33042230008693196,0.5161488339325757,0.28960202917248573,0
0.3317027221720269,0.595629084236109,0.332723289137192,0.18375545503932586,0
0.5007148735553636,0.8726295865107455,0.2766097303148243,0.6741785854476953,0
0.6459032792726467,0.04755640927376254,0.6560222800077185,0.6862083944740157,1
0.5107089027125304,0.38562879244874393,0.119725132097912,0.6524713059416678,0
0.1199765754660015,0.15827459194109134,0.8794249822442808,0.4154851367961527,0
0.312144168254968,0.6956824053806885,0.779320180829032,0.09995129952098578,1
0.8026203352512552,0.1057296349826125,0.1906577451333859,0.9112156694796236,0
0.8616597060933355,0.6651191756667926,0.6941069436632006,0.50764482800746,0
0.1373287673264157,0.2862848240918859,0.6026876846529348,0.40685303672785267,0
0.952655161554324,0.19897295179985985,0.1844423406098272,0.5887653345650444,0
0.3289076692749461,0.9368127644342064,0.273142071487932,0.19260108277010154,0
0.6624968525234856,0.018481871174278918,0.408972963204306,0.13233968275455227,0
0.7520345803914829,0.43796429050543967,0.6993315752915521,0.4054055890508131,0
0.8121733475530379,0.02158598681939152,0.6387909021948488,0.22704262505272105,1
0.9460161597708108,0.48380517089266956,0.5322647798964937,0.24411781979602826,0
0.3129999231907481,0.5012690644609497,0.7685237803623579,0.8925514578311925,0
0.8587472584019703,0.32178586638096657,0.7580472828367988,0.5306805883332384,0
0.1317139875181305,0.13218133801371232,0.6179192880996993,0.4833749768440912,0
0.7052365839806121,0.37654091862549455,0.78710987409805,0.6894530231168764,0
0.7421842683365835,0.6725784419910165,0.3342234775478232,0.951607432099907,0
0.6779108861260509,0.7827716566090428,0.8814025666811247,0.11198279864198847,0
0.2523772905789271,0.5309885645592005,0.6149691796298242,0.8335552083589112,0
0.873288225349627,0.590104730823987,0.8224957816123677,0.5839580461839664,0
0.1688964776717539,0.20067344043816437,0.546313990768077,0.14596072009006847,0
0.0536389245425314,0.287434916354963,0.2183574933597967,0.29699416770185083,0
0.7176643215149164,0.16193146281680373,0.5424436499722205,0.4822669659704727,0
0.4756038896955566,0.24937909234611602,0.3710847638511225,0.6911511303125845,0
0.8493360572785822,0.22495714820134718,0.697587261037178,0.24243399054328243,0
0.3834982400089751,0.5196805558758153,0.4758038157935118,0.5348015767647892,0
0.1683164322980815,0.5629442180671577,0.8362499224437911,0.6846434810651453,0
0.8366765083701789,0.9454123368767045,0.6781538851050257,0.44863528168330247,1
0.5490593991923897,0.19562495167466326,0.6846280886214657,0.8630562677328028,0
0.1892397868407662,0.6419744523360148,0.217074129347452,0.8694915178189416,0
0.7205841878176383,0.8176542199422475,0.9844391355897812,0.4705929424131886,0
0.5112522922091022,0.5604955850969202,0.8418142887856348,0.9729920350194255,0
0.6044790410319776,0.2550905226344071,0.7891253859442955,0.07535732705941649,1
0.4610222262221862,0.2626412352046003,0.330173900045807,0.003110943063362599,0
0.8289410257844895,0.03922170540456273,0.5356627832045007,0.38054048490096537,1
0.829795008687602,0.30555873495349606,0.1369937475525233,0.6010415247086789,0
0.709585777946854,0.744958819250688,0.5385081102835656,0.6291538311549351,0
0.1054207322744434,0.04749093808029764,0.1457829050223082,0.4763493470239289,0
0.8390888869507299,0.21936258669051079,0.5530751139424268,0.12467170464862028,0
0.6711986523195284,0.7065666137782711,0.648792900241709,0.17030086256998667,0
0.6972174863255902,0.7830275509247124,0.390175798831855,0.8521747253704032,1
0.3630779365721873,0.45551504012159366,0.4985629272628813,0.8679430393934398,0
0.879526468294492,0.6984039835649882,0.8758044521354336,0.6738668607911488,0
0.7255732560598807,0.38811188623849213,0.1084436373994819,0.6641831225488358,0
0.1126119353437954,0.15994801157684005,0.7918543566195169,0.5976254721706865,0
0.4078863025075627,0.3983147986011065,0.1706569801451536,0.20273985439498016,0
0.8866293620747185,0.5802327503233796,0.0365631304026052,0.4281385157883053,0
0.0471989416122355,0.9485198997251797,0.1854822592940266,0.6958701832908126,0
0.961687684011221,0.06873576742122725,0.7651552394697987,0.5371758111653928,0
0.6793506364754212,0.5076192581139138,0.4051111711377189,0.018333886252740798,0
0.6315499942522165,0.3290471497460071,0.8726704762657391,0.9536167834623454,0
0.2706271756948076,0.5085373613331465,0.5247348183342737,0.8448403911598015,0
0.2488533072676394,0.023935728540161322,0.0221003999591289,0.26037786660964807,1
0.9423235915606998,0.3131440170894469,0.7168086120589265,0.6164084331266719,0
0.2983485224487599,0.8202645279835775,0.1101139903851091,0.9232894243888268,0
0.7757216942525935,0.55419240331153,0.7895002670287639,0.09578994105707887,0
0.3932257566728859,0.45077652789009937,0.1680040435275103,0.5029418039511682,0
0.1392833799763558,0.2856286656725431,0.3454104330996301,0.45614001544043087,0
0.0107068103296881,0.29815297552683906,0.7613821487311938,0.4100869066055058,1
0.5444057365700671,0.38325849327553596,0.9544101383371384,0.8356099233240294,0
0.9760541060926468,0.835975694440715,0.371407164399848,0.3805183605459531,1
0.3692330993582161,0.9676903231180037,0.8295349700198216,0.06343166071685019,0
0.3572857274750642,0.43884288111516717,0.1907017624239415,0.06560678227012409,0
0.3441811590932862,0.39351551555992115,0.8073066823192647,0.04250607820087239,0
0.5206852639546937,0.8469617766835976,0.6575681735083023,0.4090269759334076,0
0.4407828218348477,0.4270863821046168,0.1926536924118522,0.7183891873743484,0
0.8801617256056723,0.5522677877614286,0.3024528607864383,0.20353669168944344,0
0.5056578008782007,0.2310153502715224,0.131659567240888,0.6464278535843259,0
0.5078955051421123,0.7438570726689446,0.3829442928140381,0.6870611178376598,0
0.1384006444219679,0.5322269586325317,0.2035626728341029,0.25503322546324986,0
0.9830168752399486,0.8094249945649261,0.6440673074711682,0.6005019426147814,0
0.2500347566979024,0.7811076667304551,0.9946980906311538,0.6848402581457448,0
0.0733740018336192,0.2150697215229462,0.0118555987956199,0.4665140112041919,1
0.6633296075658703,0.7159748180871401,0.5409528089099851,0.33657441387628706,1
0.5955297982159635,0.8004399317210866,0.573711143775121,0.619101931999429,0
0.415256088527272,0.3462440299694206,0.914373453588702,0.9779150248462074,0
0.4223047404472789,0.17265083599448527,0.5060260151866416,0.4267287630233843,0
0.7852831292735122,0.0025807419576526023,0.5437353964091969,0.3916109443708696,0
0.1957585508154961,0.45109786414282327,0.4716613647570895,0.4641665217257009,0
0.8204828745408062,0.35257298669816023,0.2688413535641274,0.07599083565395419,0
0.6489262384501323,0.5551610337403816,0.0558910958961078,0.5530920334280585,0
0.4190813327884739,0.18809127143819737,0.4086440256967947,0.32855257563738566,0
0.4581516607638333,0.8600837346028153,0.0524522213391804,0.12120937938572157,0
0.2567110355839188,0.25784359344549673,0.5505288416019951,0.46615701255680897,0
0.7523238521665324,0.2265008184347447,0.3072442331173377,0.0031325583961841993,0
0.5130139138737623,0.48092460176581886,0.5336328161154071,0.40166438703437607,0
0.3209372511803668,0.4990715069465099,0.1341865340486521,0.10551738384917227,0
0.5962137448740058,0.215150226125327,0.9328011272531712,0.024048127740974392,0
0.9960156075073212,0.27195683347889354,0.8946789631717564,0.8244927183717914,0
0.4353786294427724,0.16974537110673013,0.1899057254673977,0.9162965528851648,0
0.9209504899823816,0.7188009935714408,0.3434076243968817,0.20749017338798215,0
0.3451066532280258,0.7704581358763567,0.6135513657580631,0.5392224735395145,0
0.0547371627864142,0.4625289686072728,0.0955621579872101,0.27779671652788823,0
0.2042905251559885,0.7144254417182203,0.354535085766841,0.49348666406131747,0
0.4188066215821239,0.7362857825069902,0.2510430601354869,0.4365218830455377,0
0.2196878736093022,0.1382984381182162,0.9156818539671434,0.26888669530800935,1
0.000215466801827,0.9666545739294613,0.8526535377273419,0.700370585919102,0
0.9152589538589684,0.8214289652421919,0.5798794624448789,0.12627987761016837,0
0.8441159140298562,0.2045426494322068,0.5203720757185977,0.052837638752611285,1
0.742498862788192,0.18621418663397027,0.9308962844107852,0.767674489941491,1
0.167852303000267,0.12567714412958972,0.9325988731777456,0.6658957425923262,0
0.1203873306912272,0.1384015294389701,0.9695142319224884,0.4984369713931277,0
0.0676129903309941,0.7485188889026657,0.1252653081334358,0.4676905443394026,0
0.7242304498646625,0.46985874215644996,0.160456643268823,0.4973218613972803,0
0.929069436549109,0.7833103156942174,0.6768176002883735,0.43691476696969017,0
0.4306507808939499,0.7466109393599838,0.5414676537670502,0.3927685231717585,0
0.1191640668848636,0.6048911474816215,0.0183146180576443,0.4996018317733275,0
0.5125318505925707,0.6866898365620765,0.0618390959041548,0.5284358468677861,0
0.348922842574717,0.018312926286956317,0.8882358300290178,0.6918765374822341,0
0.3749235026583239,0.3118956255271972,0.8690194676116718,0.711187711007179,1
0.621501686949369,0.638118809940632,0.3572391400974979,0.3775003051902342,0
0.7189178126433005,0.009297218056631508,0.8912071123762217,0.41342351723138526,0
0.1106244834534841,0.03294215710175763,0.5937266781103148,0.37356710616152894,0
0.0355890578628483,0.852301907788691,0.8060321097208174,0.5364590779661454,0
0.9946110452545298,0.6843468085461094,0.4274240364873023,0.4532495805219105,0
0.2327851440231389,0.2654622832158459,0.1132805255304845,0.889635477833161,0
0.0538347154851528,0.6882869447379931,0.4337222487255445,0.6963369516701371,0
0.1899195233626781,0.7928380298245272,0.4573032987651473,0.8986983677047906,0
0.0389576636451411,0.3069095312614565,0.5509807253110637,0.7091168633656205,0
0.3919144676145202,0.03600426784417633,0.1054621543288476,0.971057839438373,0
0.8026260908408686,0.9332373732796684,0.9915937548700384,0.6356925942401752,1
0.3413331537977436,0.34531611932424633,0.2440651337034296,0.9636133900701066,0
0.4443023799033817,0.1064872527358656,0.1984646376784553,0.15796919099484868,0
0.675773790268331,0.49207352223846573,0.5268309350996461,0.052242342375090386,0
0.5090320711300315,0.7688360119509647,0.5372398658321984,0.5790624475864797,0
0.8616873541466047,0.2217159075693519,0.4398180733032362,0.9835629937487458,0
0.8662786928477074,0.2695848579042226,0.7720066116214284,0.4174895739429285,0
0.0099019715338879,0.24279512351367513,0.5166788373381337,0.21186031900240515,0
0.7782634511953989,0.9921635716032721,0.6097527096432387,0.5214598393685448,0
0.4608574398164243,0.19745904272021178,0.7238438684993369,0.6487587213884234,0
0.9891196696196284,0.575782710078674,0.0248761283197183,0.31502945338714755,1
0.4833625310798787,0.925718772783396,0.5706876626903892,0.7147510762294162,0
0.987174501899902,0.14692420310817775,0.8843485483413289,0.9751815490015886,0
0.7547796025712913,0.971333309212226,0.0172370761480991,0.8970045507196713,0
0.2486663481830014,0.9479435366300288,0.4051672213651613,0.29142839902530143,0
0.5385416550277481,0.8850038211616224,0.9263963533935352,0.32657822471275205,0
0.9924157367112728,0.2146212289717042,0.3531211683853215,0.37141045429609604,1
0.8577711246566294,0.634349622544884,0.4587328290214998,0.3944295499325311,0
0.0973838861461063,0.7612555378983055,0.9817298068322772,0.10009984017885977,0
0.7065680658413795,0.9865153537937017,0.1992363652034043,0.7619600235762727,0
0.345669564648541,0.18046982714418747,0.0651204060310561,0.36520646085737113,1
0.0069726768233054,0.7663927778001598,0.8595679303173469,0.8798557873053219,0
0.4035879735853144,0.3389339558454394,0.8686138702708561,0.9269918768065601,0
0.2348118125950294,0.17566984198026966,0.4720865480285212,0.024186779074893992,0
0.8190984191398443,0.4215549734769043,0.5142307478893855,0.9885744997851598,0
0.3374181620290561,0.7942180285725635,0.8359433790466113,0.7100028935943877,0
0.8277553873882953,0.46505165636976586,0.7386622061597876,0.5203102395272902,0
0.0005864764809171,0.5377647732782376,0.2650847266313292,0.3894027329871792,0
0.3078980254266821,0.9956518392769381,0.0167415135585855,0.518435531937985,0
0.2412244902579676,0.39927513054914804,0.4797115644662355,0.32447857764414756,0
0.2336244028859664,0.6156850998557518,0.8590574855686341,0.6226393530786314,0
0.068195031721816,0.36539147665694516,0.8959928595924396,0.09275821210996599,0
0.1871676557342085,0.39294801235498633,0.9564056815663092,0.621073629319486,0
0.5557012898978881,0.6959690650797483,0.8797156811747229,0.27518255306309536,0
0.2914351087751407,0.9383480234691001,0.5800903508354551,0.017388071374875195,0
0.4175058782151564,0.542603273310236,0.4446046224454392,0.5526343699763415,0
0.3769660590884039,0.7687681080489062,0.7749653550845252,0.5783847962179866,0
0.8761508448341478,0.08920258253932198,0.7399247875963653,0.4264562690893929,0
0.905553562110739,0.2112208829175552,0.5381754464048925,0.07205738605234438,0
0.4930902864455632,0.5023539216942683,0.0872003748713368,0.8933831953570718,0
0.3302413938055636,0.019969832920339416,0.9262501984403286,0.6113786572945917,0
0.1068204703494058,0.252940671557414,0.4556054396040139,0.11549868564221548,0
0.953671587327708,0.5176319374098122,0.3633041385388651,0.5108454892145028,0
0.0602330163309084,0.014916540176655713,0.6296316589933895,0.4971647463791001,0
0.2977261628331705,0.2646383851242799,0.6739178403188077,0.060169127372612784,0
0.2981422087363593,0.5142596202543115,0.2106044316684148,0.6068060555588555,0
0.3204838612915803,0.5734104419514653,0.8370762536908245,0.8083387785713996,0
0.1643235132984423,0.9262060910553646,0.2898815614516792,0.7490009931986972,1
0.7833800797275376,0.6456463763073771,0.1865919737491097,0.20278339712297724,1
0.122522244029492,0.4149101958654805,0.4063853999490092,0.8623225957956204,0
0.6350817139515145,0.9308080953619874,0.7306599673484939,0.34240189149838485,1
0.1238708051943416,0.7852601941681774,0.9656409192788756,0.9465660450172688,0
0.0705447402730879,0.20006565758174336,0.8094089177373647,0.07151894131835439,1
0.9096852813523588,0.1308611988801785,0.9405222616594244,0.4861154989114077,0
0.1901730351081489,0.6761290822639655,0.14049759901431,0.5970675385259352,1
0.8214800032730478,0.5601370905659011,0.0710441044684273,0.24747872485892083,0
0.5447793804988704,0.7900534495382023,0.5577436779972587,0.7713804598026637,0
0.0778677749789423,0.7391570130409499,0.2902420779516177,0.6268485982579376,0
0.9557175008034116,0.6255012546958106,0.8281892482880835,0.017862835156229898,0
0.2470221472298597,0.9868697913293537,0.6720670979815893,0.6083154371673043,0
0.8598864840914797,0.533829247945429,0.9709127636795428,0.4913867718248075,1
0.1688480058370714,0.1131148754858025,0.2547244270994042,0.19584091011154564,0
0.8541823440833485,0.8286745509141714,0.4857976622487072,0.9958220314082906,0
0.0132210646335123,0.25193850631757564,0.5012594771616392,0.8972036890799037,0
0.5119193063655438,0.7776752051019462,0.2391033582296629,0.29235102281924186,0
0.7696571942258129,0.9575786747947709,0.5901437398547955,0.5409957114656573,1
0.9350587539825596,0.6971244583350369,0.4432845438282697,0.3163533315206408,1
0.9094578470160376,0.5963038922255729,0.4467213255496745,0.7754973715326597,0
0.8198542403493309,0.4605855825524849,0.362706793971121,0.9303837981701566,0
0.8884408822930256,0.36455668387337364,0.0167775236097611,0.35869367039077055,0
0.1992666277923858,0.35314531956193596,0.5221215926422502,0.805595730094916,0
0.2842562213328249,0.6366685421701966,0.3352082857127385,0.4983183510966448,0
0.2890418573347451,0.7516319116188332,0.0011625343163998,0.3964559967704935,0
0.3771531647447679,0.6788359984136904,0.3078945268308288,0.938476868586173,0
0.3934246873289432,0.19846596160949675,0.2785688119985749,0.5103194289875068,0
0.5447038118321337,0.49420499826442343,0.3934291319322867,0.4673111498241897,0
0.1599151374998477,0.7920209854243996,0.1317406968935941,0.6724022450441455,0
0.6914382852448394,0.4759118783165656,0.5077050970998229,0.26106727938888846,0
0.1676041737182966,0.5368644597654888,0.6925267931950145,0.32464677956161914,0
0.3103880894880004,0.7715057264927123,0.6302500509244666,0.932098763082261,1
0.5034815000122644,0.6615747823099026,0.8038806516660344,0.6784996862091097,0
0.7966631150278906,0.4095163603527711,0.4520099223084486,0.8266555284947088,0
0.7396750344432429,0.8958504853346331,0.5191170266558984,0.2709480775287814,0
0.6457125362610192,0.16260328934513713,0.8105299895153095,0.5437158717966699,1
0.155807427205023,0.9960090733017913,0.4276942314171919,0.9714620903478356,0
0.5471945649784904,0.11886484635840511,0.7016890211821405,0.31855581223216356,0
0.0874605770842592,0.014905306872818413,0.4345978635396932,0.16027653285147167,0
0.3774625014727988,0.8904537198194945,0.4177257402150829,0.5108009062384031,0
0.4136264857840688,0.24503487165049992,0.7603159676990927,0.38769565405323,0
0.0398115077396953,0.7300466012083413,0.1747407845664241,0.15937699460753577,0
0.2740570269208937,0.8114069046243777,0.3385475993974722,0.8885900548908657,1
0.9559188358165698,0.8594042058332078,0.2240935476533039,0.9907960682580058,0
0.9539013833264718,0.9920847112488936,0.3590788097373831,0.5685159877606919,0
0.352419017109229,0.2941479694850931,0.2302982810641793,0.7746781198605294,1
0.0431011442686528,0.7105796548644265,0.5794522016123125,0.8590673692854727,0
0.179135963643881,0.1154102342888326,0.7982945370482,0.7009592051535721,0
0.3923214860786343,0.406979341461247,0.7867327189460553,0.04391798336717679,0
0.948046752430112,0.8483834727500116,0.3644717328656739,0.15743335674812137,1
0.1412289446498866,0.36780664373607524,0.9889513660071998,0.07075991956750899,0
0.763728715728219,0.5913664078611559,0.5939060316583493,0.009630307306517098,0
0.1087028590714887,0.503996624104357,0.3993833799574418,0.30584415727144637,0
0.981534475952567,0.6462526161683272,0.8356761944607882,0.3922320120462559,1
0.3817170744658111,0.9733746186292427,0.7299736571003734,0.24085618899433053,1
0.7754508568168798,0.05571321019686605,0.7493818246103245,0.06437328406401488,0
0.3426801828257871,0.5742231565446133,0.1960507327312726,0.5297842083052023,0
0.6278418037025065,0.8634488090266393,0.468331696754845,0.27315635904459323,0
0.1920609084915134,0.48159362341104694,0.861974318774287,0.7960455068975973,0
0.1460523182956679,0.07851735803725027,0.5040579941233645,0.007802723522747999,0
0.9383283371893908,0.5607936369549313,0.6835360139451723,0.8425506396893582,0
0.917905471990233,0.3322029906150353,0.5879833116331028,0.9548140479451618,0
0.887718260421617,0.15497382784247735,0.8424961076421624,0.7161172284729854,0
0.6256057193876606,0.8494468750795939,0.2845034112127393,0.7336319688953568,0
0.8084942426163402,0.5218324609390135,0.5755204620789129,0.9336157354484742,0
0.0690455989017061,0.9337349334534738,0.1231203357168198,0.20888726805607785,0
0.3348758477315236,0.8064052952278933,0.6902964309496298,0.9946389849586009,0
0.3137837303281795,0.6932986429854651,0.73206822135473,0.773482163037085,0
0.6358205939532159,0.004975401147885504,0.0426946307567206,0.7265562937737194,0
0.3560508039327209,0.42800502118752026,0.6758715316522483,0.36095638379917305,0
0.148538811575604,0.19754163587278586,0.414678625455295,0.5457038185787556,1
0.5966308271327128,0.9112441153140683,0.1239828479388975,0.6538795628121613,0
0.8146117503807137,0.17462678987446817,0.4198978592921492,0.6202936321762548,1
0.3822242188975715,0.28616393875195306,0.1941436402513332,0.7049631494122036,0
0.1322959702609074,0.5170671059966376,0.415548310064004,0.08215620123159768,0
0.1967343948892277,0.2634550698688376,0.3843167936526512,0.35551245405362764,0
0.2375414984619101,0.2099268140844856,0.738494285771246,0.43388971637625506,0
0.2999741390778261,0.599374738088026,0.7743308429875384,0.2604621779976192,0
0.6429724448755165,0.08892539467899238,0.6070849682359949,0.17243130904450377,0
0.6011105531237221,0.05814677512712945,0.0225370441761825,0.13872047408625698,1
0.6962729042175858,0.37239640638791405,0.9311928735138224,0.3662509317007914,0
0.3625969393051655,0.721006477561265,0.6863175313848586,0.4933508814655674,0
0.8242283084891613,0.5550579017099815,0.034049711286471,0.06274454250357268,0
0.2041360345290281,0.4230553223767325,0.8189639216786802,0.9465157448361465,0
0.4691670297921824,0.566008704727977,0.200178993341936,0.7652415826772625,0
0.8011625977203867,0.36559887327295504,0.5792676950396682,0.7308387616863222,0
0.1801999848295498,0.9366064290443932,0.4666411632536054,0.17266464020975006,0
0.1098837805830021,0.05488211947001795,0.4198290696935132,0.6037461174477419,0
0.8839321749334715,0.6737075994569445,0.88986974401341,0.5296460190025546,0
0.3430188623325765,0.8917181759617322,0.4373577595248719,0.9825382980170025,0
0.684059577312057,0.804272331269617,0.0752128930946227,0.7476642710832416,0
0.0253444197914511,0.18408902189002607,0.94681482996657,0.5756980438271295,1
0.6902381570768603,0.296035642185218,0.9207021266404496,0.8508389703582305,0
0.3161826222998024,0.7173879801366245,0.6845163057570502,0.15489256345785948,0
0.0557456058922871,0.08426387828483776,0.4678997652190517,0.014968979452086396,0
0.6099804375383746,0.8122536932578688,0.0927344265654781,0.6902070098297026,0
0.2408629857549841,0.7192480046529715,0.7908692348429796,0.09809114311810538,0
0.3869093437356594,0.7299535720507329,0.0753467371389646,0.11521893440251177,0
0.080592868729249,0.10024344037468419,0.068467381946391,0.7446722471578247,0
0.1471948859645212,0.7181009767092126,0.5374155908373908,0.27037097065116633,0
0.2980532169020285,0.6801377670462069,0.1600269211700862,0.6285847028119814,0
0.0897742559769775,0.8313249283653831,0.0075751937789902,0.9174550552526952,0
0.9110824530674474,0.04156589235406564,0.4231048733840481,0.3163257142000103,0
0.0060371831278345,0.02307047578680612,0.1371078313142533,0.21696278635879124,0
0.4839908587728867,0.3731586285016049,0.1604142328324016,0.10634527090246937,0
0.1232720606132388,0.14881695462073555,0.0767799668076918,0.13025258127723627,0
0.3077579236940004,0.5586375813720879,0.2050082951615053,0.061990550707188785,0
0.9263202275179632,0.9177986953039372,0.7155787485809881,0.08741856507886679,1
0.1617304610425689,0.3916413808002182,0.8090548357342442,0.4318936346183415,0
0.9661046825148738,0.8453605012182884,0.4525354636567726,0.32071766651116884,1
0.2058432522189101,0.00018815062385520016,0.5065746897640224,0.7065398418256628,0
0.7417725262531192,0.16855412303888614,0.0325087526167635,0.8702743296963609,0
0.5468263760268591,0.030387353967953726,0.0691829107183252,0.7847778635848364,0
0.8847271685397297,0.3282741287152613,0.2575007759594712,0.5305586278554401,0
0.5541445178844109,0.9086343707684462,0.5439324669645913,0.10222315287419798,0
0.534704766999857,0.09695239140515718,0.7396542065587752,0.7097473623166428,0
0.1955038362079666,0.6066891953981687,0.6050586607125439,0.36269509918200166,0
0.166266603271275,0.4516904747047232,0.3921083679934867,0.08542592732129628,0
0.916747004656554,0.9389295782210593,0.1182080086214441,0.8424899757391857,0
0.3279229608100237,0.12253341946645431,0.7808908327636814,0.33807482535499545,0
0.3721800267950266,0.21209117259087779,0.3637565677483891,0.21806782307103315,1
0.7600354448090494,0.02950529987970893,0.736155838780526,0.8714851327607737,0
0.3389114745824502,0.4341201630599615,0.5130019820630665,0.9021769920909084,0
0.952330760433172,0.27793227869386095,0.7387647977796732,0.3388293925811424,1
0.738133116938981,0.8703297319161835,0.907451784776967,0.35466516290729094,0
0.5975932772158294,0.6052194269522119,0.921196585801141,0.5795659549286957,0
0.881142547747328,0.6143743653151873,0.5351377252221994,0.733429331053687,1
0.0496088566865152,0.5321492947113993,0.5115309862405866,0.06291736088385659,0
0.2571266427595278,0.09184780957634958,0.2656143766719978,0.5932855794624694,0
0.4651614390055856,0.4452096701808367,0.9359721111334308,0.952879797068703,0
0.2270336438596698,1.0,0.4579228864347584,0.26192725730310723,0
0.74411229288968,0.8356340882459018,0.127478443665197,0.9088725313846914,0
0.919466684075723,0.8938957578259837,0.4326997401691059,0.9502272069863406,0
0.4238830904716164,0.8236245797925185,0.1269402648537365,0.26898931481960364,0
0.3422215653106716,0.1030452979395733,0.5025511394340398,0.7541965070295948,0
0.9618218359422366,0.2275200255676603,0.5613156904399759,0.23860072602591614,0
0.4449716025782366,0.0030705059474653027,0.33771709611365,0.7376003655214131,0
0.4891805659317998,0.30362357351668856,0.0715180869626692,0.7974287765202468,0
0.351741636074671,0.10861405651456929,0.9436785325249843,0.24703418445123324,0
0.909804285661302,0.47299955052998793,0.7734680940989733,0.7158516218825859,0
0.5691111452749079,0.6774456560999728,0.8390191744607165,0.8121181567427413,1
0.7623870648479874,0.8749316132254447,0.3668399976543171,0.35844385373645354,0
0.8120337902415686,0.7495748332392915,0.760941593785418,0.16750520083571446,0
0.3419379237363408,0.9390470259525019,0.4853862980154559,0.09174217009922449,0
0.4338102200546705,0.053874967399069745,0.2009966153238522,0.5753177391225008,0
0.8487096275799763,0.01213365332446601,0.124309463901362,0.9781661391058402,0
0.3633505279754952,0.6616476297750081,0.3450147771076857,0.8229674924433075,1
0.7941569502403816,0.2894581013209579,0.1374428292997578,0.4357299416240177,0
0.9412573812217836,0.2535870628885839,0.9984632902257218,0.5365442350952244,1
0.6233819885979041,0.33101553719131377,0.0490485401910376,0.27936695926367133,0
0.7418337232277312,0.26989103333628534,0.4411414014451509,0.16286677252865098,1
0.8053224110449277,0.5116637855042927,0.4520951867760416,0.4819866158875655,0
0.8452764928610281,0.44033676509540187,0.3005801687046414,0.46340093463926907,1
0.3951578642877958,0.5126564742126507,0.5713952953638852,0.5218484703050343,0
0.0512668949123836,0.6730293604986463,0.1498721245511944,0.952864315776963,1
0.4019828039370262,0.38728977633676315,0.7840310857183113,0.6038406805618166,0
0.673942708217412,0.2513925321182288,0.3324071805891364,0.6057178320461616,0
0.4504711721930527,0.16623874840311015,0.591393370785859,0.12781418383214418,0
0.7491717437315296,0.34961275355808513,0.7157338595657592,0.9965629132589667,0
0.357075761228697,0.7421600828012227,0.8891979046883236,0.7728456953688004,0
0.6349191481142887,0.7570666810746143,0.8359244392027705,0.8772382971317009,1
0.1864629830310583,0.6672179531394274,0.6083657935745919,0.4141836553611653,0
0.7495781489835728,0.234103552193978,0.3883723760781734,0.5020401235246467,0
0.5458447913945126,0.5883556243631226,0.503224362630732,0.5220023770876692,0
0.2041127550766064,0.570949507847948,0.7688481449982376,0.19390561364099415,0
0.2919853711911517,0.48447868974205877,0.8776972744303038,0.6894625888492346,0
0.7488171972299528,0.5502274845036284,0.103660734419634,0.903020123494527,1
0.482731505368719,0.4920072471742931,0.3848342106286324,0.16350693304129546,0
0.2160833258096384,0.56571334482743,0.7762325537787547,0.08609402577958339,0
0.967543976263744,0.7158451511400583,0.4316462166636583,0.7382083085085592,0
0.7153236626563753,0.1096354079015543,0.3321871488244809,0.27303883225540704,0
0.9574046378584278,0.7499836441775052,0.4113099803270046,0.6238144659989056,0
0.427218996528882,0.1359077513389311,0.6028995848697605,0.6957338251449147,0
0.4752284047764449,0.06661165049742745,1.0,0.32176372778762646,0
0.898207619861266,0.9765616608059453,0.4930085195494911,0.8151592116381274,0
0.5251920917289341,0.9574632844731257,0.2084102159109235,0.5499166955423724,0
0.7074752476135373,0.060416804499353355,0.1627462150887879,0.8690316722722209,0
0.2522353902260679,0.4434434606883805,0.042206885064786,0.7632911733674187,1
0.446846189509665,0.18629413296926348,0.5588565434057458,0.8686077574716586,0
0.1234745278085967,0.48555797982617704,0.5446063753606722,0.019915452480373897,0
0.2060289656990575,0.8305792721940451,0.2051485176607244,0.24333352904211594,0
0.0009320545003752,0.9510797945088525,0.6954168661704614,0.08978490197247829,0
0.039264959278413,0.6345473282564434,0.741210648255489,0.44197536605258897,0
0.977559553264106,0.3540467294475225,0.259031795530241,0.889999255495909,0
0.2424133205572694,0.6036032943446831,0.3440633363369301,0.4674409543611504,0
0.6634941164539376,0.31211940738190097,0.9906632360663394,0.8497389880838869,0
0.8393347961340974,0.9102693112582756,0.3742386799975108,0.3270329285610282,0
0.5508107416160744,0.8708245321027012,0.7609122251666776,0.33942882458533835,0
0.1531778937272845,0.5584847703965488,0.4527273139038925,0.8956027000508812,0
0.7283189002747971,0.3249240289412117,0.7934668600502732,0.4257041644792869,0
0.6004162745944497,0.29349757884994987,0.7691366921439382,0.789771784383691,0
0.7314539738768481,0.03338344979252733,0.667833759100624,0.23646856703400185,0
0.7699613270646795,0.8162150138171745,0.8549220476113177,0.9488592477195922,1
0.9756855468862536,0.4505771389201682,0.9393919803292192,0.574514018722098,0
0.5737202969327605,0.3252582249793073,0.5800300947431225,0.7593198882840443,0
0.3417299333685304,0.47131563805300436,0.2373948681806794,0.08929249999691939,1
0.6486435983700581,0.8191337516560181,0.3986117677524206,0.4925731519278237,0
0.0684491959134587,0.12462963260122362,0.7584153865374574,0.9010812623865706,0
0.8976495579491336,0.8580730740656123,0.6509552676623827,0.877073528098108,0
0.1194044768982929,0.8979477577932354,0.1777032522328809,0.04657676257927789,0
0.3279276012099066,0.9471737957295225,0.0510998143856298,0.30354546452783787,1
0.8159736106722053,0.39765293503970456,0.6830446908254402,0.4432127607470448,0
0.5974763786094353,0.2172065274850745,0.2510097856132205,0.17206873434156766,1
0.6496482030521483,0.34452470250415634,0.3724125922751783,0.9178976963412354,1
0.8936648293835694,0.641764982446021,0.4231023146182116,0.10741074583233787,1
0.6051136287344262,0.7629288997415311,0.8995986083615507,0.5770438093840066,1
0.2042275954859615,0.760508640330626,0.3717316061989086,0.6633299944861257,1
0.4130391507918425,0.1088166363731849,0.3782471393665888,0.19304144663737363,1
0.9388160345967944,0.15190350125077673,0.017656590564757,0.835483887652614,1
0.1041151845775247,0.18772560455972437,0.4435503797344342,0.5987357520216608,1
0.2555672473389121,0.820488408683307,0.1266356355330135,0.6192083543855577,1
0.2452979530071931,0.3042503082043797,0.5968295921481567,0.8648162061413113,1
0.1180873018166252,0.6114707888700701,0.77771612707282,0.8727153230215896,1
0.4483198706551498,0.565920999061402,0.4818466050455379,0.511818200283383,1
0.2233505916503562,0.1347315105911265,0.9175817044752732,0.26113976257811267,1
0.4556569642733197,0.4454880339690049,0.7781379789515899,0.6133504169921151,1
0.6647752226915368,0.8925633934203172,0.8260677088351587,0.32788568963743076,1
0.9018458696502724,0.39790807262609235,0.2717947331231792,0.09391425892786467,1
0.1287136284348504,0.832422308784174,0.0579545230361164,0.46498582363944446,1
0.6774780748674545,0.3476112547315973,0.413457226667024,0.9309431051203636,1
0.9213819692147772,0.5051200146746418,0.4512753399850207,0.6597909337785276,1
0.3477521339887894,0.7923946032592873,0.723759396905037,0.9318468653824482,1
0.5261667190020408,0.4231644727767885,0.6388742212105727,0.9376384820671516,1
0.6984527173041514,0.9665949122530089,0.1490624814930011,0.9967226502285914,1
0.6518575735877811,0.7910376284849546,0.3983593337887007,0.8757581696563754,1
0.3732279577011818,0.6401920766139045,0.8782364696397356,0.80674296912699,1
0.3002259930915774,0.45450928898753906,0.8754742249586857,0.7132419304171073,1
0.7796963317941595,0.9502944934778119,0.914918569922872,0.8997042680639503,1
0.5950871314578106,0.7555230647162735,0.904588370852624,0.5464973400503206,1
0.8196139020238592,0.8256809689573248,0.1869068067778979,0.6989226733782001,1
0.2057032501513783,0.422853778058451,0.8332691759656394,0.6763466733021799,1
0.113894431750261,0.9230015392283047,0.2418630753721005,0.6799620955982498,1
0.6944921986992167,0.5126553483706655,0.4992109117391018,0.9185053147340946,1
0.0917599537451296,0.07243128632351196,0.0895252317380846,0.26075745747129764,1
0.7768615253926252,0.7617206496151112,0.160914694724514,0.6954619967464925,1
0.0317344477914074,0.49190480438000106,0.2226864017668824,0.7896863897145887,1
0.4589679749344295,0.07339607754372866,0.8702878667715094,0.7055444984052193,1
0.6764762115086269,0.5638120227906641,0.6296588763407549,0.5316574070784948,1
0.7647799644098823,0.4585204141150831,0.5531793369684783,0.006701704353385498,1
0.0325397543678692,0.7119998060393296,0.1349256736294014,0.7767299454841102,1
0.0310159026074069,0.4165263500789682,0.6341186142845329,0.4927732185060617,1
0.2285672909675858,0.044443357862029444,0.0356353252655062,0.27870480052744534,1
0.1752443943097538,0.14107423542015793,0.8522748096376966,0.756357425506342,1
0.4649355255681159,0.6940229132954727,0.1267451295023414,0.28168193221444143,1
0.1895182601166204,0.1071581928792246,0.7004041118411565,0.5092929734116755,1
0.2013618133499244,0.37984875566686715,0.220822057514513,0.8035754542372955,1
0.6601052730985166,0.36213817735459763,0.2672413877123473,0.9114068307354132,1
0.2146258387727785,0.3888917673543462,0.461837101167798,0.33413017282361934,1
0.7788981307357683,0.2910135908641664,0.724638389745528,0.554489822633991,1
0.2815047133442903,0.14536577965319553,0.5533472799350285,0.930369475925638,1
0.986586593349243,0.04427465549722564,0.6399163691120946,0.522319581681303,1
0.3334157056522634,0.035746587558415234,0.6829186868674298,0.7046755448349062,1
0.4995439167431624,0.3963029168869631,0.0520718183827691,0.4377624377618864,1
0.8370316161322624,0.8940586157225369,0.1039156902540276,0.8395018891114785,1
0.5100631635529425,0.4380079409916936,0.0532624659265795,0.4354972138522676,1
0.6105619006486263,0.3222174365960875,0.7921110530460571,0.3804770908806014,1
0.8043888830566747,0.11916997838300782,0.9585213417559438,0.4011312277527996,1
0.023308816686536,0.29681001281480157,0.7462350149350331,0.3925604377073696,1
0.7394669678563546,0.7122532114418714,0.0336202443818662,0.10237550504652707,1
0.8937760122340104,0.8875483712684918,0.0435530973349327,0.16230403614934666,1
0.2921459203485189,0.5437287234903051,0.2496181802657901,0.7980494460999957,1
0.2216712180830307,0.3262693561448593,0.1898729579289263,0.9256227708181606,1
0.1284061244454858,0.5865209801881776,0.7839220279084629,0.14928533231921307,1
0.2381313633919593,0.8392560535100763,0.1396721113157689,0.04612772992652389,1
0.16013982481443,0.6833039609568379,0.6658515503577381,0.6760497229311132,1
0.9447168486053984,0.8096832518817543,0.7273921519191981,0.697465850872449,1
0.1403946802962939,0.14754778215068423,0.626634886117013,0.36587865470373815,1
0.0788148327020199,0.7501567890838668,0.3380594591105328,0.6743196631452689,1
0.2184343547468948,0.2547815126865921,0.4710845985867699,0.648601706530277,1
0.9299878714227098,0.3484626555412214,0.2896315882061022,0.13499154471406796,1
0.5212354419858137,0.30431926619628946,0.2889549228818651,0.14268142486442767,1
0.5247168199056085,0.16665339933524245,0.1361813093764368,0.7868327680306291,1
0.3875179125483985,0.6064183343899413,0.8770776180880212,0.8756569492229277,1
0.3025015833152961,0.24553755166133642,0.0601025610616674,0.4525788494616007,1
0.3312579709714177,0.8005603997351203,0.6130865304931985,0.26780855883551424,1
0.5490431206228381,0.38630352306219945,0.0316259135345917,0.3333562076559323,1
0.8503205591320916,0.5138766602306469,0.7872896706326223,0.9792556843116745,1
0.4107991820187947,0.39064080372525123,0.7505914038343625,0.30756500181374014,1
0.7958185085624347,0.9583385880844333,0.1841081405170774,0.4999283837994318,1
0.951419303236406,0.47137997681368565,0.1971710093114512,0.09402263504393978,1
0.0516656320191028,0.49039695259884003,0.4582419702536812,0.35151133578933974,1
0.3137262107283349,0.26710606647862684,0.2645221256193286,0.27626167246111505,1
0.8227396374398102,0.03908718713187823,0.5489916704536396,0.38680632228384837,1
0.4638119095257406,0.3557619388211655,0.0842227115793102,0.28284442193970744,1
0.1836037007676899,0.09143136773406939,0.7831536896343052,0.35536702054476194,1
0.0682516873412045,0.4357525048368658,0.3363554048794113,0.5422823290941755,1
0.8080202544523991,0.5405361528036166,0.4544036636469059,0.6868771720075538,1
0.7835983439469746,0.24582899715247714,0.1621999909166591,0.2757832208313559,1
0.5923255784088071,0.30034089962954647,0.2183134071983567,0.012473842040914097,1
0.4900955274976846,0.35714427829453604,0.1060943356460565,0.26749210572111565,1
0.6413474852902517,0.4124945136003097,0.896987277858909,0.4654047750981028,1
0.1619407279129325,0.1110271049373006,0.0826470373129532,0.34074648655252243,1
0.8726539670516589,0.7692323096097278,0.9892506031988932,0.8647497484146618,1
0.1173235709134783,0.9153157727903498,0.3360674270935868,0.34391798428128467,1
0.2681970717357669,0.8296652943867071,0.0756727670931439,0.22364217157148963,1
0.7510933866574968,0.5959591699218046,0.7607457428335336,0.9867143835057682,1
0.0289105019927623,0.15873961919245355,0.7147858099059469,0.20752428444722623,1
0.1248249188018599,0.715137075859679,0.0711343128707759,0.8446826922535318,1
0.2239911751844822,0.4922812162160011,0.1408352765582979,0.08294132517830119,1
0.8468206817080424,0.5576052275005806,0.5260441634704845,0.7404832974732208,1
0.8093004640156307,0.9065935324702578,0.0602858354968939,0.14679316947654447,1
0.3653705927977727,0.7597620151283636,0.2560532723631983,0.31383662793228234,1
0.5205178722350442,0.14361613176062413,0.2389783799002431,0.37399334093014136,1
0.5787334956956329,0.11549442166050279,0.8614410983936506,0.32244889216584743,1
0.1946487350200786,0.6689810803146523,0.1442356521620064,0.5962474932713939,1
0.625458908621526,0.38175764404899654,0.3517769657472879,0.41264759245874116,1
0.3986452117282794,0.13839840454773522,0.5979993767695266,0.32518334506078045,1
0.0665748736594516,0.7973604502406347,0.5087151935782995,0.7657973674994308,1
0.6675003404502332,0.5891897376028147,0.622979869771302,0.5648226004151666,1
0.5037157407623198,0.3102005843260224,0.8150773919100586,0.4773544066234859,1
0.0501124098997645,0.6630311820327833,0.1544926237722989,0.9473984675641366,1
0.2226037873161758,0.8143307137641431,0.8352871203382615,0.4002294291338947,1
0.9567355411539776,0.8469289338945551,0.4068446486698455,0.23599955247453763,1
0.2160882626358922,0.290784221380475,0.5118917799457532,0.6364587506988872,1
0.1916091635013023,0.36591454136485624,0.03023389765278,0.7231302504396009,1
0.1515037035246804,0.19843555766752688,0.4184749782684182,0.5531511554440293,1
0.7156982709991504,0.6926590789950196,0.4389670355061272,0.358861176381126,1
0.9055334198082432,0.7978522111358531,0.4237321241007525,0.37496239954050653,1
0.268889078620144,0.15697246068960674,0.1292401237604719,0.460277011890552,1
0.3695835548092179,0.6778134959613777,0.3331721478712927,0.8211317552796107,1
0.4324900465613048,0.17071841681306493,0.2919379615187019,0.5341003065787242,1
0.7489234131211943,0.9279072215022258,0.706753821426513,0.35956083060382676,1
0.1748157882738454,0.9750607502564659,0.423518022797739,0.5521900898667635,1
0.6435591934931421,0.790585383097645,0.4036590424196233,0.8701173109695404,1
0.4354939399061894,0.06415346126289825,0.3897700396172951,0.7704032480116362,1
0.5913045237857515,0.056620460672051946,0.8030307456733664,0.047858904303750886,1
0.0275476214060674,0.1158524223920713,0.6731401907618864,0.8231818693790063,1
0.27091922786487,0.8538450328743279,0.7627342697699265,0.04210682665791649,1
0.2873787736232718,0.5384692376682001,0.2130450714916065,0.08582967553795759,1
0.0251456365966379,0.2485592634283141,0.9915946131102492,0.9705538705105727,1
0.8530435747787811,0.7597258226878876,0.1162355256089363,0.8044370171464248,1
0.4292361581499567,0.04527121996633984,0.1859426126036675,0.707125630061231,1
0.2990977165246437,0.9182221014100804,0.2412919487880992,0.7435762090929728,1
0.9202652224521234,0.9140674707930838,0.707540868960231,0.08742319304563129,1
0.7587722897600108,0.9039307190139768,0.120268082714725,0.9317941876057958,1
0.9364135814168576,0.2650527053893053,0.0829593380764591,0.6978136694459754,1
0.8853761238813452,0.17705755767725737,0.5698716661978344,0.06154359345209619,1
0.2123019146061581,0.6522787435272889,0.913903048814623,0.9762394239558578,1
0.4214445907534704,0.2098610437277646,0.4024062849775507,0.9119149074871762,1
0.046180934301711,0.4623333530520171,0.3741219178953446,0.5516284727290556,1
0.2084906963531529,0.04624794079395164,0.1197668876855091,0.31592290857789895,1
0.5758104891021083,0.12173456930843941,0.4750944503341387,0.6944067270867608,1
0.070298929531052,0.6368268212798984,0.7471975361624157,0.9216749835361214,1
0.865161663922593,0.6447258337695236,0.8946606449834872,0.17094567414548528,1
0.7366289578458403,0.007187892882255406,0.6941918420159073,0.9722835959441896,1
0.0314525493692371,0.8185259674523461,0.5405125309192468,0.21377673863873706,1
0.1507322870666385,0.7992812400977928,0.8168885468909742,0.4778849923634162,1
0.2351418568890546,0.8709563529695923,0.731083734923796,0.05949688301303699,1
0.4893540088450009,0.8455346308139786,0.115136991044231,0.7090842154246154,1
0.2901155570322328,0.35197367263477336,0.3237632942291295,0.20074364657813223,1
0.6579318013726999,0.14348788297230194,0.7901066573505069,0.10633380811006397,1
0.2099291446166684,0.3092020624719727,0.1218869041374127,0.33390911626082653,1
0.7813463794418889,0.8189668696344481,0.6242715757378989,0.8089576425691658,1
0.2604345325225407,0.8270269738030414,0.1441577899753309,0.04474080933734309,1
0.5332574529445172,0.7546205031859546,0.5917406785907952,0.630337450680055,1
0.1897071315439823,0.5956331570093978,0.1692140893750415,0.6024023031007271,1
0.5384870019554282,0.19384122887513697,0.1469093698231505,0.8147610554553162,1
0.0360843889729989,0.39674615290966675,0.4070751059090463,0.6407935434986062,1
0.1381133725484016,0.33272111444351626,0.1905862587121942,0.7865488221249848,1
0.8699996045405919,0.35822565508567744,0.2331606172473008,0.17023032137699176,1
0.0431096967197012,0.6169354130829374,0.7780395020928322,0.46991847192257097,1
0.5138931057544214,0.2786179760478703,0.1961396311276893,0.24397419180014965,1
0.1622219807822731,0.7100191334188757,0.4243421256034985,0.5859315496256617,1
0.0626591512590715,0.23224502934097369,0.0199598739699646,0.4657765082212363,1
0.1697428562252982,0.8568494922025123,0.8840110807052458,0.423696128212547,1
0.1639273873735699,0.2216005370531367,0.7512825385151302,0.912886466924555,1
0.4726092498411661,0.1350164933588799,0.2166599734838206,0.39696344647626797,1
0.9185544258723856,0.8757856446848146,0.0916986039866168,0.750596900541031,1
0.7857093329767677,0.06755201922957625,0.911956696211038,0.22419289635664935,1
0.8847249312851428,0.09383823350441138,0.4069691560008618,0.31426251269576794,1
0.023288305592862,0.3832553567000259,0.2017058445742991,0.6919733223257686,1
0.6270383188967665,0.6091823703219935,0.7730416777929612,0.4423694182035426,1
0.8875434182740917,0.6212827013680956,0.5260812708065579,0.7350570760796379,1
0.0063681427097665,0.2922765844656406,0.0383177107644127,0.916533995891107,1
0.3923677114364204,0.6416430852973799,0.0239114481116045,0.28719881761958704,1
0.3436169860223299,0.2698021644154847,0.375727298936144,0.4243343056908604,1
0.0448735155887009,0.6829897719103171,0.1642558074392018,0.9365478060213728,1
0.7556651044242323,0.37297837864804795,0.1493886433306377,0.007534413035313198,1
0.657909281602012,0.4733058748878056,0.5340551045085132,0.16936792456967917,1
0.5318077387708432,0.2941238578404843,0.1848589784571025,0.29584617626237114,1
0.3114249025222254,0.18757561704715836,0.0744330922084929,0.7832840994625744,1
0.1969886464804768,0.04680869233470754,0.2284860237898975,0.3930251480049139,1
0.2367280183938462,0.19318992498825097,0.4790850212899205,0.8895073772516626,1
0.4631330057183109,0.07356518570683007,0.8745505469488837,0.7057090626281506,1
0.8224802354729706,0.648821005596675,0.9187637498355437,0.15056918262376917,1
0.2745009547152937,0.99903180636189,0.0484097375284617,0.8764615601553065,1
0.3671688731401094,0.930576194123904,0.1464384115740087,0.04858960352692188,1
0.4934655025563769,0.5788979105983534,0.2232767693696163,0.6564369868087667,1
0.6686690493353005,0.7904412162704303,0.3906221805460004,0.8793332704446823,1
0.8933149475806484,0.49899655037386986,0.1296790077773608,0.36400392961593686,1
0.5940363805928844,0.8994660807809868,0.8931962040642472,0.31402417174461605,1
0.9002632606965076,0.5711442348554002,0.9260257362766456,0.45847583327453917,1
0.0914371503812827,0.19399323537862576,0.0259034922879309,0.4404373244363462,1
0.6247899789038738,0.740314236634511,0.8621344382604297,0.5593610290228572,1
0.3254535785239813,0.6031772607275535,0.8420725381972564,0.7114718456159881,1
0.2527169810072936,0.1275660141135659,0.4872694105256939,0.15798888120058827,1
0.5276731938269127,0.4442575786719103,0.7560591937707154,0.27459600183198524,1
0.2117323302841544,0.93786853096827,0.4640041200262556,0.19097824750110634,1
0.6896422035725559,0.8868686627666462,0.7619119805155303,0.32702957719894027,1
0.4964118551095601,0.26931101354847614,0.2364794879756258,0.15646490175241506,1
0.636057652988872,0.06769993159644136,0.822560988085292,0.3695351721360857,1
0.2402554523774429,0.6594958073548892,0.6820637821953068,0.6587267559953979,1
0.5360951389693575,0.3022827172324409,0.1997298028616926,0.29219147179287075,1
0.6521683958061842,0.13066782812300132,0.8046922041234981,0.09901449098066267,1
0.8578961599751797,0.3746282504587538,0.2097663421403367,0.30184420504576565,1
0.8883411696467193,0.15671029348359913,0.847969917315002,0.7181567736444074,1
0.5543707831585251,0.8821637794301931,0.1038938228763767,0.6579886344768032,1
0.4738249180181096,0.9525916050615801,0.1648608022397761,0.4748264486399787,1
0.5097403037663641,0.8620834365813419,0.5468285305767437,0.8820643810998907,1
0.5451264531992451,0.641654953117486,0.5777000950987119,0.8484751689274879,1
0.843446918420019,0.7969932204817558,0.1522394912393612,0.7741051154858671,1
0.6821739073671792,0.09231829530912489,0.6466459443023941,0.689966274165923,1
0.3046248576825149,0.16440188959449564,0.4341146122709065,0.18452184141898828,1
0.627504003030573,0.469721011657224,0.3696313843505137,0.5762467204554367,1
0.0956080428739553,0.468083777234879,0.3571492058315817,0.4081078964349879,1
0.6121840411774202,0.203345232441176,0.2619503558358705,0.16161992445529189,1
0.8220502771456338,0.7031290490137754,0.0363607250396952,0.5586401486442211,1
0.5509166373574408,0.21052770185243,0.1396600195500457,0.8042168453136322,1
0.9199302311818214,0.5471043470135716,0.76432781862133,0.12092555897983817,1
0.1108950248027006,0.14016560768659572,0.3098926247863536,0.31075530980235705,1
0.3407795000584948,0.2361214319040028,0.3409557687365389,0.5699416273053689,1
0.2373869946744064,0.8877372109002135,0.6941567544546328,0.5095109862457525,1
0.590960913980015,0.8891753535693071,0.1986991076102059,0.946700593311998,1
0.2055370306188261,0.9004143286641435,0.70823760727111,0.5986120233712571,1
0.6622025062423832,0.7495587901584405,0.4135744582421168,0.8119422203189861,1
0.8055600539279193,0.9554574046208925,0.1719328260460598,0.4953524042791767,1
0.3105088256288183,0.4720027531354277,0.2100753948334713,0.08765335321120658,1
0.6222617419779636,0.37611904194966694,0.3131604074107897,0.4485575771736153,1
0.4110943235218436,0.14949810376069833,0.7242632306826392,0.15084757819012007,1
0.1703561582653776,0.6700874591293091,0.6761065059711958,0.6578585603704964,1
0.3226971716032875,0.7579563090479053,0.2333674419133322,0.7277846365813893,1
0.9093550494564632,0.7981081756634718,0.4232795816873944,0.9228649897902715,1
0.6431759039903122,0.37673172578227204,0.0712034931838245,0.27875333426280247,1
0.4378353824461309,0.1383120647051712,0.333004158011923,0.872268046209647,1
0.7206403215811057,0.1328317554791514,0.3074560444958068,0.5238511506376985,1
0.0187622876767071,0.1092296249838304,0.6177436525860577,0.8102526046817429,1
0.5752090321752923,0.9570697514745367,0.8731804321846992,0.7531974344962789,1
0.6217509863569189,0.8325052438599411,0.7973904370500922,0.5355288006601996,1
0.3039574192091148,0.4595495725114739,0.9237606493086792,0.7550437705388962,1
0.5547670330343911,0.31992973160920396,0.1518458180921665,0.03614951026711969,1
0.6343669607545595,0.3149202250622641,0.7399226130367518,0.4805840636777959,1
0.6461181119622331,0.5747812864700846,0.9654151134289484,0.864260907643008,1
0.5823179534266266,0.2149498513492612,0.2738585822461489,0.7203774792765557,1
0.0994074560283776,0.8272438900958397,0.6807844045584261,0.17908107457016678,1
0.447002433173145,0.8881851702096727,0.1707423303779623,0.4055122435644068,1
0.3209310433640358,0.4403515904597598,0.9301521685547488,0.05406247491576629,1
0.5722313287414137,0.5678788618230249,0.1415497082292341,0.6631774612344938,1
0.7094204371568573,0.08415353869935648,0.6301872204604998,0.5150121965737559,1
0.3195659869347415,0.3316377430185919,0.1508508899868076,0.8714730484141071,1
0.1476737087389971,0.8715596964035234,0.1527233478374094,0.054610475299697085,1
0.6407218735363395,0.29161010910943946,0.9493675728542214,0.049608244072102584,1
0.31145051322698,0.748692134488251,0.3412558628017486,0.8611092599699389,1
0.5787441431224591,0.9521675146615111,0.9019408438610822,0.7507526668551008,1
0.6172767809839869,0.7253969544008135,0.9220493248631992,0.6454300957258716,1
0.1897764982491528,0.23328417173611568,0.7493076533572353,0.9225430079680078,1
0.2179784313346565,0.413389803084486,0.2555576975207711,0.23059109592599306,1
0.5848650893379503,0.386033983282274,0.321433895978642,0.4618332947269157,1
0.9811948576708622,0.697724776971557,0.9940482737533312,0.9681816576777228,1
0.6406850644680029,0.255158663447007,0.7608746013421879,0.5163549549449234,1
0.6542723343627621,0.6354264222771914,0.5587028099626805,0.23289651260336464,1
0.4292445246939875,0.17955104197127536,0.3741491831272286,0.8947304289834973,1
0.6235097278474098,0.05317227683870685,0.4073208012471552,0.5586620048317802,1
0.9497331679750344,0.6177517287663162,0.8442525781998893,0.46894061668110226,1
0.7962627170370558,0.8062779253794373,0.8955501914138939,0.9313318665466632,1
0.5866419351056263,0.44471904272997986,0.2488798672514626,0.6709113681807625,1
0.6482030853221866,0.17412115103425516,0.4710139715488319,0.728617639387219,1
0.7160900034111153,0.31867706163233056,0.7217805197095224,0.5670739874240119,1
0.4875566108047178,0.5384583352945824,0.7927623325593046,0.32839908731470535,1
0.1649902682438166,0.9176342258580203,0.2892279784812422,0.7470122983247104,1
0.8649472106904,0.5723517151298115,0.7999067277377546,0.9922317342687206,1
0.5861208743246639,0.24302676005513763,0.26980252050291,0.16295829835614636,1
0.1627466510602988,0.1139534834702514,0.0833981686915761,0.34097925095700404,1
0.184404963420602,0.08908813335311878,0.0651006375211519,0.3186022375913972,1
0.5436723538976083,0.9200097545475546,0.6907379823704426,0.24412445905271735,1
0.2829358909932858,0.35824701771701134,0.6105062839107774,0.8598633087930574,1
0.1942721262430586,0.9612055773373341,0.2595951435566654,0.7399414493978268,1
0.4161292917050892,0.19637158742210248,0.7421607968989744,0.07647858069922138,1
0.6135407941175491,0.2802252833039842,0.2385570773433179,0.012205452145236797,1
0.0456300295220092,0.5450083562773029,0.1729074930063263,0.22454514716049123,1
0.2620454302273758,0.928687530592716,0.7224740922665288,0.5073977603826717,1
0.0610114240680373,0.7822391177027158,0.0325666608601882,0.27163081828296953,1
0.970613918498444,0.08932192533213729,0.227921800672513,0.4644699159670942,1
0.2516725844245662,0.8805618063126434,0.911998638483062,0.6556109558698824,1
0.5081633925998004,0.44062741266896677,0.8503565594791523,0.5696453458182874,1
0.8324641733118865,0.4990765094330105,0.9369633605257282,0.5789227947152225,1
0.5458790526031528,0.137183626365934,0.8333765804856964,0.31541975439128156,1
0.5707743596680224,0.9632194353582275,0.83710150598827,0.7562643096260919,1
0.2874532788362107,0.4614958937744035,0.9776169050350488,0.763094097931936,1
0.2589642827330212,0.11099338546274219,0.7980169278112659,0.12776014906565566,1
0.0878264144314627,0.7223740040030849,0.7973147532495953,0.5349684000809571,1
0.8780533008940795,0.2247418514720053,0.1267220500933074,0.7496697247127658,1
0.1428077359506843,0.9390948250410511,0.3944531325781875,0.5880908020132237,1
0.3005271561705957,0.24225672313090263,0.263394565877696,0.9770717666157096,1
0.4420122834393196,0.7272436056982635,0.2018069744476899,0.29404137385931833,1
0.9642395548501131,0.059815325332407854,0.6281553160454623,0.9599656423260959,1
0.1786984401228172,0.9492963844960157,0.4369005971918296,0.20521562662035894,1
0.6022541700126539,0.09700167961590728,0.9267192723702536,0.35868871415049336,1
0.846764838073604,0.8382901464076957,0.1820143984482224,0.7330094821016561,1
0.864341820958601,0.6643087038878278,0.383652228400523,0.3406388748784652,1
0.0231772330250591,0.34899491823526313,0.5030083662179299,0.7133442012592027,1
0.1442111153945462,0.6575396354082739,0.1890997963676333,0.5735708345046351,1
0.3124964678269464,0.35820926730602776,0.1188475271088768,0.13306316992686137,1
0.6928743035682469,0.9760911076040407,0.22368757749447,0.51392924047547,1
0.1977332525610136,0.8870670380959239,0.7579793287429419,0.06759220766366358,1
0.387513448783284,0.6064354627375156,0.8770586489430897,0.8755887768814252,1
0.6623161600157491,0.4663847069587282,0.4186547986693714,0.44942080164036596,1
0.0394610974466703,0.2672573031967945,0.0958315536036121,0.8343228656690576,1
0.2420364456748379,0.04404869155726284,0.159755345631468,0.503315017200589,1
0.939367680539874,0.6887358645712804,0.0952480711014221,0.449673111131926,1
0.8760603146306971,0.8683362258013982,0.0410287015798647,0.20077126258830086,1
0.5858957301478306,0.707126635992174,0.2515193342801861,0.08987579831180609,1
0.3673884678912084,0.31601177324420887,0.0905603355126684,0.4546898317217169,1
0.7502839796296012,0.47696084364473584,0.7457699378621974,0.9629084429974814,1
0.8402060836741694,0.40389201204081054,0.2293102430851281,0.32782981479520407,1
0.7727944967575564,0.19689410400479876,0.1495354580512068,0.8372576653553817,1
0.8650504188194837,0.9077123992573736,0.5734768507402528,0.11533069069026307,1
0.3244211639547081,0.5639496058308153,0.0810177271062777,0.7104798490834314,1
0.8375430659011807,0.10934182563299409,0.8870126445805261,0.20246236570904225,1
0.333233842341846,0.020512096678074916,0.6991705364260894,0.7339142346497791,1
0.0748442006878897,0.3134970219749605,0.7187128305751456,0.6186275060181895,1
0.3070169638785058,0.7763072811515855,0.6280882975071191,0.933782354534911,1
0.8502501964410574,0.32380325227771256,0.1833468992948356,0.23339125458863705,1
0.5011274467488908,0.21374313442836018,0.199820355777772,0.34747715516277583,1
0.8171682934116811,0.8436896305934483,0.6601426207050929,0.8099265105449818,1
0.2509789588323212,0.19008519450003766,0.0630290418166153,0.69439217933637,1
0.3325371757638739,0.23893488177585492,0.285502017473261,0.2702944721568549,1
0.5217261101954271,0.3682230880322873,0.0965615648351642,0.29171467489062647,1
0.090927862313708,0.6612057101376385,0.4400456308896196,0.5216894199212733,1
0.8665258334405297,0.9075028007495124,0.1003166019907876,0.808128047911096,1
0.0366149379672249,0.6044430663744694,0.1281956743750314,0.031348368963690296,1
0.281593274707564,0.07615208097593487,0.3743976144758644,0.6911822128542998,1
0.9124058635827414,0.5023020451905827,0.4700543661685884,0.4809708962752185,1
0.1309177372193223,0.8479318367357225,0.8911137084984015,0.6714977534574451,1
0.1260808022478285,0.18473426077639438,0.2721785236468136,0.879823576528338,1
0.0356698668519863,0.924859896837234,0.4702400932939261,0.37683047768905087,1
0.414005375500043,0.5297690245111556,0.155757425831487,0.018682937225466895,1
0.4597787474504943,0.16952101880056775,0.0924827281467859,0.7210342394924301,1
0.2352790038118656,0.45059829473829177,0.2344113774253459,0.8120257551452977,1
0.4846928661977831,0.370101288374632,0.051175531692232,0.33069626078711656,1
0.1116087357259495,0.6855128429818524,0.7524929999535377,0.5806327089155197,1
0.3534557430162848,0.235930245530296,0.4390956549697564,0.4547645498135511,1
0.6902342846789794,0.731612141562248,0.1234114779859461,0.6567133371838714,1
0.901149309112825,0.5099951323279971,0.4515902112807278,0.663832912162762,1
0.95459464589537,0.04438251615238344,0.3187668588005029,0.36559596890901425,1
0.1120447932437014,0.7862888636022999,0.1714277102258259,0.0013326685693642998,1
0.8825045449073456,0.47959983127531053,0.2613834132452474,0.5053944059411558,1
0.3507116026303672,0.607155767259825,0.8170392794375657,0.10004142295375487,1
0.052474048319735,0.433692887226467,0.773627762657692,0.914983145630219,1
0.5443878836701407,0.14516520477401823,0.8698482571463122,0.4814421139803538,1
0.8349324532096034,0.7608779157597961,0.1198469233827807,0.8266683839565747,1
0.6456036245957906,0.5566762525653951,0.6559449627081859,0.18141642308368847,1
0.2053472263292393,0.40702386401629287,0.2802211160401145,0.23045935284069993,1
0.4551578485406415,0.06904120005724526,0.6280905876979126,0.7269066567125738,1
0.7726742999002453,0.16866643626976324,0.1539837158592555,0.824101099788853,1
0.3153286290401922,0.5122547766520295,0.855244271705154,0.7244155733534035,1
0.4150874217632982,0.4942971090171022,0.5227169610074582,0.14700517328329119,1
0.1757700522374246,0.3695491587617201,0.0208861986028848,0.6944205398344397,1
0.8975738959730902,0.7177698764256742,0.368733256193199,0.36244075712833923,1
0.6813711145933309,0.3668491949916786,0.6697266798231868,0.7171177954817424,1
0.6905001545347629,0.3614504893095759,0.381022171581634,0.9354862436725861,1
0.5707806563638692,0.848149828639991,0.92788099369115,0.39104367173772236,1
0.6439343329817658,0.9151312726153408,0.6545141110724434,0.42268672510050387,1
0.711804386574561,0.4192091601222261,0.6678952202307827,0.07376432589004318,1
0.8577216632970669,0.5556897636048589,0.9450383897890876,0.4587095835177656,1
0.7389938916878522,0.3566621709105871,0.5298121047445726,0.8772940478145159,1
0.2399287499900364,0.5318642072350076,0.9045291549622084,0.55337572826209,1
0.8424471560477299,0.7845495458474563,0.1432676549763428,0.7864881362375975,1
0.1877036678601109,0.14374150567047164,0.2700172939224405,0.3604333049530604,1
0.6367689818710606,0.9834297317668219,0.1990225944022375,0.9944163767871613,1
0.6358445601626774,0.027757214086520224,0.3914786190420359,0.5147309834018738,1
0.6711569245571549,0.3488178767351847,0.4191700778724128,0.9324617481776661,1
0.4443729940702042,0.9629008975457631,0.5368959183210459,0.6730162088671992,1
0.2764097500606338,0.15331528024038174,0.4700934405927003,0.71191640352247,1
0.5882203615003173,0.3493955609301173,0.4530744903934892,0.9753111978882216,1
0.9664357005236716,0.19000628801864278,0.1599919067836964,0.7399245419199371,1
0.104947103564271,0.927151912168002,0.7599606809812255,0.13612233122604486,1
0.1287164740441616,0.2062846281271361,0.7061028775433508,0.719414328061171,1
0.4482284954646534,0.5847281674542988,0.4813692029857029,0.4775280558388088,1
0.6832259637353244,0.027753741462263525,0.8051885580602298,0.4077863194502277,1
0.9247958860222072,0.08089541721283316,0.6136894276041462,0.9032784736382432,1
0.2112438967586306,0.9218600338735168,0.2832153096450558,0.829089832185987,1
0.9262027396564456,0.1380146990606739,0.3854747433349765,0.7849307897344506,1
0.6705281634904388,0.6010186732494363,0.9334581977438106,0.647079054516288,1
0.8410036803156979,0.2908351734949969,0.1938998479312316,0.5778300168266243,1
0.3021568483267086,0.7920275137572576,0.6348360624816247,0.22514450932721713,1
0.3744147837957041,0.449589771068614,0.5224160779226498,0.22653685073762775,1
0.9128166753479724,0.621442080879313,0.8069456117067018,0.8933424961340359,1
0.6378387615681977,0.9310700341964792,0.9502023377588076,0.910797534432467,1
0.3746516715640423,0.9183896782603692,0.5740954946852384,0.17126681684672526,1
0.1740562021877,0.1323534758983273,0.6577221364245003,0.3907762302982401,1
0.3711407717069989,0.18634544104845266,0.3052369702486713,0.924184232258657,1
0.6758373233373987,0.8797313294797523,0.761372388356185,0.3716329344532677,1
0.3415233089129531,0.222936635040862,0.653211372516261,0.8753310976342942,1
0.4160475857729901,0.5795580618947757,0.310754580516406,0.6741438988944952,1
0.2604273190399498,0.48204812530609403,0.241811681733632,0.8148039622376579,1
0.6595100364447392,0.709444445666371,0.5397634835024046,0.29784740954426103,1
0.7580523700859708,0.9513230295202298,0.6267653383505615,0.4270073309612542,1
0.4523958572459358,0.15847575619301613,0.2530214052463388,0.5036692878050884,1
0.7310552273935376,0.14406196736693075,0.3035433831914215,0.5283406024354607,1
0.8578337705480014,0.7989212319264216,0.5080464080355359,0.8697774914907124,1
0.0811456889944287,0.3087824883499385,0.7233239707012458,0.6341258168972933,1
0.8710541696927792,0.9136745936834794,0.5814944164205729,0.11950838100461557,1
0.6374170688244702,0.6232088932619306,0.3954255269816425,0.936247803802857,1
0.7154770303607241,0.26287072092107744,0.5008146458806397,0.8071035289952261,1
0.5387192749995556,0.07211388112512937,0.9395718094188426,0.4396617139646899,1
0.3377584139347256,0.23775742371433392,0.3262594698212404,0.9624875259491114,1
0.8387163226393327,0.7667122946228495,0.131432028849531,0.7180970398170747,1
0.1961287188256013,0.04664412911201994,0.2266313610169195,0.3951011844051511,1
0.1282478294307432,0.34785297818524813,0.9266390055867816,0.48389899150253307,1
0.685806998578359,0.5374308446645448,0.6366019783228883,0.4971808247905179,1
0.3858510652746075,0.6305328019745402,0.272208993668782,0.7104741962993285,1
0.6562756813084782,0.7039146249323204,0.5387563807103104,0.26505396719144614,1
0.7161078810354833,0.9481623210347165,0.9060590221882494,0.8316681211021263,1
0.3077872587700258,0.8223110278860902,0.8382571103505896,0.6908218055242372,1
0.1639471000862234,0.8065269152492727,0.2716258209391488,0.7081826177137331,1
0.1547982675273937,0.912918993876837,0.785604722698205,0.09434639052218127,1
0.6485682963709951,0.16894704856623213,0.4709192116768658,0.938871736861469,1
0.8503935049438742,0.33599046237506197,0.2014645688374163,0.22254190806266694,1
0.8468705519881197,0.4416015314906317,0.2990231503580091,0.46539041850899177,1
0.0269684246840938,0.43910173364314187,0.236599234847019,0.6990182797654697,1
0.4037756621848196,0.15188228753921923,0.6214801623281567,0.32107657999309763,1
0.5186781800611181,0.6421255969302467,0.4486756392484936,0.4514105001230071,1
0.975093549881888,0.6469252156356555,0.897219535100219,0.9128311766593006,1
0.6005077981765103,0.6786277852499795,0.5874744373341761,0.8457138202153214,1
0.8929076692591296,0.4281016252672869,0.2220785868088514,0.30388090374125026,1
0.0694560286321165,0.30211776947289,0.642976299573805,0.7820193358759181,1
0.8192085000568728,0.8334258068657645,0.6092489999720404,0.8155250663063774,1
0.7074852196514279,0.006834735657911806,0.9444928299800354,0.13434672915760637,1
0.0592078952543053,0.8472775142045995,0.9365390754756038,0.9467549368126418,1
0.5405836193058756,0.42052376903526817,0.7543917732261355,0.27696002881095855,1
0.7853515547041074,0.3141833125898108,0.7188195846855993,0.6155587378055539,1
0.5758951345955745,0.8728678608724173,0.0931285934109908,0.6947408692619547,1
0.6622053852278411,0.8058471715760365,0.7418991910225385,0.9070601448563615,1
0.0730019254015044,0.28702540847989516,0.717815441169951,0.6166562184519117,1
0.4074747700288604,0.4366337282918516,0.5138400582320348,0.24179638322094454,1
0.402899446722255,0.7495482895070779,0.1713385309544392,0.21797993940672206,1
0.2216199445861025,0.8185000904161888,0.7542255942895049,0.4620431215658361,1
0.9033396540173108,0.5171164440758678,0.0949955524722531,0.37309297393955504,1
0.4472546600139327,0.7811992364144218,0.837962690158018,0.07057305138795499,1
0.2488136272479016,0.8269225067116162,0.8420767223415812,0.6935231518551812,1
0.6197804477626768,0.7190150533573532,0.426148023492283,0.8880869746062752,1
0.2370715837974473,0.46643088908047997,0.1311614582535124,0.12254301646715157,1
0.6786033837943419,0.4549277566536525,0.5616751176826974,0.8844984853435188,1
0.1538463776536227,0.3348179159210879,0.0671892451357852,0.25652951816794756,1
0.6728709675378685,0.5740052232859603,0.6269761898350639,0.5449785223817568,1
0.8026709504566462,0.94266853675378,0.896009384461683,0.9106053654932542,1
0.3165793799848224,0.8226343960304244,0.8212665335957778,0.6692912122893646,1
0.4765527295733447,0.9865066577442069,0.4566785857515937,0.6875475576995055,1
0.1515043321744317,0.9253914870802136,0.2776751588867865,0.731451156759646,1
0.965193629753302,0.04682884324693224,0.2650989694092755,0.40662292338411476,1
0.6891767049380211,0.7608595916950666,0.7420255537949298,0.9417228374080774,1
0.6523463406847683,0.7238065410311874,0.4827185659248806,0.812596702007832,1
0.5760562357711483,0.8212950277972784,0.0915679170084009,0.6299086531223105,1
0.5469621159900082,0.70831913416189,0.4764664759183359,0.7508418001269068,1
0.4240403151338673,0.5478312886535339,0.4968296791603421,0.5051214250570822,1
0.8812740758804893,0.5100217738695254,0.3824726723434066,0.5594186069223056,1
0.5809986428130892,0.513752019042311,0.5055235211456156,0.4962845816322032,1
0.241570177645027,0.7890417924045624,0.1218277159712679,0.5426480712058608,1
0.8572186802498805,0.8790939137810551,0.61598302037479,0.09162248572953449,1
0.4724799549856694,0.07257666043558217,0.2486296776538235,0.4575080944451565,1
0.123932875637087,0.7095113160667992,0.7377145876397141,0.17301277252401326,1
0.8384242134331956,0.31631244558789445,0.1896406866372456,0.24606790385229224,1
0.0659506131576492,0.26594356829567783,0.134096792220143,0.7880532401901672,1
0.8620062642578215,0.3129428504996318,0.1663667683746147,0.22308346505854146,1
0.5184113063084747,0.829263603304681,0.7747762041861431,0.16794767561214147,1
0.1427819207131599,0.6081040761605143,0.1528755149837793,0.6147064964695931,1
0.462743567997587,0.9816269093255405,0.4308670490237081,0.6683140667826535,1
0.8461994439282952,0.7990951238905514,0.477906833094073,0.08741051186832138,1
0.6550074388115475,0.37303196964807284,0.4292162481095092,0.9797376462926718,1
0.1631704570040896,0.5403200612438563,0.1587517317555586,0.07933055270761219,1
0.5380167462197296,0.5348161357626348,0.2119645030498739,0.6632104684251657,1
0.9085847830394872,0.7232659525074605,0.9485658091939926,0.7787656971025952,1
0.6336103658702187,0.4162657360189921,0.0598549720039476,0.7009063941561396,1
0.7811399273991557,0.48840645569007224,0.5238020406194274,0.0025237972174989996,1
0.456452924959595,0.9761994949740115,0.4372098250944068,0.6096082563512543,1
0.2108827505622517,0.3436306831449198,0.1947119619996185,0.8958559153827155,1
0.7129967124316845,0.34314399698811177,0.3808587323507931,0.9271593987199361,1
0.7655253086150703,0.7628728796433079,0.1678597663075535,0.6739244298470747,1
0.2936671410983267,0.3953537850349556,0.9551506257075628,0.5391955822928229,1
0.0420796788811928,0.20778044231068418,0.6636928371876236,0.13009383212925518,1
0.6630932692135773,0.17294571702552147,0.0641488302711737,0.4303137356715346,1
0.0765168950394464,0.7815518040333816,0.595723542388207,0.7900261204997485,1
0.082939859118222,0.634180046955628,0.0988592378942735,0.4436070398168423,1
0.5661754440456009,0.20167034518002847,0.92241846270668,0.26104036673127456,1
0.7502749801882648,0.47563775350644383,0.7456034284625237,0.9626437551980418,1
0.7362772948577417,0.21141961082308408,0.5902007280030332,0.6099664973563742,1
0.504933607677144,0.9344154002256444,0.1238781704050648,0.6078520743626741,1
0.7953959128182521,0.08382850859129687,0.9037465180906112,0.23756950888349346,1
0.8741372629570193,0.8293738780894351,0.110235023079916,0.788015663636911,1
0.7624626458739195,0.8517569028267823,0.8773266649456776,0.9106964298382818,1
0.2651216772233582,0.9804716455050403,0.2499455804879714,0.7522834043679932,1
0.6491812811407291,0.2902905336442438,0.940943986357093,0.03582206287420759,1
0.0454191349576655,0.385487450983068,0.7006069012384539,0.48998252604006987,1
0.7542005436215726,0.8500179621956266,0.0854118797580131,0.9972240580219693,1
0.607429276450801,0.44626729651666447,0.2444131852521399,0.4359926916026616,1
0.0365438643233175,0.16536805525320264,0.7339216998761301,0.16663220362818798,1
0.7022399887247424,0.5596019687818439,0.4889006363889235,0.19343875290256873,1
0.8194418780631924,0.8603483580426747,0.5150297086319529,0.08071555178232849,1
0.6250875317535917,0.8616639667669305,0.7560908398734894,0.5173808349724794,1
0.249409275671592,0.40526312985216073,0.485161253389085,0.575191128080086,1
0.5928845028461822,0.2156283942545734,0.1587079776845661,0.033984290602925696,1
0.1358502053713886,0.839822125589731,0.0530765147043841,0.24463165700662465,1
0.5140456418225118,0.7292314819384424,0.8304242832200714,0.14523141003267379,1
0.1568863413030786,0.6641253744574593,0.1252809938565609,0.552157840418455,1
0.0185509579463723,0.26697774583202233,0.9835849656964216,0.953022915628191,1
0.2266313926457139,0.5068089497926926,0.1482780419315675,0.08294519443499708,1
0.2190156453617025,0.3292057145852349,0.1870818847410552,0.9240448652040466,1
0.2999884406201495,0.4207863544241906,0.9165532180254096,0.8282421409308883,1
0.1846585640576022,0.8623571923086596,0.3309759278353562,0.796789208154384,1
0.449794620964295,0.5889138982922383,0.5322736382474669,0.9479135510321314,1
0.4878364106511905,0.49539735779205046,0.1441899531781836,0.06349715073302929,1
0.7212048208210634,0.14692243782528525,0.6366430560943107,0.6796022280774447,1
0.1867929320692875,0.4363650276678784,0.5886578430462164,0.25742012869935643,1
0.0666422969729406,0.7914531332654654,0.4946737527836624,0.7589602637551154,1
0.8226615814331554,0.7879046112448462,0.1151133420580107,0.20345024484414814,1
0.3197808556625316,0.7817697877554157,0.2274112924724823,0.7238405935705685,1
0.9191972321271924,0.24682587366633202,0.4872075341182576,0.047048143699615186,1
0.1378030156286434,0.5361901163736597,0.6085045426812942,0.288911316729527,1
0.179719442235452,0.2290083382836702,0.7243718816283807,0.9171715670878462,1
0.7242868977227714,0.6654593895106048,0.555249136894486,0.8428199522073984,1
0.2635622992890226,0.02334416155717692,0.7490520529254716,0.8317923256061649,1
0.6453927999435678,0.7797509950552545,0.7913753981609006,0.8931311843627349,1
0.1206163894709344,0.16998925311893645,0.7725451371436165,0.34948221994270967,1
0.2555168165927453,0.08538676969074847,0.3493913775531156,0.21901193954677656,1
0.9761981321901456,0.2036117805512095,0.2091049514452458,0.7479672857162858,1
0.5258160849415776,0.3204821593458019,0.2406066494094887,0.7068687268198518,1
0.6625575211485986,0.29324636547780447,0.9481179499806872,0.7394979502735454,1
0.8960723893938052,0.04390169318489584,0.8535238338012255,0.7207440385471976,1
0.1115789798427877,0.2658346388578903,0.822410997874065,0.6537614890802661,1
0.3291448191920224,0.19182045264062217,0.144058181303899,0.3785224566774011,1
0.1395556868339423,0.5357691670869937,0.6100514836198373,0.289910209939764,1
0.6389925236161539,0.08703620206017249,0.6756909918885649,0.7478666105482973,1
0.1574899704500514,0.36235015563681533,0.3826039900903381,0.24748244698070773,1
0.8103208811074465,0.02109808989225312,0.6069770257635713,0.22620749965789905,1
0.5558627472250145,0.39606339023916554,0.3420370919111771,0.4595833185139685,1
0.7519606215131687,0.5675164294934391,0.872539433572028,0.46936005540059716,1
0.0360563273088413,0.4466610794633966,0.9574367725880096,0.4771973763754747,1
0.4531642983263226,0.8735929181684307,0.5955517789345895,0.9007213364658414,1
0.5475810456293411,0.9020523241809992,0.7332287630459753,0.2772588204518515,1
0.2199510995040645,0.2353227907574456,0.0497833453720689,0.6715005933636624,1
0.9590856774414404,0.2658249603940909,0.760135529391819,0.34383896288284654,1
0.9493812752937868,0.13599639593848972,0.7027092512762705,0.08483370205838078,1
0.1093092739887012,0.3825426017390067,0.7449887120266298,0.7282762912026192,1
0.5414697793666922,0.32686500009216696,0.3329306365208231,0.11556312348319837,1
0.6316301026951984,0.18493709718740006,0.3072707291351723,0.8127087118242994,1
0.1814924814450278,0.04298202605702954,0.1930413357454274,0.4153697400242404,1
0.7350173915460441,0.612399835213545,0.1457212005075014,0.9175844769949407,1
0.7614320078453912,0.4524044363990429,0.5591912033903823,0.0075566849930481985,1
0.1191117274333215,0.19305267675014606,0.7454967320732103,0.8818570589774539,1
0.8867466656268004,0.7107095005835021,0.3740141070580555,0.36316503829347413,1
0.7494206717099129,0.5320248601797584,0.1226267210246026,0.9087037940997884,1
0.087193242650234,0.8969339534657963,0.4530775301467854,0.6411223047142458,1
0.1146504267403159,0.1374909812740035,0.8670183700619188,0.7676343528223011,1
0.6502719531061616,0.19069646908444796,0.0642609635673299,0.3899626406404374,1
0.0113988800025986,0.3104953980968555,0.0379143448081732,0.9270280404507966,1
0.5381117594743821,0.5753226444524939,0.1366049213891134,0.9384527185138449,1
0.1951972082064148,0.1158261715184386,0.1887453801796006,0.40399113151019916,1
0.9642775579041044,0.16676393639359074,0.1842496015860483,0.5368850296774358,1
0.9630600846749606,0.5240998306523896,0.6278327574440065,0.14153332784538436,1
0.0689355496405548,0.1322990155698607,0.8283766507189757,0.7989572177266838,1
0.3224646382216407,0.20058270823361438,0.0598571151695498,0.41203596046543467,1
0.0580082874217883,0.774807390333668,0.0338523431764523,0.25783400806582163,1
0.0733803930392216,0.20769050503212869,0.7842597708340452,0.31526257699313476,1
0.1431061121571385,0.9058738295017728,0.1733313392102011,0.6637948244962047,1
0.041181056198084,0.4309409727894677,0.6954654224481963,0.5054432098985041,1
0.7882179153518247,0.9653355505325385,0.6107605902812705,0.4837356744049916,1
0.4922424026907237,0.579390744725876,0.2244621966565788,0.6569236136287655,1
0.2582141662986671,0.1126378156256283,0.1410891288471511,0.47735434758278,1
0.8270617228122483,0.24669401466972923,0.1591236512592131,0.26606929600672574,1
0.0226100048871745,0.37093251093636453,0.189130155562876,0.6991522409937457,1
0.114552381754108,0.2211522731683929,0.2838502206109126,0.8500679324653226,1
0.1194006619027185,0.9670542705045693,0.7375384493237399,0.613533222017111,1
0.163392756104019,0.17354194353483407,0.3507957002503371,0.8430465594595062,1
0.9621843277021992,0.15424018021142283,0.2426388472837761,0.7445405220298202,1
0.6105902064336115,0.4475955498825302,0.8768855342774052,0.4831873340412406,1
0.3040103048157324,0.07648278471681817,0.0751335827104314,0.7103938249211667,1
0.678997900045787,0.17739096250041567,0.4780689980882502,0.8480239756927405,1
0.043524056708507,0.17821320801179846,0.7386354079994477,0.24337277715509376,1
0.0418489832875645,0.33014467717730617,0.6843750631196912,0.7780987989716334,1
0.4560407665408904,0.9503978665008561,0.5095473044115587,0.749414317171539,1
0.8970526789759409,0.8637411172687243,0.794311377466646,0.9046437585209586,1
0.8033870077059226,0.3245903539561811,0.2588526576614287,0.5064970569246469,1
0.5719823559011286,0.1372961250895415,0.766706332324767,0.912055564173168,1
0.7124657188388769,0.5428923564497401,0.968627889930578,0.011683119928290499,1
0.8333989169353158,0.91532391455306,0.950617179814764,0.6273684798229958,1
0.4515402702819003,0.7235659347916312,0.191345818744499,0.28607251182858795,1
0.6152692677473528,0.40243313411712106,0.4752185782623909,0.3947530382293799,1
0.8393487029440668,0.8951148005161823,0.1036329433052915,0.8370371377020327,1
0.429198537247745,0.25018377687137244,0.7428388983041537,0.020703063983417598,1
0.2130780874011027,0.3958269962962263,0.5253499936179629,0.2824675091299673,1
0.8197432826966895,0.29125994423466606,0.2346393661762772,0.4255086440175031,1
0.5424161314851348,0.35695348816968503,0.2425576384239045,0.6965226254754868,1
0.872417940011626,0.8578536893123454,0.5291010686602832,0.14166840051643237,1
0.9393459078253464,0.2210773321375942,0.0418252260760461,0.7939977199875805,1
0.1942558843838484,0.8868786402385729,0.0689345997931572,0.23481897940692414,1
0.3489489401776052,0.31179830045829976,0.0930074809102582,0.4476826848489048,1
0.4719365576813278,0.7655121455351852,0.4706469414408259,0.06936041726155379,1
0.0811970139089069,0.6886089252537497,0.7884482901015247,0.539487847869093,1
0.361202597728481,0.77182139760411,0.1541874879270917,0.15960827745509906,1
0.1399122032384739,0.8216177164931863,0.3640030218368322,0.46053378345144896,1
0.888814288543791,0.2894126775496761,0.6256504608857011,0.3999885069873257,1
0.4106415544248872,0.6210925602192756,0.30227846093033,0.7227785576858964,1
0.7076980889289687,0.7412284613931125,0.1280573405595759,0.6548240909346333,1
0.3032647046794778,0.21614432910235498,0.0855455824065409,0.4435044334857039,1
0.5529585385256512,0.9236740671646814,0.7292757496956794,0.20577983461318544,1
0.5666762448498461,0.7667088291813788,0.9184339514768504,0.6111717166087494,1
0.1698028482879229,0.15430910591160305,0.3309152649012102,0.3670460898013265,1
0.3697115360578913,0.32340250168639395,0.8689191341064537,0.7123485298920795,1
0.2894714878042,0.08936502144763418,0.0705943069040665,0.7069033918698253,1
0.6888574672494499,0.7868287879012408,0.1827349238737268,0.63808832569308,1
0.7189199940632472,0.522591200016405,0.6357130012880716,0.4881364440299863,1
0.5654619845170784,0.3096005425980556,0.7824681670176832,0.47906920831501076,1
0.1248154030679114,0.3314949456748605,0.0501919064413009,0.6402347670815325,1
0.7794246576009385,0.5098930871803171,0.5822850509854002,0.7928838261362787,1
0.1522330657934797,0.4160233404603102,0.4597709588370232,0.8919192594436536,1
0.6957808153475583,0.6427688323835588,0.9600660193735896,0.09094187180198018,1
0.88875568142131,0.8560581029479213,0.5336455330715746,0.15636240663847487,1
0.398251087432714,0.5754007319899085,0.8812415712252544,0.5239747630324253,1
0.8469742316329812,0.8408963910470515,0.1838934897016385,0.7304159410133774,1
0.2910879549317833,0.6822261638930636,0.8302459222100825,0.7919170538770507,1
0.6852134216375891,0.5798623765824267,0.508899815077124,0.17626234372485897,1
0.8684632670927853,0.1098952122533525,0.7201626827931147,0.8859565428161196,1
0.8783775757111971,0.6947453040539854,0.445514424638635,0.023342032366270696,1
0.4014917855851945,0.1348591243884683,0.591560625996411,0.29752658934637716,1
0.5517121112461462,0.4436797350660358,0.4015236346661529,0.5608369677938887,1
0.6053515745423185,0.1112367098352557,0.6750101062360752,0.4924360235623298,1
0.6265250099924509,0.2758952164260599,0.8693805170806879,0.05359963126258038,1
0.5744504141176081,0.7461273169322704,0.4536693659083037,0.7948083265166812,1
0.759741876616295,0.9600569365816133,0.9089831628647732,0.8878545131358406,1
0.0176852664205327,0.5971752296225492,0.7875144594981416,0.4239551055998771,1
0.8004876766097473,0.48055542710758703,0.5136585327119193,0.7506804321622883,1
0.077022751953758,0.7807328358402718,0.6018306379013203,0.7936708876711854,1
0.0529335105106728,0.23190559165942728,0.93890792170321,0.5465469175384946,1
0.6437210804720309,0.6610619876190318,0.4170164844726713,0.933143130011787,1
0.5243069453469802,0.07200320343834057,0.9089388510289932,0.7935016868642993,1
0.7420030325332296,0.3517657890441551,0.5282244331545609,0.8769350647889927,1
0.3240459679775505,0.5985923948922026,0.8382255273374525,0.7192661020494917,1
0.8841030213155361,0.495422361496657,0.1499897750402294,0.4170864660991242,1
0.1721476148825788,0.9309421746556362,0.98510687828169,0.5968151822917146,1
0.8513134793891279,0.4549887954882237,0.2918098574370266,0.4664031983152837,1
0.6446636321849538,0.39827147716689204,0.0459763080254805,0.28040845823655364,1
0.8041426664893542,0.7481615347188104,0.1228291603193245,0.7063959857099211,1
0.8918771504287788,0.6590304632027616,0.5607146568004557,0.7597294529640743,1
0.3083043319619692,0.3154510121808985,0.6322538687632356,0.8626960218798009,1
0.4399324743894227,0.6675703759478081,0.5061968188258109,0.06177577930425509,1
0.1374256257774516,0.35581563680049044,0.9279459820545491,0.4814628513183159,1
0.5866188661189102,0.1161904861932541,0.8534636792411701,0.31630457508783555,1
0.9818855319605472,0.19975817012837196,0.7621919314718693,0.4772725742274287,1
0.123617772176107,0.1202656140303316,0.6684933073913193,0.5769609018636264,1
0.567590135033543,0.07394086175508517,0.6254286024340425,0.7198344626706245,1
0.8174018260913997,0.8517690047144708,0.5289865679869843,0.07356464381273109,1
0.942930067765304,0.38753258866665774,0.31095668899147,0.19562680903630564,1
0.7505485280983021,0.33842102192986856,0.3463942164368949,0.923159103240457,1
0.7032340197557664,0.7402876035627778,0.1278846524314826,0.6532695342359075,1
0.2511697465369516,0.8434327759094955,0.239989605546231,0.03191267070260769,1
0.1771671485018218,0.6245638921247715,0.7859879001957293,0.846356926971395,1
0.2765450097486801,0.4531463501866528,0.9293572225750216,0.9161397088943349,1
0.8905061139385421,0.7003672908815312,0.3749139491818836,0.35601707633272334,1
0.7559591981653075,0.3200046277963043,0.7185271788676607,0.601882355164399,1
0.6501332916876985,0.6609065492341889,0.5471209360654127,0.19685760102233543,1
0.8527568316480696,0.8455398791519095,0.3879150139586853,0.5952248465054549,1
0.243436505119534,0.4210581691850201,0.0433677377516618,0.7659522677254749,1
0.4815657690328533,0.9889826187166673,0.1535962011387125,0.5498694040714344,1
0.627936074625973,0.9573013543976905,0.1471769172434828,0.5055993422142033,1
0.0599716698487247,0.6428180160870263,0.8551445722305632,0.4123421260735251,1
0.8759213902596549,0.8501341222252123,0.546592166923605,0.14081469383030357,1
0.4597796980178504,0.15262471660545773,0.2386710883050757,0.47311013566003357,1
0.9938329468240792,0.5773617897114481,0.3583553650808507,0.2766028578710664,1
0.5929485534583627,0.815804509072314,0.4390449454475507,0.9711855590640036,1
0.1951224117975372,0.9283226982373968,0.7235343699005375,0.6293589316653809,1
0.869131518195786,0.5117364689663474,0.585979318554638,0.4974818985106564,1
0.3997325099421088,0.4292534041217326,0.551087596160092,0.5118638437455791,1
0.1969819474516468,0.5137629469800344,0.3935752738623301,0.39320905176952897,1
0.7277436529486535,0.47860109322452765,0.996099802879152,0.5986195589122595,1
0.7498057655615915,0.9152752926208152,0.1236671592623784,0.9443970328699451,1
0.3643495829527336,0.3087828807498858,0.1013203081654087,0.48368054657786996,1
0.8635653964843153,0.4343548535666556,0.29180439152141,0.46271187899436567,1
0.2917148715490735,0.7948442595841222,0.3337983685133909,0.8769590866199719,1
0.6656750919596693,0.3366534829828386,0.2985095966958893,0.901957853515302,1
0.0754925405392365,0.12822096623073462,0.8723733406577362,0.7871911208755613,1
0.6367945912820496,0.6206467686765467,0.3817882040594467,0.9318068332005446,1
0.8803065274216743,0.4918803163541545,0.3566434432363441,0.5489271605163831,1
0.4521329235538318,0.3594359920620575,0.0485863766616553,0.3788166304370239,1
0.2229144377097512,0.3776404364004615,0.5258034781475933,0.8371961971142533,1
0.1734970433531993,0.8082703133626896,0.2808892576612455,0.7216395880485402,1
0.1253526289870721,0.028339878967824424,0.0507040690740219,0.37457945894844175,1
0.8927607929554549,0.2718061034344194,0.1628959229936021,0.6743027515436081,1
0.2297004681965007,0.1089329983195616,0.761297136982292,0.12360586249331958,1
0.5816377035529439,0.5178837915904708,0.5014427752056253,0.5012292350052315,1
0.6862431617635258,0.7725378393079605,0.3975093595557284,0.8395651346372388,1
0.449642348808515,0.9626867823563349,0.211795098032808,0.7915356577776146,1
0.7866739968710135,0.9532630500723701,0.1095145823889593,0.4190394381549709,1
0.5833913889297114,0.4175369297689488,0.2458730469291753,0.7095554698481721,1
0.6398614639018149,0.598167068370544,0.5657243449490146,0.21912896822914585,1
0.9291066292681954,0.9024929688419676,0.9150534623582378,0.9307093473337406,1
0.7804413443264172,0.30998481796810906,0.4056825477493467,0.9372892375625778,1
0.6285241875804308,0.019666969852339216,0.3740625559125618,0.555339845628855,1
0.166143560092411,0.3453998895383713,0.0660984601769952,0.22251325236538075,1
0.7162833989341093,0.08645346810411739,0.7032140450419744,0.6503545067605095,1
0.7990171190645725,0.018120939737147217,0.4128485492686854,0.22111155918270475,1
0.8894888001696554,0.15191046470095274,0.4192835715845798,0.35794599074058114,1
0.6866935740658572,0.06278010674085185,0.6830565464444727,0.6036789301825222,1
0.0678538197726261,0.4367152054166524,0.3369387225499332,0.5419228594064274,1
0.0281783616666358,0.323630409051211,0.5599245992418425,0.4452407671789246,1
0.0456049004119623,0.36384464219979723,0.7289451846520272,0.7601982320991678,1
0.0397686503718371,0.294956690284929,0.6185357331048806,0.48685718174776527,1
0.2739904972244701,0.42911985519750406,0.1267914383565555,0.24453498865490095,1
0.0517794543295685,0.7440981799241578,0.5138641442936568,0.19704046683099424,1
0.861914325175414,0.9402989951096469,0.3626145014562898,0.515286424682704,1
0.3373785795634068,0.6748733215407713,0.0395244882527029,0.27585882535731454,1
0.8161419506916574,0.796802495392342,0.5796463173704159,0.055732216381514287,1
0.3276647502360021,0.48091322259823205,0.948356204189461,0.11455583129631478,1
0.5308703956513581,0.9103361582270416,0.7346602347355055,0.17148714128877027,1
0.6523374268333982,0.5089222384433447,0.9933254504564027,0.6521505657991893,1
0.7745083028653457,0.9580191146015793,0.9118066573850784,0.9013469162093042,1
0.1594340554929842,0.648143159157486,0.7379818283283546,0.7146540096854975,1
0.1462828343432777,0.611237099495694,0.1485662016756389,0.6237218031299322,1
0.9647981392989828,0.6435322133505649,0.936007483963624,0.9801258622213905,1
0.0602961932978217,0.9209679516579173,0.4248075679822822,0.3697107656639849,1
0.8930848655426458,0.6272926484594078,0.4142475124743227,0.12538429507247947,1
0.3696615844490743,0.7673028804939258,0.1576668982114112,0.17145006227153609,1
0.3584587098646341,0.3206471178024642,0.0818664581771582,0.4219077520832117,1
0.3723971648193219,0.31456005627922207,0.8686876094916786,0.7162213498682706,1
0.1554573298720994,0.732221636521451,0.0387996567023479,0.7996390756799829,1
0.7421209208864501,0.6781631311709764,0.388396519614261,0.36572818369313476,1
0.3497614832124637,0.5582580479392756,0.594974980983833,0.935312891527202,1
0.5262672717733837,0.5022513926522116,0.0550965688810199,0.43200780685966167,1
0.771944454425955,0.26417483027013744,0.1744992135114523,0.7105818367999718,1
0.0899353397244028,0.14872608472248483,0.5893872452240438,0.843136945019476,1
0.2728977053149041,0.5369047668865319,0.4229156846489355,0.8132261386619513,1
0.8943657991664582,0.6323342199112825,0.853597870646294,0.36709290696057173,1
0.3496391784182475,0.47968841747023494,0.4142614739485205,0.6372354041293337,1
0.0235809014439538,0.35380963476674243,0.1738756105154395,0.7091777866323905,1
0.266293617611704,0.17185825852324083,0.5962582520561087,0.9073663178849114,1
0.8281738659754896,0.49341597601220394,0.5122649832710279,0.7986569626032216,1
0.0553104578031822,0.844442580748828,0.4706961351536533,0.8526480202064798,1
0.7613884714928447,0.9006206887748089,0.1192763269601325,0.9281170287834718,1
0.3426774259877844,0.47042565849678714,0.2354234570503469,0.08847740856147829,1
0.9917635188383211,0.2072541405517232,0.8635193870028284,0.36807344919633156,1
0.851799564104463,0.2991250163877654,0.6834244873971084,0.3615070505398769,1
0.0436512253422706,0.5181167443179162,0.5017073373121602,0.28037964382725566,1
0.7175658492565681,0.6910243776529663,0.1989118047421245,0.9360028835184274,1
0.1067532110925586,0.8559407874740418,0.0464605253323184,0.4351930848783736,1
0.4413452569088752,0.9755757402705418,0.6585938918788515,0.19873344525845035,1
0.8224585520399517,0.7940028474172649,0.5672239964502311,0.060572174859036085,1
0.0211790492559029,0.3459142781806093,0.0371301680377693,0.9474293307530586,1
0.4379775332596121,0.10142208848438278,0.3610697269570901,0.8218651428417404,1
0.1484855870672173,0.30097310379009606,0.2533557873568534,0.8293379591149576,1
0.1913971964088126,0.2056624121008691,0.5258445376490455,0.8743706204422859,1
0.0776543901845958,0.31813959343663106,0.4592069098354566,0.17186118933293856,1
0.1290634549304678,0.7693531903315985,0.3032727734917252,0.6944421811445206,1
0.2747179826670415,0.6302922299982685,0.8931734200545961,0.4736225719674946,1
0.2150534528358227,0.1356647234617575,0.9102748371878326,0.26939504396669844,1
0.4863779380238468,0.6366760166358336,0.4630907561978329,0.4254530239225801,1
0.8955637337072596,0.6891499668914453,0.4520945049755925,0.04856216260029179,1
0.7787888382891641,0.865379710142787,0.1045737995938443,0.916732319032919,1
0.149495750250526,0.1116205112249314,0.3139710273210056,0.30044031721860515,1
0.0365633656053885,0.49769828706045743,0.1373024677022163,0.15046848193502257,1
0.218734931232166,0.7114208759632008,0.140005946426243,0.5854071718047213,1
0.6858214184796454,0.6881853636427038,0.1241062127341753,0.27741032429656465,1
0.3273232377686244,0.2781096272821607,0.6464230852002442,0.8637945050786453,1
0.181854909720735,0.1339491539585926,0.3092147123815824,0.3466345336165205,1
0.6591420911215687,0.17537340401159046,0.063577033014231,0.4308203258242452,1
0.5890722905816378,0.12412821744365171,0.4515503571825403,0.6813123786549492,1
0.5932030134290718,0.6605661848753466,0.8064138295009732,0.7516250977875415,1
0.3340237283934411,0.46800607805743377,0.2235588936075022,0.10764130218583018,1
0.5281962920416061,0.37175020412125204,0.0827249943875032,0.33392367321445826,1
0.0777239527169788,0.5105805574136566,0.2917532766617354,0.35238557206066173,1
0.4404808846813578,0.16580381570872055,0.2763155934429075,0.5218843085115786,1
0.3933624292645321,0.9523243803841283,0.8924632760164691,0.7410360843359926,1
0.1794360584377424,0.08618467615020228,0.096200230675404,0.33239306133321633,1
0.0225654672358111,0.321281206239684,0.7421211860338627,0.4343674150734107,1
0.8355138046189577,0.5051311709601838,0.9793645486755368,0.5130725839333734,1
0.4209023622168433,0.029195512543844924,0.3909981589140038,0.7140383874807384,1
0.063706867682375,0.5178803136177246,0.4437629092165773,0.3704190832320273,1
0.040072847454565,0.5720895242450678,0.3098048534307913,0.4752646114127025,1
0.6698545985580417,0.34435057192485025,0.8441930110696091,0.7183147851007513,1
0.2440543308570447,0.4504089076082267,0.3931954408641249,0.10028765768086247,1
0.6694413234283307,0.351390201686529,0.4202373082022584,0.9374839876130205,1
0.2084151901500724,0.09804807217169868,0.3148945927158538,0.32026015535845875,1
0.2653195161053968,0.828706256336248,0.1430073487073728,0.04639749733931079,1
0.4086878308818543,0.1156545441215926,0.6907832648406921,0.17724707869571987,1
0.9116546030970872,0.49825010891074833,0.2633123307069565,0.22097400795809424,1
0.5975972036841088,0.06573667443034145,0.621713230031049,0.33362310057350936,1
0.135475626691386,0.6099903107298923,0.764722110882434,0.14367096459898807,1
0.0349913024678169,0.2669180538583204,0.7713659318324608,0.37360057781224504,1
0.0647127715837121,0.9103243658657332,0.2735363302838657,0.20754043783699794,1
0.1587384557515213,0.24873685043197333,0.8570128862891477,0.6712984309649759,1
0.6137407793394121,0.19316282987092476,0.2957576119736054,0.7762227346966781,1
0.8428603835085268,0.32143739771486135,0.201578968592094,0.2689987254970501,1
0.6400903028826289,0.7657135336068944,0.0850340037522107,0.023365106137085596,1
0.8423124612719853,0.6011187004169078,0.8554670444143028,0.43704485467200926,1
0.6437761366555661,0.49823014795634035,0.447368202442663,0.4871764666820352,1
0.3503383489626391,0.1283459136703682,0.426311113986837,0.20190964208007495,1
0.1876868914123424,0.18953057238659995,0.4006110383951173,0.8624754943903211,1
0.7469291634259531,0.9576034061390525,0.1035440093097276,0.031532825553918495,1
0.2864735716440324,0.6775195576189668,0.8266185117205562,0.8060070252410959,1
0.1311526580119167,0.8680549871498547,0.3697567344570378,0.5348084039316,1
0.3510900016063449,0.8958202179855482,0.8704677490485612,0.6991662824105941,1
0.1331266655733755,0.20147844742967977,0.7057786344221589,0.7142324753243906,1
0.288678732361574,0.07111188691696037,0.951467387166169,0.12296567825427747,1
0.2248895211760679,0.9489150170343655,0.6803263288974404,0.7048106453033248,1
0.0600047971148517,0.5398759398845286,0.3830631815438842,0.40837737187878886,1
0.6503198405489613,0.07167177887842727,0.6077926411626156,0.5416328636260275,1
0.1815153823080041,0.3285730128456671,0.082211226718439,0.28787369642407673,1
0.6059684065382879,0.47326538315501065,0.2504401165662934,0.6771091199513026,1
0.387129111038218,0.9009107961116591,0.9218439873427278,0.4837167951894726,1
0.1300085507662105,0.605321243330041,0.7712475184668482,0.8456984067826715,1
0.3767772706486185,0.18751247084666817,0.8155115649633758,0.21978096661491534,1
0.9238496167384974,0.9176143316941544,0.7095846500433134,0.08885310642769978,1
0.2786385809048664,0.5031139227651075,0.2491769993899742,0.8172656198190297,1
0.8007261120143551,0.2802747898066644,0.4825126636793552,0.9541845883290698,1
0.6377069258950118,0.02332224610713042,0.3883950034308466,0.5084730331010204,1
0.8409873163204724,0.44352487223580367,0.9485404110534637,0.5892426061542093,1
0.2679817164783516,0.7880076867023319,0.1360047991534423,0.5773942131733683,1
0.831670379583564,0.1097956097118961,0.8494807985558276,0.7210969257012316,1
0.2674873858598316,0.19986636096046317,0.7018414265036872,0.17682639698625896,1
0.5822456817436868,0.17515902886714527,0.0978848898743106,0.9874485480291324,1
0.7834064829012031,0.9539937444286745,0.9143542080208178,0.9069296821224255,1
0.4641666548739127,0.10021295270667958,0.6388092070553214,0.34675840456689994,1
0.3857923116366387,0.07042500658504537,0.7953965957122777,0.70265326019044,1
0.5644881212770675,0.3068991611400145,0.8117321345133036,0.4275897041680446,1
0.1213605143558545,0.9405971549318148,0.2185525016185706,0.6642866686187475,1
0.9270363030135232,0.47323439692676006,0.8604765070195751,0.6373997517169874,1
0.8583735294382105,0.5179958210899187,0.790773538251687,0.980800486605976,1
0.9054251737975004,0.6225822638377402,0.7894450878511292,0.19853873336298514,1
0.31225469177339,0.8430341411224617,0.6345145326852224,0.22073367899530774,1
0.7229957442744459,0.7118243013627465,0.1169441098851774,0.7065875838239924,1
0.1914918978780937,0.667836527127144,0.1102512292152762,0.688512852051726,1
0.9039855048371084,0.9466493406374529,0.8947206823375545,0.9358092917691898,1
0.6118348454057351,0.2858467877185737,0.7501181586757766,0.5059179928068712,1
0.8607602549947955,0.5856572021438486,0.355047753924871,0.11181923203054397,1
0.7815923539630255,0.867584062879823,0.107036157667793,0.9071072112486626,1
0.1653732982026728,0.9602963566898687,0.7167978523186962,0.6018347886808075,1
0.4736541955986212,0.9033889225824749,0.5531504572886197,0.8810898380167563,1
0.9833615564145186,0.2679834880039385,0.6163873382814578,0.4154002574882137,1
0.0287461945599843,0.28291735378033966,0.7061920216220673,0.45637727085993257,1
0.5822191052616733,0.8299001762034649,0.1067188911490998,0.6901152764581935,1
0.6547857675824156,0.9181770097121784,0.9395459008064108,0.9238114288844573,1
0.2582029222067573,0.8672945980003595,0.8673891373838868,0.70523226293105,1
0.433845857093675,0.2180162105866271,0.1017934692130955,0.988937302559243,1
0.0751279447500684,0.3175332391227747,0.4771818588497815,0.16427397055243267,1
0.739345304644593,0.207414113784501,0.4955638584126196,0.9484529513234826,1
0.5674329269949714,0.7649607152948497,0.8871808000194601,0.5615463313850434,1
0.7031768566955762,0.5984958435655418,0.9638613034571212,0.05580825497554109,1
0.6581823825418112,0.17596306916341156,0.0634381481751802,0.4309433723953325,1
0.7674081242977622,0.003491941826837703,0.8961662293406959,0.3058910692171579,1
0.2534365686166067,0.1270306025592767,0.489819258197636,0.15962072525635146,1
0.123069507123202,0.1291314404873268,0.6591462872864089,0.34918263247672626,1
0.6928830865164487,0.5274944635090149,0.50457958787924,0.17849752562629706,1
0.1754247465108331,0.8613479835697992,0.8892374649353629,0.4165782426565756,1
0.4500727181458591,0.5963825376891394,0.2653330168944579,0.6737013928328014,1
0.2744338017341427,0.6880592466893356,0.7756020988167399,0.11489954425222078,1
0.0318596928820295,0.6390592700050611,0.4703536673083349,0.20092668501636524,1
0.3721039800146695,0.853211239005695,0.5157827821249102,0.13230028350989056,1
0.9066074013025408,0.12427074647019601,0.4051996739173854,0.7688338357709148,1
0.2233068222693729,0.5760549246686276,0.4595925778729379,0.7867307167280072,1
0.4470139272452181,0.26048441617744544,0.8455009890620244,0.5446110696181194,1
0.178362312992219,0.34822593841709243,0.0694853301781127,0.21631172595564524,1
0.5900501304432196,0.7675836080153702,0.4407319171237538,0.819759501606504,1
0.606932588653329,0.9283627849783423,0.7301855030337986,0.29557234091398144,1
0.372567014734242,0.7657508936083078,0.1588619803587772,0.17551739106309877,1
0.4846687356133262,0.9586553511555905,0.4961989161796916,0.7719315939263727,1
0.8646306354079214,0.4575116204975796,0.2846549621694032,0.44964457180546347,1
0.0380756902811045,0.5587896634548117,0.2026661842904238,0.8904112553467226,1
0.2037999058600602,0.31835129312701066,0.9605116053994728,0.030890748309089593,1
0.8549160555966585,0.5840209914031541,0.9115052018145154,0.4163599482137498,1
0.5678603568099275,0.5254437749786066,0.6935946868442905,0.12566822871571326,1
0.4189420043957615,0.34639966180331894,0.1185831928955231,0.21594495020269514,1
0.924568969808118,0.7716156773758424,0.7959316160435119,0.6508444284600989,1
0.193960525256781,0.5099089366600333,0.9757192251943612,0.5167172411189768,1
0.4837830519493353,0.4108285478698986,0.4279997956723217,0.4504115704048301,1
0.014203042691775,0.25679450515560204,0.9652540115811628,0.9305530999240986,1
0.3557244175002371,0.02417198577985682,0.6782302314603219,0.6936204561738882,1
0.5528362578387243,0.33892971581388176,0.276713743832122,0.26062014986197846,1
0.0757538655060166,0.2296126342196137,0.058520039724199,0.5295309334354562,1
0.2732426691434451,0.1102910626766167,0.416738639510757,0.7556673682529427,1
0.1097755469879779,0.8594428340413207,0.0484602595174841,0.432731768756398,1
0.1609148551633497,0.4106153379816533,0.4663778463222723,0.8815658651883898,1
0.0594293275119536,0.11021134617848449,0.9035043129725135,0.8580138756920356,1
0.9576155794483192,0.24852256948857843,0.9163955611214548,0.6238787604479258,1
0.0406399668811802,0.7181632972726959,0.4755485778734576,0.20164298932140134,1
0.5848677867276212,0.7702114232488949,0.8864649287590289,0.5893020449910005,1
0.6141464851009548,0.5006882992905864,0.874915113625996,0.9795741646321445,1
0.2591084722098244,0.6057332007310561,0.8969615213658688,0.4853203931459303,1
0.6695357029699263,0.7565681617571939,0.4086740706877478,0.8203681247085592,1
0.1712788116619958,0.2136859323537756,0.6147077983530501,0.8863905679752664,1
0.7977807453386875,0.286611312127264,0.2343512587414692,0.4905191614486872,1
0.5977842209424201,0.6722033011249088,0.2079571376425827,0.3608298242510781,1
0.6204235247936397,0.4950621928240809,0.2652009480106274,0.6467594475849092,1
0.7206833868971464,0.14404230495811543,0.3008109368316852,0.5045161781675085,1
0.6582636898744447,0.9688826676723881,0.872482683171117,0.8079174525020059,1
0.5927270102493223,0.7200448057424738,0.8415808174469704,0.6418300009759296,1
0.2266438744137825,0.02181972694584812,0.1550490022117409,0.4624607798710015,1
0.6242948274605487,0.8431688682017952,0.1000145946757589,0.6729992969033951,1
0.2378936249204649,0.5891542436294447,0.1905295749658417,0.584590220583506,1
0.247713041354017,0.19123221412829078,0.0629872224271695,0.6893481197665864,1
0.9926969385718358,0.110190441309266,0.4570395769338717,0.35278022492708694,1
0.9246569484827788,0.12131430311919511,0.5830850963748422,0.9681345056815576,1
0.9790775149566776,0.09681332278813438,0.4651120218217628,0.35232890318372534,1
0.4616188652262453,0.9444204495423261,0.4964725493391522,0.7859385285037965,1
0.7376361098570531,0.42744973091953536,0.2717013995499208,0.29915605141741475,1
0.0374761372897054,0.4377607632982458,0.3960857032478241,0.5935914304720236,1
0.3457808562155393,0.18311603875303567,0.840785230170263,0.18468805043363007,1
0.2736802068725552,0.13587163158429982,0.5510511775061268,0.18055087891523017,1
0.5572764611122253,0.7574575267382755,0.9673743712945864,0.6305128078687953,1
0.7904160205393069,0.7167289097931269,0.0779572985610953,0.16755255487949067,1
0.8457714991603937,0.6590646373477965,0.4033966719813489,0.056559319360347485,1
0.0926679172818972,0.2940083219179444,0.7690160666770716,0.6395213574888213,1
0.5492804680254021,0.7552746967235473,0.8923298638006177,0.5186190349555563,1
0.7136809206840496,0.6874307216454928,0.7900643918922449,0.9590534513013672,1
0.0993466462228073,0.35401272941646755,0.4801852602171569,0.13814890917701136,1
0.0361411007920798,0.2766717972377931,0.6835678671775937,0.47535313493272807,1
0.6692563863123536,0.4706061829591097,0.5663759982911895,0.8858073520531365,1
0.9288664352448124,0.11007512872039439,0.2696778755922895,0.7911351415124633,1
0.2124436857338306,0.07571441874814037,0.7324553347428105,0.8079729295978503,1
0.1333662514428062,0.290382654584952,0.8266104656516363,0.6720748574572115,1
0.3235850986378071,0.9669613926098605,0.1296088626308514,0.03297479485192349,1
0.4635194377503979,0.27902433438385543,0.700061136147146,0.06282068546050538,1
0.3063343327109787,0.9099506892027543,0.7164693574585919,0.8164610363771442,1
0.6565454651157951,0.2961443883764708,0.948407527502423,0.03643544401204309,1
0.1141627618403487,0.18281386781475317,0.4694005107548895,0.38792636008382897,1
0.9932785328461736,0.17328426765420588,0.8341185908452835,0.3998149207150595,1
0.1936630316517474,0.4101379141957164,0.7807539602012983,0.7056783513416367,1
0.5819594303573957,0.2850983065263198,0.2868703123814319,0.20335831341276425,1
0.5746849829509197,0.03344348411671813,0.810084071364869,0.03262994448975709,1
0.077936709098497,0.38369340007070923,0.9066509123642088,0.5115822231973025,1
0.5609250138236131,0.16342799640659064,0.0882053571523377,0.9400025684650212,1
0.9515152538037828,0.1327756553477874,0.816659785791981,0.08914599426064389,1
0.6994568494197827,0.7048784967437911,0.1045860904196051,0.6984352664377981,1
0.6598507476781157,0.48153086455379795,0.3839346495122484,0.4731981948055074,1
0.7082034841401045,0.07169815999892627,0.709594548964961,0.6332647518621183,1
0.1906800702985373,0.6729410195114016,0.1288694188737396,0.6322235782673655,1
0.8625488701253378,0.2968589812542827,0.6893417544079109,0.3590822401910763,1
0.5128559023574116,0.07234905784169597,0.9271651162819408,0.6707902360261748,1
0.2448086433410333,0.7031182759244895,0.0039018622590905,0.5435072467928289,1
0.2140280453117488,0.7519897359952368,0.4111184536593711,0.6468436748722916,1
0.3810105523558332,0.7402818641191269,0.3651527340737441,0.2987733919149612,1
0.2877938704666411,0.16444971117023863,0.6041055052394537,0.915236230144032,1
0.3194603814572619,0.7571478839059265,0.14986958602883,0.12630291608109517,1
0.8622925497899206,0.1199721699284907,0.8013802415919131,0.7846166935363434,1
0.8102856909492504,0.17100254172639373,0.4198116718131474,0.6109282718439436,1
0.3425760134168673,0.19854493276459376,0.2937695588114595,0.6400264038940107,1
0.6092221167802792,0.032234839092322526,0.3347406563878705,0.6890293330587083,1
0.5025004517285645,0.4033896448584414,0.0366915520506791,0.37023001579445675,1
0.1762049021357933,0.8842646231288781,0.9175181847930554,0.437338997007953,1
0.2197126571790758,0.4242867196524731,0.4319363192951449,0.34985236519447505,1
0.9725881467556704,0.24388706701702811,0.8412794278677432,0.7038155628384051,1
0.9070564335373152,0.8187183850508931,0.4606743928157448,0.9210288580678242,1
0.9687225009215532,0.8428912405889244,0.4311895883467873,0.33645198080111294,1
0.0762051145734969,0.6771427827343053,0.2404122688370701,0.5720998760439527,1
0.3126966244184287,0.7800263211903911,0.3128406219482829,0.32565212061840154,1
0.736763354413207,0.4276501806869563,0.2720621007492946,0.29891206984900615,1
0.7384415663697975,0.2050605667534107,0.6110576412894966,0.6380530338120927,1
0.8869374817412057,0.5189804010645944,0.147817425344256,0.41622002192505797,1
0.936099819009352,0.5978891658314094,0.5404382672482949,0.8026150797958466,1
0.5374077220936244,0.2664786954434003,0.7467468848341807,0.06939214932394339,1
0.7812380990684659,0.30881785336746886,0.4087003175429731,0.937952861176556,1
0.7435088540892985,0.21505667892924948,0.1550845637842814,0.7524897487652086,1
0.5316953720464855,0.5755374417324476,0.4416160314453712,0.5644292375601089,1
0.2104776189435502,0.028282534218110323,0.1867100216134577,0.4675715284775362,1
0.0225650578162908,0.3952337779431793,0.4343454839088294,0.6659293871058204,1
0.6830660039392212,0.7117336826812071,0.1166161384490049,0.653946528635364,1
0.16089431181968,0.6631197355573274,0.7904259568542694,0.17888018373019499,1
0.2103402226860598,0.9227642676948927,0.982185071371864,0.6210808398471722,1
0.4453537577173057,0.9646537807909265,0.5261192203709364,0.6624954337580075,1
0.0334882670699807,0.2587349981704131,0.0342825376618014,0.893306254949355,1
0.1308151269759971,0.9386249539677687,0.7377044020020674,0.6152892517550601,1
0.2248149319730208,0.8030527018948367,0.7955786644710587,0.4382363641766845,1
0.3779928130956108,0.1340122769815829,0.3872311827689356,0.20783232592008474,1
0.6983736263972522,0.33247430018795665,0.4382409682127534,0.9374941400161539,1
0.7794006610422468,0.9616506535092305,0.6009665735489141,0.5109370048442592,1
0.7447541731915952,0.36154560045211864,0.1604945437830178,0.007947464154254399,1
0.6722758456409538,0.029888508140397226,0.7914163425034374,0.4065236213540644,1
0.2325524935148515,0.3933680960056519,0.0448036849156839,0.7692439781550985,1
0.1404721126521761,0.36999536670107863,0.3477240880438514,0.18388762348356977,1
0.1456932824778937,0.49381525423025074,0.9569883928545992,0.5052672791897244,1
0.4787445802224466,0.5691099206126626,0.4383633499889214,0.05145965401407459,1
0.8371270344666297,0.23474936230898052,0.2007937598815891,0.7273492226594133,1
0.5185604832045734,0.9491919497447383,0.939649579003486,0.7365399671408948,1
0.7700027918054336,0.3010409421509599,0.1303213613555542,0.8928488505436663,1
0.6886202081810081,0.6881229667143531,0.1209795481967585,0.27343272872845853,1
0.0497257211674768,0.6702138442035945,0.1415134580822589,0.016398233845787497,1
0.6717108845170343,0.3955979192397731,0.9163816790247672,0.46189159185554857,1
0.7044950768969909,0.7345907083339278,0.7484234373098855,0.9556380015468677,1
0.2410666552090248,0.9347925483530442,0.2797137095597626,0.8122220189472896,1
0.609851913001092,0.714642952845943,0.4456537250751683,0.7673986244875775,1
0.1186120161779459,0.9486033379028497,0.7436965745488112,0.5885567351861763,1
0.4420655373856904,0.07270980646576587,0.8529891505730247,0.7048766674466537,1
0.791222920397582,0.7794259991810005,0.5401284788031152,0.87224773017062,1
0.5935127016912449,0.9069265028468048,0.9593631142489634,0.32496389040785684,1
0.659302056519617,0.6545601468846449,0.5569384289037177,0.28581122951070315,1
0.6499801655649875,0.7044986264859924,0.7584313460163526,0.5285868412591461,1
0.6710238481117501,0.3490174078821393,0.4192528612282511,0.9328513152867102,1
0.985115680620282,0.2674210978358694,0.6094695246335363,0.4197286932676393,1
0.4145477125001505,0.3629120148843951,0.2624370503069129,0.06795813399185699,1
0.1314958849688975,0.7810342891673914,0.7802619792011518,0.14366808943684028,1
0.1520940667716211,0.9834230709937543,0.7281567607443429,0.6212882939359083,1
0.6447363146162626,0.8576545211231965,0.1032603500865413,0.5825815870834159,1
0.1236066868149611,0.6345219188226309,0.6155986706429695,0.6838881885766637,1
0.3652976772285581,0.848424177384708,0.7965910652553517,0.9128549374844742,1
0.1676651193619707,0.8756550280989783,0.2954995196960117,0.34796024021782124,1
0.9485137181293568,0.5308821244619608,0.5860668579771523,0.15176380586524937,1
0.4924737829496708,0.47657404269787884,0.5884161923395497,0.9475799037678342,1
0.7938545655055047,0.8868631791278587,0.3333642609646517,0.6399583464351536,1
0.0593651375135758,0.48396347843928456,0.6828730383689176,0.5598866820838915,1
0.2933221147355974,0.8305339189115668,0.1915152701339184,0.4722882577640077,1
0.5485732953200885,0.5482289594089286,0.1195385059192906,0.9147745156839108,1
0.0145411005745068,0.29322127859160707,0.7629584930884831,0.40432606245173447,1
0.5112337011508343,0.426054432636639,0.362078203302261,0.45006672513039236,1
0.1389623081218316,0.8324797801937612,0.8556981490719355,0.4622559045792817,1
0.1744484823588044,0.9459719817291211,0.4542599306917622,0.5577992547822086,1
0.2526341256496709,0.09155556726197718,0.5240310682085245,0.10830782865768918,1
0.1226437564798366,0.24743761748218812,0.8431278482892101,0.6647171327992377,1
0.6309873768733886,0.49306535121305034,0.2825149682426501,0.6343311070261536,1
0.1258995121709284,0.805638269427838,0.8486945567457842,0.7222692745154017,1
0.5008844493844598,0.4016176458908025,0.052223549958767,0.43747376627754897,1
0.4226701389781066,0.5451969895622649,0.4982374857552901,0.5059390539906296,1
0.7560047483216662,0.38935026356950886,0.2408026569165231,0.9394806261746291,1
0.0389946099831437,0.4450041506891309,0.9480153666879216,0.4844489324433129,1
0.1804645504219289,0.2303609445842931,0.7340526282858519,0.9198888018047462,1
0.359889779429503,0.19012576500240957,0.3058954309923259,0.631588089611318,1
0.0577457004423133,0.6767381020431944,0.1429370963550028,0.9433359507712158,1
0.8362693816526541,0.8959703871597114,0.0812731739965294,0.11162424063682277,1
0.3752133061101572,0.3123129305277304,0.8689179869456971,0.7108491046257753,1
0.6886746581507938,0.36845254526447746,0.688057890366944,0.7221735587135188,1
0.3319909748487909,0.1104339251559934,0.0698507610322899,0.6991845928263974,1
0.150227258530458,0.36067709350913774,0.3758377564832518,0.23953618024012163,1
0.671571505103205,0.05756362877160335,0.6789307743812476,0.6693727599301899,1
0.6045150489685961,0.3480950070770059,0.1107851645214428,0.28567606809511603,1
0.1000561209511896,0.8166120461716038,0.4163102465955594,0.8027393723322493,1
0.143114811249124,0.418527446991279,0.4999230492802812,0.07053559468342499,1
0.1671839166272321,0.3850461869806304,0.2146967563566065,0.7953280809730616,1
0.3207604411343644,0.29099490667853317,0.6415337562930912,0.8634154547845088,1
0.50029760096928,0.6953728761947588,0.8506231008673526,0.08563781239858428,1
0.4450947075688541,0.4641185089962625,0.5130545620716644,0.18883143278163755,1
0.2127419370865865,0.24623493442163563,0.8649776856438052,0.6856063376210885,1
0.0847963223197077,0.8978434265513356,0.9461456132938436,0.932367430831082,1
0.0482368442155822,0.2934533566785831,0.660425292673553,0.5013824652244027,1
0.7033129557869323,0.7032801621770556,0.1400227240161903,0.2720059595144033,1
0.7494511988101298,0.5718513217182122,0.8674238832163746,0.4662022222169502,1
0.6423625594171128,0.4200428139030965,0.3186824140798016,0.5148890378284788,1
0.0976017018375445,0.9025732512500788,0.4300219519419634,0.6322322378028707,1
0.6429663902043166,0.40376048940107895,0.0728104770624537,0.7657914772387884,1
0.8061780266473428,0.11978640080424201,0.1935488520803107,0.8139088512524856,1
0.2116121602033138,0.3153677821780097,0.5490079583248497,0.6311782789460789,1
0.9562637974957964,0.2690176222561253,0.7424456329733173,0.35809624453167416,1
0.618822456650452,0.2200361990413132,0.7852845351597388,0.08184318071006379,1
0.9038958967796612,0.05665785989432285,0.8253335336782831,0.7571101775826317,1
0.7172651092798038,0.9740815782993313,0.0906677692603774,0.04586772179655809,1
0.4336152544995321,0.5145610914373372,0.5234968745268146,0.11006378989210977,1
0.3523129099760147,0.32996595375996496,0.1639686225526034,0.8090533953495713,1
0.7884740508487691,0.9236938825461276,0.9132253486099512,0.8597263309841904,1
0.6640655067316281,0.2984118962382067,0.1051217687901406,0.7926904535005537,1
0.6478326503267493,0.7556076508219978,0.4125550555561348,0.8296163720982395,1
0.9927255173264876,0.09957706253318259,0.4676008822387656,0.35088682083233147,1
0.0701359993966969,0.4776948179410602,0.6806775529804667,0.5737899757836894,1
0.6127588584433116,0.2061212122552586,0.1518553640897883,0.9922973737534814,1
0.6914981633797059,0.4952527200445048,0.5067382086977165,0.888521679969501,1
0.6118633557650492,0.8284980844096898,0.1424420940457307,0.2829535440052686,1
0.6394052705101078,0.6510746877823548,0.7658125656664669,0.4856435745531142,1
0.0326189139221415,0.9324869752066144,0.5133354235126002,0.4102647031748355,1
0.7988521284415417,0.16142383195577015,0.419583882541141,0.5861760846714997,1
0.5913189732968739,0.05664061140809505,0.8030246133073136,0.04787214480337729,1
0.1587871647988887,0.6015673839052311,0.5261306818742923,0.7394303829325611,1
0.7948431841705661,0.7984910318842483,0.1793864268398942,0.6856823702890497,1
0.72386994358802,0.9201640363636524,0.6302643693891894,0.4683228904915945,1
0.4647684672992475,0.09257441335181138,0.2570869439417372,0.4942907921385919,1
0.7789564977842983,0.764373466218635,0.1617686814470319,0.6753339273756899,1
0.4523700972297755,0.9689604628155253,0.6276938561130047,0.18384216590813157,1
0.3470025493870771,0.6549808232008539,0.888729187114236,0.6124012822921358,1
0.1743145844030565,0.8904642769492164,0.1251747806589394,0.04683660603728539,1
0.4703974089517485,0.4109858998546589,0.8039393875899405,0.5987299622452463,1
0.8679001711627525,0.8562424685631974,0.4171456417915227,0.6219841596201066,1
0.9664848843420948,0.11859120181783661,0.7931426354246816,0.07543218131369679,1
0.4952394282888837,0.6721192360894485,0.8549004309730692,0.08637386850673359,1
0.850405016383114,0.7706404642691155,0.1260173004601399,0.7086277212061495,1
0.2197923565734944,0.8927080687851846,0.893082850237874,0.72077944289169,1
0.9279640522188832,0.24117097944542643,0.9960535697385468,0.5274322958407548,1
0.3907728809291413,0.9386662443074789,0.6307939807760239,0.19901296130204155,1
0.1598545454339156,0.4575297282128007,0.0228827135710736,0.7572373200765213,1
0.3585952180633915,0.8701473205420314,0.2011828234926122,0.41647141713477936,1
0.5993043916815874,0.16122913394684563,0.2053597462776609,0.8333656493927646,1
0.5649289304088035,0.28919358368940956,0.166794158543046,0.017377026902441896,1
0.1740251149446278,0.02307221801983782,0.0404033307853611,0.32873370276793584,1
0.015325185759364,0.3218762235539008,0.0726951333909192,0.4537254061875831,1
0.5935815047243198,0.6392004308353049,0.617351005528657,0.59120879557405,1
0.2130504816531768,0.8607856689254798,0.6766109243295335,0.5293320534218635,1
0.2835960018714543,0.23930511652347713,0.7076940889604911,0.22059647231339474,1
0.5802974461240886,0.5856245863709312,0.1932212734499958,0.9177418519184646,1
0.8306909485696261,0.9169002754437646,0.9542230647160542,0.6281009909821893,1
0.358155277183482,0.18653550412029626,0.8324205322275386,0.18467317789836488,1
0.4672163892647848,0.278396621624084,0.70239702675339,0.06314948431539319,1
0.8104441284269065,0.14531610245985013,0.9102949823443164,0.21213040910454856,1
0.3722727545068273,0.05457979648895225,0.2780979311622406,0.6921825856428802,1
0.848719094267916,0.6383455001757415,0.3945782999993153,0.32694123629531224,1
0.8075782956688384,0.12872964903324252,0.9742308928259829,0.4449136355000661,1
0.7221718028422413,0.9720862899963573,0.0980056074325501,0.04580934794780509,1
0.2885751556023602,0.23582112390954052,0.8642236376652315,0.7466483644343334,1
0.6545581773375795,0.7517289939126834,0.8546351168479696,0.8532943842034056,1
0.4932455306243555,0.67925388510401,0.4414369978602137,0.35588087613735264,1
0.2134007892326687,0.32123763004849676,0.4892013725318201,0.8474507471310969,1
0.1373361515240046,0.49632921982944234,0.2152998971816272,0.6362081574009815,1
0.5109782578572881,0.9443768468848085,0.6632343302966643,0.21650737198664513,1
0.5849290005839648,0.6577218395185662,0.8614071671677449,0.8156199169622379,1
0.2865513570444122,0.7441515126430238,0.1357548975452022,0.12022120390299128,1
0.3608643038397739,0.6443099075575595,0.347936205163572,0.8254358261743241,1
0.636056139599103,0.29746663900491666,0.9416320437841488,0.7150541678015718,1
0.7637054313245921,0.8926861272075054,0.1115371361049244,0.010046881745552499,1
0.6491212586694052,0.18498363804262086,0.7762897266231338,0.10492669821775637,1
0.936316319317472,0.6947067011601475,0.4415233973846843,0.31553866922907076,1
0.2436982040227493,0.84475928817449,0.2972919890279193,0.027791136032752194,1
0.7280457041766847,0.15095762320813355,0.5568542081203853,0.25643198512614274,1
0.0854319539625722,0.8154155355577284,0.4281893389215914,0.8126757605885632,1
0.8950561612655242,0.8058103709741531,0.3879550829305513,0.4082764766941159,1
0.9117078243127716,0.7468311560422728,0.9972866616271008,0.9199103657471202,1
0.0300395453549118,0.700048713397379,0.4495073617316498,0.18722306632055327,1
0.6655431354406371,0.7286874536954719,0.8786333727487419,0.8100041990959377,1
0.8329291249205769,0.5396719615051747,0.5905745672782914,0.5730693952101554,1
0.9892060412195104,0.2073361745150418,0.647255338272952,0.4444413882907161,1
0.2818790767148261,0.23507792107834452,0.7059753898115706,0.21519140929722594,1
0.8557977938390784,0.5801247551007888,0.4468503719875248,0.08418845388313739,1
0.3365503098977001,0.9689307445003921,0.2658179238702183,0.7506061298304659,1
0.812297384027286,0.8002164919161503,0.5825388097787101,0.053733397031270086,1
0.7485263838894106,0.012716129881783812,0.9404649081441822,0.17913956262679298,1
0.8050149016503003,0.8342912214875171,0.5126488449106564,0.06523632866819598,1
0.5734078492703985,0.014289328243878713,0.8547235755080059,0.024056021974471493,1
0.7529383854792814,0.439415135724842,0.5706266129249342,0.012532374730003296,1
0.3904683011341848,0.5096557641347405,0.5102446538011515,0.24031091090180115,1
0.4389389897144784,0.6829457027594713,0.8183181256760438,0.13672454368149867,1
0.2410762386701097,0.9901260004439241,0.2374182899598247,0.7394864049893297,1
0.5274569970100594,0.3052319781055214,0.8215903203499519,0.4501266669633633,1
0.9861153422259266,0.18089953530720657,0.3019573102508746,0.4160677070682806,1
0.3372303486061274,0.17246798015728876,0.8284694323331028,0.16921118891327938,1
0.8133764037996405,0.8324501816490771,0.8342171227229142,0.9337550031933962,1
0.6523421848351487,0.26471374045801055,0.2545578571162792,0.011445870878698697,1
0.5245016072460723,0.6582134541391009,0.0469487166202568,0.2731446637591142,1
0.9341975671859354,0.39037631654830335,0.2670896161672954,0.18489117353692827,1
0.1255663730643004,0.19716432705328057,0.7463300419100356,0.8863261180676169,1
0.0605562962918992,0.9008396724124712,0.4984951936093509,0.8837509127547993,1
0.3540218886350771,0.17106964151908843,0.0661568364649739,0.680805570558835,1
0.892133550245577,0.877514080752518,0.867737250737475,0.6128294931749153,1
0.7234308774140095,0.6788104536000801,0.7843873551481124,0.9691813875702304,1
0.3487125350375981,0.2607025653630064,0.3760345511748973,0.4450976118644725,1
0.5273699073845097,0.10527235793897449,0.8288308662074803,0.961226870010353,1
0.1532439115559776,0.8189390677652008,0.3805082409337905,0.7600391267058562,1
0.3186423952532654,0.546676508622373,0.8476457885181778,0.7236500878453684,1
0.0245484813287934,0.5839588714403644,0.748104105857015,0.38585244408137437,1
0.2851005205671557,0.23804414340579352,0.8672786586833693,0.7334908349696428,1
0.3902032244584552,0.5700645827088178,0.6795818877242923,0.18983151517328814,1
0.5784089905199195,0.8827860882465567,0.1954131789890699,0.933301168930667,1
0.0511144577084549,0.7437124068226084,0.8528918713874678,0.4600533785199741,1
0.1050578640494407,0.6536813388681209,0.7685566122105832,0.23028490915283584,1
0.1882001718513932,0.4152245595313898,0.5585960732610361,0.20645994128959175,1
0.3244728062149142,0.04571857578851244,0.7670575388277595,0.7630572367679933,1
0.3847125035943281,0.6142624794325204,0.8581455213907745,0.8182965493907676,1
0.2734824252704822,0.14248007070447405,0.5640272330026352,0.18072107269480786,1
0.5287099526389594,0.7442984210361397,0.8981648251088152,0.4699734705622433,1
0.328082112055072,0.04864294865701274,0.3982214945107105,0.703779667614729,1
0.3642153281520422,0.5666191135713559,0.5383916010575981,0.22522363944838986,1
0.1451285032471136,0.9215011439984387,0.3289177806724454,0.686340998242153,1
0.0336101897106549,0.09204453612877228,0.953387904097791,0.9677871460044182,1
0.8175608896516653,0.07842698411465927,0.4892743541762832,0.7402406675924624,1
0.8678645358797183,0.865677753488689,0.0439015889677374,0.20311805875042493,1
0.0348747423256136,0.4183691214281472,0.2533097886086755,0.6506718575413517,1
0.9706538386418472,0.8176849914158643,0.3808754834310822,0.37206597997377244,1
0.4678521018239543,0.07068196736437207,0.2607504824630572,0.492847878234072,1
0.447288073988106,0.6455768940389003,0.5839186225853747,0.8059438876789196,1
0.7467883403334774,0.7576088678161876,0.1605823353553579,0.6641236927696604,1
0.2572506211890025,0.8528101632514858,0.245038565027883,0.3824834489075586,1
0.5964045388601955,0.9061107663065132,0.2021913811005652,0.956096547682187,1
0.4591266649801981,0.5118221032968945,0.6640048544880185,0.07317191725434578,1
0.4573275463360737,0.5885294462457102,0.5437190415641593,0.9066346916383126,1
0.2303141627609005,0.37611232737091155,0.521815893864478,0.5958084398778879,1
0.7712854684469883,0.4704045341614844,0.5414975183651407,0.005040368581600199,1
0.2487072828716725,0.15979859609400043,0.1433166386685026,0.4405508427934038,1
0.2036392052414558,0.5920606345917326,0.1741583011864335,0.5986427507316556,1
0.6690498743975438,0.2848917576992396,0.4352838753915048,0.9323195404871224,1
0.3779421108277465,0.4322622034823526,0.1831806138411621,0.06315383068542839,1
0.8605621289114666,0.6362776718263725,0.4008513446667681,0.07971706740503799,1
0.8807737078525657,0.6281362219431861,0.407670555584918,0.11138135087935197,1
0.2758946406020017,0.03973544927917914,0.7287409904512713,0.8487261192619463,1
0.1140617704768259,0.48710951496262045,0.979343264596486,0.4818171266388688,1
0.0049969930312786,0.3246742527000653,0.063573174423701,0.461807622850341,1
0.6235578718026851,0.5634671657555322,0.5930538116028594,0.16817569165133686,1
0.1906838466953925,0.15194171662141803,0.1505335238699283,0.3784004600163188,1
0.3349906485832417,0.6454000291155013,0.6917982336808324,0.6585820622438375,1
0.3769171889992583,0.4343188505015474,0.1807260202992466,0.06294725316261299,1
0.8624838281468878,0.635503589897329,0.401499709272313,0.08272767976343309,1
0.7744922137452005,0.4395862981803979,0.610839594766699,0.3576025545734379,1
0.6276615008835645,0.2297669487775119,0.2203127621891983,0.04408768420652729,1
0.7137187604116253,0.32629920406641916,0.8773099746239854,0.7646833318297922,1
0.5570688160836493,0.13964902709785632,0.0741800579011144,0.9736803176346623,1
0.8928813197497126,0.4741217188990132,0.1459366659413489,0.050605835379646885,1
0.6544826086575694,0.5274255326071969,0.9890530277356122,0.6847921122399699,1
0.6108258921573682,0.4987858482765534,0.8640320856401934,0.976620411570399,1
0.9186432545148816,0.45556056288531327,0.2248121453392566,0.27552962227286903,1
0.5457914311932949,0.9703552802773743,0.8180501236944674,0.7156058155823468,1
0.1045667311705871,0.32061230034965826,0.9245428760048644,0.4914534770946469,1
0.2732831218380461,0.1297439887016561,0.4283429462628146,0.7787854328655903,1
0.3522146917355093,0.773897234421914,0.1514378564641556,0.14887843504012976,1
0.4170140032131524,0.030324224367666627,0.381823981707466,0.7129807557023666,1
0.779995962736144,0.7821937643241038,0.174878816407616,0.6777463180120121,1
0.3327361964449428,0.48966450365039155,0.3786597687410292,0.8451966536641805,1
0.6669284980320219,0.2925502991993624,0.9491876959484654,0.7435295592645287,1
0.0537222068862379,0.7196468520210837,0.8293252559697457,0.4907062493199958,1
0.0973820994388911,0.9219522513362209,0.2261400604986819,0.6573562264332513,1
0.17007819518615,0.8896042503648416,0.1355567694077749,0.381281213462263,1
0.2497761155353212,0.5953299477446526,0.1675925231282176,0.5808848949356676,1
0.961259599275868,0.6113705550981002,0.8186473359577546,0.8621573907026314,1
0.1311019556583131,0.8262565470928,0.8484679457251584,0.47210281933005727,1
0.8413540761452011,0.31387608984552406,0.2111158977678728,0.29868766129566965,1
0.3383960829607266,0.25309065573156053,0.2599463792245636,0.32069155015442724,1
0.16273575348982,0.7849037400895396,0.285826523344831,0.7114031525782131,1
0.9912668508230892,0.19237086629070338,0.545493749290721,0.3981819731060146,1
0.1494281248054638,0.9573741144051063,0.4744203548956133,0.6284863824058398,1
0.2180075901121353,0.39132000150987,0.5051141616563491,0.29491300752210065,1
0.9361449901231936,0.09879644781898798,0.1697676062438626,0.4724957137445773,1
0.1260821335835859,0.5136089751575132,0.009864750277522,0.7476850547615067,1
0.1643155050720607,0.8865149633398157,0.3181239730249205,0.7528378956623929,1
0.7668604455968201,0.32478499163438995,0.123770371868902,0.9109833285818312,1
0.695513139378827,0.1254665137842758,0.6434232067112002,0.6539925796244553,1
0.6074780817115142,0.8351561187285746,0.1012152610893508,0.685712293171248,1
0.0998587429165944,0.16341239032005314,0.694154821675523,0.6493490982638582,1
0.3606580223837828,0.24062787189930923,0.3604976939394082,0.9533763011420026,1
0.7422370325735947,0.6605654801137116,0.3938638028443061,0.33766143424034084,1
0.8996963196264427,0.9201205250134707,0.2567748638638559,0.04334569552698769,1
0.081779540159537,0.49161293021223723,0.4973085146179647,0.3804947484975806,1
0.6072672410454233,0.736176395767367,0.1741511821045104,0.05596481140350629,1
0.0677696625127699,0.2132409963461275,0.9049749046102222,0.6134122911672433,1
0.7387225637022101,0.8668929050477175,0.1031469776391433,0.011821527670841697,1
0.6095348186934906,0.035933802015827035,0.8787780434623554,0.041930294582415796,1
0.9034457259132838,0.883825548645984,0.3085924831509303,0.482496726477835,1
0.5238358406139472,0.09503735097364878,0.5772647608679657,0.2826406877220142,1
0.6578432461275994,0.05221142009933385,0.6666785156713135,0.6783770422114037,1
0.4048970709703393,0.5509958748171092,0.5185162138351026,0.15093802411794727,1
0.6368420193539475,0.7612313235179334,0.8277456233350975,0.8801560927840506,1
0.1002119116356998,0.8483612410235113,0.0421324623400111,0.4405201584959151,1
0.855776873116125,0.36373331391371544,0.2243747211467962,0.34740554238231275,1
0.051881577192734,0.49186338877839186,0.7707898338866782,0.9407844294014378,1
0.673607263159201,0.7891588250590148,0.3905449669194793,0.8746354755087127,1
0.159141836676396,0.2279113603168589,0.0250096660907403,0.8587495770803953,1
0.0108232357931944,0.30841070276125,0.0379605001256673,0.925827255032599,1
0.9553912662356052,0.35140234308115154,0.8495833281036902,0.6759759290299768,1
0.8788141555101473,0.4584401929842666,0.2586344452586746,0.48267407075473606,1
0.5589626899349767,0.26756012727208234,0.1045249380615795,0.061725522013792285,1
0.0715681375723615,0.3060606804549483,0.5387033298426607,0.07978139989225588,1
0.6021042587421777,0.16443679760489785,0.2181105333337218,0.8190336736934521,1
0.0295698646586039,0.34735508679383115,0.4430283712221868,0.6638805114183904,1
0.3660569168946642,0.2649427766064342,0.3422624919911925,0.4103553770424658,1
0.5835112099493616,0.2489606348889024,0.2741213714782817,0.16086458418560878,1
0.7697338766155086,0.9576107218129933,0.5902289170064787,0.5407591454159837,1
0.2085449402520492,0.48582646778747,0.1318021923564379,0.07865193377856519,1
0.813986180798898,0.5944535856513236,0.5417302447841381,0.7817305093383472,1
0.9676981447235636,0.6901392028415124,0.962209311381541,0.8664674476718462,1
0.4451625616465318,0.611702048780617,0.5138219109649649,0.06639405286169868,1
0.0486896611314094,0.49017662440873433,0.6850490807939464,0.5461065143371385,1
0.6811147254678127,0.11886238210692121,0.6008156548244286,0.574990718458775,1
0.0927718154762604,0.07099721107802617,0.0884443382868178,0.26394623596404254,1
0.1710168006714297,0.9450433928265717,0.4242803819895253,0.22257552516408585,1
0.2732424519176534,0.48502954526430014,0.9835447800481886,0.8940328978670685,1
0.3510407790040176,0.6612756431646659,0.3076214142604666,0.7891076892338589,1
0.2941361975569305,0.7532710999777495,0.1189690324613168,0.14815262309678998,1
0.6819963538444189,0.6957637094281082,0.8432579284326649,0.6217337379139247,1
0.8977900179056292,0.23838961165563163,0.0903749696287237,0.19690760938189655,1
0.7660869695013381,0.552134909963527,0.6110240681815826,0.8237701686142329,1
0.5979202776444087,0.6759789946759778,0.2067856181321493,0.359022279365424,1
0.0126759823261558,0.2533897854061603,0.965503367997124,0.9317008093088626,1
0.623955006871284,0.57890814750731,0.5652559479337566,0.18454144584008958,1
0.3281487638548359,0.7814350728227719,0.674698907208791,0.9319790256962284,1
0.1219316987514237,0.9683214997018145,0.7368121438320743,0.6141335991534033,1
0.2770543687609454,0.027932199367537124,0.1068248423120836,0.14811557468262349,1
0.5992342814287602,0.16197193601986884,0.2070870052471828,0.8275153484154938,1
0.347403593372583,0.2887020518117538,0.7477791265073899,0.32696494895507283,1
0.3554773660059812,0.6406179868705583,0.8612941000361986,0.8482638574213962,1
0.1996954776377771,0.23078074830365738,0.764033659955317,0.9183765901567046,1
0.9203688835592936,0.34028019847690316,0.2755007783458067,0.15628191672893327,1
0.3420700887230566,0.442371531890161,0.5323362892357435,0.23127111645174495,1
0.2972486692305905,0.15944485341805814,0.5013851534418853,0.615285288621629,1
0.687333011084051,0.48948194415139973,0.8504932521443781,0.9802825951334522,1
0.4053973891688934,0.6357227075563332,0.4639259761511885,0.25127482508058985,1
0.1680993288758423,0.2219769142795062,0.0209251333553764,0.8550746295622044,1
0.0711149729183081,0.29265080215908307,0.6041627398839572,0.017237631079411397,1
0.5231277498953529,0.47491211756642326,0.4229230374147243,0.5572925841484054,1
0.6277405637710478,0.12036915695446561,0.8836335922180696,0.2905929741278264,1
0.4172898583451406,0.06559449177070445,0.9117098447360232,0.4775534868047965,1
0.0777716993831246,0.6758103987154891,0.0760894645935735,0.4018238615091287,1
0.3411276804021681,0.2185832660530559,0.3198889635871952,0.6166492125267465,1
0.1431593051672429,0.8605657174990097,0.1356288577017077,0.03819329299776479,1
0.7411338062950793,0.2869780747184541,0.1835423119678226,0.6385562885956505,1
0.1358731663800612,0.8234614527620691,0.8324965678482673,0.7093251444240212,1
0.0147984209028794,0.3074981161622764,0.7165249563420916,0.4219027103175681,1
0.1466974336781437,0.8692647031183763,0.1756915414322564,0.06356933993867558,1
0.9952064321347188,0.20049296202110575,0.8716392169976797,0.37580039058981557,1
0.2733152228355883,0.14518074357492775,0.4375514755388315,0.7971306368781149,1
0.0795459980184402,0.3135573447863266,0.7319666426170099,0.6296404818668254,1
0.1300568908396889,0.4244780480335667,0.6464115709592958,0.6158940151973883,1
0.6474495362501834,0.39217487908243065,0.0730573380906268,0.6448736637620738,1
0.8006488656967317,0.4745787898502957,0.5901028723999729,0.37397728208752695,1
0.5319871906773628,0.3788228291091794,0.1057418791184851,0.30708323009525784,1
0.734440797129164,0.9315293106263982,0.9138302007033092,0.8355751351472903,1
0.2667907123522757,0.8618845543218489,0.1346772704843109,0.04812483315566009,1
0.6013435084798457,0.10697052592658479,0.5643581825446107,0.30011574935043744,1
0.639593474442075,0.6810743050000396,0.1691710774486705,0.32419026386735805,1
0.8226980568127185,0.9533949431609593,0.9079746494483828,0.9192371991435242,1
0.9557163468378675,0.5321764374388059,0.5894815773697485,0.15857514444201226,1
0.1165459800432856,0.15353708636797295,0.3901343758863132,0.34721784606425204,1
0.2540879396983048,0.323992466523439,0.1251973845978823,0.9933593543007337,1
0.5778109750874054,0.7708955423686277,0.8899658578140293,0.595578309716504,1
0.1894441214440836,0.3972641548757697,0.589293522310306,0.2521051883254025,1
0.7114335118693367,0.5490711871876965,0.9680982121613408,0.016586440832941998,1
0.4160901311301297,0.1016477474919994,0.6459211987694342,0.285327226320825,1
0.4680266963220653,0.9639271107711949,0.8661680865369782,0.7357385485298651,1
0.1903161936394732,0.20209044467506446,0.1827344697071496,0.3750768476046374,1
0.8697186363176221,0.8664646196105705,0.3620481017487278,0.6182118217406699,1
0.3124162175286927,0.6902751235620891,0.8386772684102206,0.7965172562265331,1
0.0573410022514353,0.3047938501024954,0.5290082439233815,0.4573095997784236,1
0.7724233370407265,0.28202341389745056,0.1411863588557163,0.8774570622457695,1
0.9105051735862448,0.5315529354429097,0.2560598413024296,0.12118921977875147,1
0.2856524674015975,0.24283652996527863,0.8732474810120285,0.6954480887871644,1
0.5617518518806933,0.24251678978023203,0.9445363327919524,0.24591439358189573,1
0.0564337129156613,0.4048821057734832,0.1945520743957101,0.6837730625259912,1
0.435235282284607,0.2250290433846836,0.1060614821328231,0.9769484971552548,1
0.6827040683313969,0.5866766925467826,0.5106056938732648,0.17527762088703566,1
0.746619518873334,0.5511225166204479,0.1066162927617945,0.9028270363273522,1
0.751154322132617,0.6049178511542317,0.7618731827491575,0.9885065921789834,1
0.7865307359983046,0.49977363611446224,0.5587494069663719,0.7781994906276467,1
0.9486754805534444,0.15307520820167775,0.6553256242568783,0.08464164227993719,1
0.5930958516819783,0.80268327224976,0.4375131172599629,0.9077114762814578,1
0.6588477940101297,0.10129791110004928,0.8051012867847185,0.4818732368262746,1
0.7307348041564989,0.14905465219887293,0.5632857766961449,0.25376185084904784,1
0.840068513817162,0.7370147902640437,0.4356766635172215,0.8498630659036999,1
0.8464575613575432,0.8077109589875592,0.4177967244464935,0.9101355574907666,1
0.1625162945996341,0.2183587355702969,0.0167679833259103,0.8549931264050818,1
0.2866115571528938,0.4356362812069758,0.1267374052135842,0.21874846928002745,1
0.3435724194479821,0.8908850208533415,0.9422976462946132,0.4640596314745082,1
0.1504953051456325,0.2889323240932683,0.972936913995376,0.36656781791786813,1
0.5407371222871201,0.19330009038573356,0.1371181466974399,0.8324788839247547,1
0.3929797745341121,0.3777233898267273,0.7489031929851018,0.31142439984933784,1
0.880920882035195,0.5033994170452022,0.3730439717277457,0.5555888098046036,1
0.6071892930167183,0.7621822736479309,0.9009451124801179,0.5757870584025059,1
0.6640871548237808,0.4706212964570655,0.41858643942593016,0.45509812471167804,1
0.6235228190256532,0.1546134348776908,0.4636445036937141,0.7109122585166445,1
0.6232204938422171,0.3492357197535394,0.43877845594802,0.9573638677564824,1
0.6598461655965638,0.17494080583444777,0.06367892360081322,0.430730054723449,1
0.5326578150983913,0.5880402818457646,0.4439906242053431,0.5652517573744845,1
0.9595542764550042,0.8464570660486574,0.420590872381856,0.2614872604162837,1
0.8035363977415331,0.5335152441187185,0.4531093147365439,0.6833335253197476,1
0.6944391730329409,0.9511440610564643,0.8921180628545425,0.8210517138148169,1
0.7069485574073493,0.9642762145646905,0.1421813623805732,0.9970402984750063,1
0.3837522229316211,0.6208680285285937,0.8610750036418303,0.81814588581462,1
0.8712359377769374,0.9121654874416119,0.579589677102679,0.12062051854484251,1
0.2521349774018355,0.4494409878777488,0.9139174683471758,0.6512149322624611,1
0.08293935146258188,0.6974830556532627,0.7907785719510823,0.5383000476183236,1
0.6243154544974696,0.8549166325941353,0.7656475747223113,0.5215802777753094,1
0.7225859180504,0.14705874407613878,0.6362648274697702,0.6832559029779222,1
0.862956902566602,0.8050427507301094,0.11415629738061808,0.7970760773978024,1
0.42216943194077844,0.20704436119839625,0.399780376679959,0.9103179686032233,1
0.5121057972810843,0.07472203339540273,0.9251151506133763,0.698163239579418,1
0.22110797638889168,0.3268921519317242,0.18928097685524808,0.9252881001747445,1
0.23776610065487366,0.04191531277070377,0.1634026854810931,0.49847842963146655,1
0.29692840786884184,0.8595978958965887,0.22786844633394412,0.3957902002746028,1
0.1619178987894474,0.12836856054437473,0.7598861293158766,0.37848890012681335,1
0.3002938941492675,0.6715731398152818,0.8348414599532228,0.8061242640610687,1
0.7477350788844936,0.4021288373342645,0.2559256704909863,0.9460860139026258,1
0.8129765757791108,0.30708456269740225,0.6528589939666617,0.37577431718007326,1
0.6364467954015912,0.6410530282562632,0.7675419448175778,0.4752913456122205,1
0.8780249521874016,0.9118690386915456,0.19681041139636923,0.06667473341763704,1
0.3964229200517709,0.039798230375328494,0.6585381987359618,0.7049003694056446,1
0.8922904142298252,0.9192469263065128,0.09717262975525169,0.7807215275810515,1
0.5303248398624687,0.5183381884106825,0.055555834983096776,0.4311340465594702,1
0.17035263639417716,0.3567432158672731,0.20599817848164204,0.7952277093531507,1
0.7728583835738957,0.018469510076991866,0.8970156224684346,0.29472822913305474,1
0.4073004888658719,0.0362955865848562,0.35941956571759975,0.707925242370558,1
0.8203331425426089,0.7820356361818976,0.10942531704103009,0.19981615739194158,1
0.32420457189149604,0.745647476467288,0.2364460868770954,0.7298232536900957,1
0.1377209617273954,0.5147706085079379,0.7703431386724819,0.09241378605205829,1
0.6117706299043131,0.7605343454675249,0.9039170714044569,0.573013199605017,1
0.988650065405304,0.2242981817499902,0.5727098513475586,0.4073482197324379,1
0.641970816167863,0.4315346932216841,0.4469453145625828,0.4163798838133014,1
0.2601332591573007,0.9487764692172193,0.2731058363984646,0.7939245491332496,1
0.4019100240387071,0.384196990543648,0.7497492449154604,0.30949025094876087,1
0.36129283155826775,0.46909540099332614,0.5235619604824204,0.23486153095962964,1
0.6870923272038182,0.48454873829496986,0.5358394688118777,0.9014222548074019,1
0.40080867101409845,0.22699415108376364,0.7585677776973541,0.3255681349863438,1
0.31685233388333894,0.5022042223907286,0.3904073056949849,0.8367102219923735,1
0.8035060919005996,0.48993067337892615,0.7670368446203832,0.9702752592465582,1
0.7460978672488018,0.34510279934788896,0.5260639318428013,0.8764465611825658,1
0.12465447332079105,0.1965834411191507,0.7462123135218468,0.8856947381172616,1
0.45621750620982876,0.9759963813823829,0.43744719485193284,0.6074112713352067,1
0.24260566589464858,0.19302597038198394,0.06292182355386665,0.6814600129073516,1
0.5916616890667735,0.11000155921057644,0.8770906575590331,0.3299746457524758,1
0.0336178392803144,0.0919855789539957,0.953383476985584,0.9678003323143289,1
0.08057222518549163,0.4059411056108356,0.3182921396060262,0.5534138216850418,1
0.013861569951675331,0.2560331606742122,0.965309771275106,0.9308097443091388,1
0.6282598329388884,0.23078164848532604,0.22223734210744633,0.04271184944625904,1
0.0609793014562841,0.48302403219486006,0.682544014249099,0.5619702846422221,1
0.6104626884209073,0.4474829174050799,0.8768931845161432,0.48320251439329814,1
0.4858567375121892,0.4426923827365797,0.819675459695933,0.5882128618220829,1
0.993413894613959,0.204013139602507,0.8674116635640249,0.3717773928619831,1
0.921251207991647,0.6511537494157722,0.9005239433312222,0.6824911953593766,1
0.17540302035087624,0.9474718530368029,0.4314865307068019,0.21266301506678667,1
0.04725762742254397,0.6792755022707001,0.15889208555576573,0.9426322852968667,1
0.7612727506809736,0.47994719437341216,0.7501989619274829,0.9644909915051685,1
0.9166473650667666,0.801237024045604,0.4164178843139356,0.3744680745793503,1
0.42316218893267205,0.6132463509882147,0.29054712059317056,0.7071950144724078,1
0.6973395538061393,0.41226446999894995,0.7005097401280899,0.09560561979920977,1
0.5405075108214805,0.07366169934372005,0.9393124103764832,0.43734420599343354,1
0.8700727848439487,0.5201864605602824,0.4525290409623525,0.6715226229939971,1
0.3548153411455303,0.6672231608054704,0.30785070923030144,0.7925602884389277,1
0.3978015895851225,0.14070075630712148,0.5926351842132082,0.32259073272885336,1
0.2812155793117959,0.15968019261808852,0.8751056220929089,0.22652419459125767,1
0.2785322694573225,0.22688942494276698,0.7050140310288897,0.20626957357060605,1
0.21705515409884948,0.3600754233382532,0.04525124668010802,0.7692532313282632,1
0.2350919020821497,0.12329726888487208,0.9236719179014565,0.23630598038237388,1
0.8291780986222941,0.7977200875197044,0.10607241909564309,0.2031233151049155,1
0.6145589496157201,0.4862190255330946,0.2592123421642625,0.6590725903813748,1
0.11433745137544894,0.9069131097948853,0.33057840672514227,0.3613215849507822,1
0.2626835998212503,0.48465806822504715,0.24272420634611874,0.8151089488295915,1
0.17834862152474892,0.6558025938314243,0.13434025197638644,0.6298621879164172,1
0.7588968496975277,0.9351958404545221,0.69708828132917,0.36524699560073765,1
0.15988526263022498,0.457525044442634,0.022889138976368646,0.7572393330197931,1
0.8578586744327008,0.37443554289539666,0.21002473236696126,0.3026500853062999,1
0.7253622839425198,0.9115965761723209,0.7286762572446949,0.3466313868618286,1
0.763170309728111,0.8556219004896979,0.09240211398951456,0.9678608149829174,1
0.8058670667650756,0.1673007454912192,0.4197236401794808,0.6013625207687523,1
0.14003175846771931,0.6893050498584108,0.7606734941236285,0.17556837574951628,1
0.604246269995293,0.8110546558959199,0.4312421589363596,0.952884259992688,1
0.24492177559666714,0.8831338423817913,0.9079931191100883,0.669410731691524,1
0.45761265829112285,0.10002958758608321,0.08499188136395627,0.6985507361447477,1
0.2530488494453903,0.9435805871896962,0.2755610654956843,0.800723178464704,1
0.19201353043365627,0.6645566811668666,0.09828827784966822,0.7246810218383941,1
0.8598398918225711,0.885778076660436,0.6091798508380761,0.09704765988782767,1
0.07405140114095221,0.302105302539387,0.7183266505513878,0.617779187690859,1
0.9632561420307437,0.12295688173210106,0.6703825800864589,0.07156024947721504,1
0.21173242039970483,0.6541756060968141,0.9131230842107287,0.9764649077018813,1
0.051748863248963495,0.4078128876737873,0.20732035833101126,0.6765800396266896,1
0.07682377904635139,0.5437641418048667,0.16915073220289842,0.18600702216232728,1
0.6405678833135047,0.5591907453318895,0.6397885404260658,0.17939014577772702,1
0.6318624958310443,0.4233190394205527,0.8907882630867979,0.4708885952019408,1
0.8378060691534773,0.6483714431726676,0.9139320732893663,0.15675937216198832,1
0.3141839677550453,0.24060633342923365,0.28645406480385516,0.971722115842485,1
0.31291816537399536,0.32128671802391634,0.31905983145034106,0.21194207283115166,1
0.048722581778169224,0.3998507390879288,0.19621636711166157,0.6856808163834643,1
0.857778803438815,0.3148184688635927,0.17414171478317259,0.23322167531065668,1
0.2634190804717555,0.8310484590993331,0.15992673395223084,0.04388625895009387,1
0.09767574801466206,0.6680687315189179,0.15764382692034387,0.5258348695128354,1
0.6081576854835244,0.7302696521059202,0.9289380119211034,0.643162904936434,1
0.9242783680747277,0.39033513648852547,0.27031193697163136,0.16009390978584082,1
0.843876637660026,0.5344885246180021,0.6046592557951193,0.5452469202153023,1
0.07062685000528302,0.6266002934665446,0.3851809966652424,0.5017442881487303,1
0.30418000754129076,0.09665326520533231,0.07033709638976775,0.7042332724500442,1
0.9020692836882697,0.9237043739810817,0.09597934451130734,0.7703194648884942,1
0.489287132211988,0.2839994667924773,0.8329358221394694,0.49495907931909905,1
0.8534384462211546,0.6472526684682788,0.40207726299730717,0.06856348897944048,1
0.3050028035391237,0.4588377455654682,0.9138561096368234,0.749849192219657,1
0.6941758281952404,0.5361925669860469,0.5033548495771717,0.17930463849036943,1
0.05015417654051079,0.6633928933789996,0.15432546462434377,0.9475962095150355,1
0.8300648457304436,0.4244092331602175,0.1350673476476869,0.028059281431370243,1
0.04176956479706045,0.36271892749419166,0.7279792806100646,0.7621200994678162,1
0.5248478000305984,0.28809973290914215,0.1892415773897903,0.27569360970624635,1
0.7346424223190818,0.7637351824192055,0.16522689722067763,0.6586650587606724,1
0.6864329439038457,0.6946420642283102,0.13823888536741305,0.28467026063158973,1
0.2003653008231248,0.38988554899925265,0.5047374422666447,0.8546542315279425,1
0.4350078834245979,0.056859731878393445,0.39538689028770396,0.7603317975051832,1
0.25029449546627575,0.9267787381230884,0.07822759970254944,0.7724898707712129,1
0.6093349204563367,0.7236655321962157,0.8960177309361124,0.6442654636525467,1
0.9635518383268336,0.617261842673794,0.8316664848851927,0.8705538664699801,1
0.015102828603896924,0.30672663826694985,0.7542420868619105,0.41908772008522455,1
0.5218290629111859,0.0727071215662528,0.912014571246626,0.7764263123417832,1
0.5978315752545387,0.9100710170266249,0.9868702243632711,0.33112463025390587,1
0.34924386670830154,0.8926862852995178,0.8690945061476816,0.6988105305811072,1
0.601231236470845,0.7643254142907819,0.8970800617847253,0.5793944786754963,1
0.34386899137240795,0.6582720429688118,0.8891488252503528,0.6148852946583457,1
0.8559977590517249,0.8790760661813143,0.3789609127026272,0.5669338495075632,1
0.8379258277752055,0.234217480371735,0.20159190669563967,0.7255090692648016,1
0.6427677130934011,0.29292429507813494,0.9492853585116665,0.044923685817930444,1
0.7750151146917591,0.3148539497115822,0.7192614680492244,0.6083229813941436,1
0.5782490466212428,0.12198739320041867,0.8529011555092024,0.3127598120546945,1
0.5988752979755494,0.5998893527915237,0.19399142772358516,0.920213292774315,1
0.11689741333228154,0.8239924699332045,0.04839585247649657,0.24784613862068577,1
0.5785318663935104,0.7689915070304888,0.8975993989683385,0.5969190187491461,1
0.8889438382010744,0.05950081660880775,0.8533071630747223,0.7207891219346348,1
0.552240569357601,0.8869763688009442,0.09852652797972544,0.6744971179367464,1
0.5467964345642855,0.8278508377630529,0.5692543794284698,0.6589804567892033,1
0.4696027731807078,0.9107668826422111,0.5534849832990929,0.8527977368302597,1
0.2959101110021457,0.22359885741357965,0.05383407515318635,0.46562523711903747,1
0.9621168594364023,0.6218582070309999,0.8377618957753705,0.8627312532558054,1
0.6694842506880634,0.4785488696183168,0.34740089271427027,0.5782057519853891,1
0.40218036577853755,0.6243145888720478,0.29201551559460553,0.7185789825087588,1
0.6416457426540583,0.5422929841464244,0.6736576227106963,0.16287152870271604,1
0.35126524809195786,0.2424708917638151,0.4274474363813918,0.4491420318242948,1
0.6950359044289272,0.7835940799473569,0.39020990992056054,0.8542500960918864,1
0.12376315347011513,0.1960156647075949,0.7460972420459224,0.8850776072461589,1
0.3798802281370913,0.7067175053037531,0.30937333683349716,0.8154871884760062,1
0.8306854512533743,0.11844541974793986,0.8929044364869694,0.20490894561895906,1
0.06023343330174309,0.7137937251411259,0.8205165171056821,0.502292432138324,1
0.5488463348910977,0.5230617831638454,0.6884203778373115,0.11648831400862111,1
0.3326529158266898,0.3057459994262963,0.744799261635242,0.3273507540761257,1
0.8704539107473749,0.47009138442873166,0.2731386367893019,0.4903301953812308,1
0.4908998516491409,0.9682476529576239,0.8489037725705,0.7026424760179434,1
0.03690778790760926,0.3042131255284821,0.6100075954658121,0.48021944979373293,1
0.5542043040877779,0.317151260210534,0.14497769790990325,0.04095228403871094,1
0.5963525088038629,0.14793050289209916,0.7422742640067312,0.8900482661317412,1
0.8477947273512781,0.8066778095505549,0.4284047227542095,0.9053918478310106,1
0.8597387942029432,0.5851100938897092,0.4434044623106791,0.08854258569610518,1
0.022621388386189642,0.37073174985357743,0.1889513001561785,0.6992697877994346,1
0.5411012744321412,0.5595466129570901,0.12329920399505716,0.9266621102988181,1
0.9021170538442564,0.5097619514511194,0.45157515072833554,0.6636395810206288,1
0.12553075435993177,0.18585615210840042,0.27272269793053655,0.8787604598571682,1
0.5490645321568725,0.3077370383846045,0.8125811365624552,0.44021962448481133,1
0.21514026319079646,0.8449849546862196,0.33355759878471825,0.8280900348215383,1
0.2733110526716265,0.36285057694073625,0.3152090208524534,0.20662314885125205,1
0.4873300152280085,0.42229097264461657,0.3956976996032966,0.464542975289741,1
0.9039020460966697,0.6234737308605723,0.7935950904988516,0.1974089075189967,1
0.43905480211570497,0.13743384016408872,0.3335118430340263,0.8713188298076644,1
0.6700003987213244,0.0658268744837067,0.35725582773219355,0.5136736440830251,1
0.9172212927537134,0.625403142046994,0.8448185169709288,0.4129331674207403,1
0.5475481673126416,0.9022033747429832,0.7328713479721498,0.2769801077514174,1
0.5874053618249508,0.4462340535133366,0.24898900169374566,0.6704692661377545,1
0.6325116734218917,0.18013729912406753,0.3083085455950043,0.8102878026077596,1
0.1737956337119573,0.8044316072199653,0.28059656605846883,0.7207489983048818,1
0.7513697251577409,0.636586218960984,0.7658586110729999,0.9948419357387471,1
0.35678869136967994,0.4555449261288897,0.2128809515591268,0.07795564186719081,1
0.21256492302415497,0.3809844485909052,0.5111981514818732,0.8332877011954417,1
0.30472969700529173,0.32246938753575555,0.6295907409839953,0.8624895601368473,1
0.16344267105284682,0.9261501173088513,0.2890428249565872,0.7477950942267376,1
0.10408210277183634,0.4642097866992573,0.11355657165588891,0.07544872711117799,1
0.6470485932106139,0.3933017668814664,0.07298784760580843,0.6548137898996438,1
0.43803583660431256,0.6456644752261349,0.02234842008307887,0.27689219392705283,1
0.8524737019613472,0.5251009260354301,0.9734833157132927,0.49798236180321026,1
0.6055447267742479,0.7261583434487555,0.4445831576473346,0.7787879046239992,1
0.730448258158323,0.1438399391364751,0.30269816387343373,0.5276726395028001,1
0.027466404003279796,0.3347611018163037,0.5818631381749786,0.4583136866136881,1
0.1893214851356102,0.39210972807282996,0.3144857977135993,0.23612097229390594,1
0.4165294026705214,0.19724943592608862,0.74166236368391,0.07632779484904793,1
0.627135883673514,0.045548176471594023,0.4024868972764439,0.5458430646692589,1
0.32253122422924985,0.2213539771505364,0.2849991966573276,0.9620227065018585,1
0.3721747743764202,0.4490898769217048,0.5231030952753473,0.22686471902543187,1
0.3149404669458665,0.2515783612619343,0.24927502644845936,0.2958116029553766,1
0.04744753786066217,0.9229985534490266,0.4485117475176777,0.3734254377172072,1
0.5596085200076534,0.44639285595263895,0.3982009277263013,0.5624424390793318,1
0.022561296627435275,0.3955178683168738,0.4339236209126969,0.6656380716980319,1
0.24446073890703668,0.581593000891933,0.1886450397216383,0.5876271117870098,1
0.550775087503065,0.27806066837221116,0.2819188338129955,0.15130635392264163,1
0.7553829758267514,0.3835465385837032,0.2528355156937012,0.9376206803476383,1
0.17013526994878564,0.6634203607136889,0.16604032177376105,0.5852262855550175,1
0.009960593392149806,0.30528664355875335,0.0380296670403233,0.924027795575923,1
0.7127044677174136,0.7266470823599225,0.1226415958976749,0.678821242213781,1
0.2296501406396942,0.018062945248499915,0.16019626636222628,0.4827769188188944,1
0.9114745582550973,0.503466611605556,0.2621763121024623,0.20534387470391946,1
0.9598957926159297,0.959253300275191,0.052974825830169894,0.01873393120639799,1
0.7518186123146692,0.33826128062390814,0.3452285514241672,0.9230238045322827,1
0.37236227726571886,0.307214008807223,0.10564533177934143,0.5024096260174069,1
0.7597804806203865,0.4792708970019186,0.7495641091557095,0.9642220828066678,1
0.12320029907317918,0.9448515364901546,0.741443560275934,0.5986079713463149,1
0.34796383825044863,0.05131398434487585,0.3441769352193486,0.6985620469684268,1
0.4719273517743985,0.36133496715565194,0.07137883262937327,0.30144217302733745,1
0.17208084982703198,0.9314238520173223,0.5462167491358063,0.972834948930852,1
0.36352810802732877,0.22576581418160913,0.3453677881459456,0.9453837664333895,1
0.9470377882073002,0.9371334353678372,0.8803941516686858,0.9424040646314317,1
0.2689823511097659,0.18376224101007604,0.06325957148492381,0.7221975919681576,1
0.6070171953621009,0.1182633067929079,0.8684293993665213,0.3035503910026233,1
0.035997463241052664,0.4466942735357513,0.9576255162648578,0.47705210237182505,1
0.06693293343343928,0.9693937825229366,0.532286647354965,0.9215583786650677,1
0.03754950403227471,0.6197693617608746,0.13095210690083195,0.027251974735929677,1
0.6089558768950466,0.852581146533618,0.09783226609592817,0.6798896898766442,1
0.12433422701149605,0.18829661900274886,0.27390644834048666,0.8764478463563751,1
0.08378645324326371,0.9226146020998757,0.315806760442575,0.33948540765710583,1
0.46613460154653524,0.5075326843997838,0.14603864676886638,0.04779857928006921,1
0.14398016241401654,0.6609647138190188,0.7722087693032176,0.17351606774252895,1
0.18166600895089066,0.38788540776173547,0.21870638274534385,0.8040747132865453,1
0.5123088943306682,0.2799395419872777,0.19451691833713436,0.24366275006038232,1
0.6601655241180928,0.024491024565479684,0.7318961163489714,0.37377335284165175,1
0.7523237656671615,0.9401382825127731,0.6216400562151142,0.47513821969615444,1
0.7040535402501301,0.69155397114246,0.0952031813443146,0.7192302204463538,1
0.3894060953893619,0.6434328062395698,0.024752338459392266,0.2865880659689696,1
0.12468256582642777,0.8158797932970976,0.16603372304316014,0.018086342598687456,1
0.16915930304742843,0.3460973941909674,0.06693438258488599,0.22098263711079053,1
0.4446788583186501,0.5985559319282946,0.27056074097552457,0.6758474128994716,1
0.7490950633003401,0.5418461993630452,0.11239350497405737,0.9056371342694721,1
0.15324193371575012,0.17658684503932573,0.32940767539789073,0.8530518507845035,1
0.03145216993517552,0.7126368789812082,0.14353374672074706,0.7878079240618019,1
0.3025211117034583,0.40006933919655574,0.11400307672232265,0.17457056803500573,1
0.7594662563372995,0.47915079581225795,0.7494331805359865,0.9641699078722876,1
0.5932177365822087,0.9111286278535823,0.9966320013783304,0.33112574894030394,1
0.779464166365188,0.7730767952093534,0.16817159440614032,0.6765121248018933,1
0.7403839452970125,0.3945511518244772,0.2616946727943503,0.941420968194956,1
0.3643310648691701,0.31759883936833266,0.08758369417930678,0.4434657840983442,1
0.9147040956591899,0.15752101149385167,0.6050562325831051,0.06773183133660304,1
0.26484031539666486,0.6174591573054444,0.8945466450277266,0.4801101325592644,1
0.7263194904533202,0.3190176835324157,0.7209457898337152,0.5760049866316935,1
0.8895458815031122,0.35126175026258566,0.249591118767123,0.16481751051791577,1
0.05059944048662434,0.7413508793247676,0.5098053490406829,0.19752801531796957,1
0.6714111553333586,0.3484366901306525,0.41901192759459693,0.9317175146792857,1
0.41281920150861035,0.03259835211825458,0.37209894661762033,0.7110307833225266,1
0.5706755107131732,0.34303203224836454,0.45931996152571053,0.9738991558591032,1
0.9625364993975308,0.19269143451643564,0.1425130173895625,0.7457240683991494,1
0.08819781106173429,0.11847722845887317,0.6925212794040116,0.8074709989149864,1
0.506488584584718,0.9303959170071516,0.12118197796120209,0.61339052630278,1
0.45923312292998375,0.9785981824012664,0.43440658653010006,0.6355537398297609,1
0.6127495953782445,0.30117814330517567,0.9359280370213451,0.693557171652745,1
0.6663813878351613,0.579407656845999,0.9495608724273477,0.6480735471182159,1
0.10348162890087131,0.9141429244545444,0.3451357825681929,0.3572254335196634,1
0.34151362537387475,0.05258454472240296,0.7749330221700221,0.7462708449949198,1
0.15280193706264358,0.13553152895475282,0.6499561246373415,0.3741064432149017,1
0.11419745070541532,0.2687849056511212,0.8229157046687471,0.6559624540460471,1
0.1946023128185952,0.09977362048380281,0.7163179474212293,0.47470897919404725,1
0.8728063402799707,0.47194754825165397,0.27084387498173185,0.493270911474341,1
0.6495224756988682,0.9191784549054889,0.7389315734027088,0.33833323430990336,1
0.34275517564587477,0.22556395069602359,0.6548299828083266,0.8734209756720634,1
0.26701400579976325,0.4902852648806762,0.24374992236581333,0.815531612567523,1
0.2582111238775543,0.9223198893655632,0.7180708385423031,0.507726360115936,1
0.2132632781654586,0.30629954492971556,0.5353167638691871,0.633126107864426,1
0.8777600886092871,0.6720730834041897,0.4314665854052638,0.7854511980626473,1
0.6413328287997764,0.6455666932546255,0.42013845303739394,0.9389827886585675,1
0.9927535568776993,0.08916392937371814,0.4779629244119369,0.34902914012769154,1
0.8690657043828245,0.8222003703709198,0.11552143400942397,0.7877712042319149,1
0.7111438955320091,0.5508048417551441,0.9679495953238099,0.01796221321488979,1
0.5910142937262624,0.05621571692183148,0.8031539191807084,0.047592958213139934,1
0.8158285766751227,0.8538222305306247,0.5144334105620899,0.07683871045648044,1
0.5871429720860889,0.6697053679319463,0.5851156577816234,0.8463801988547037,1
0.6632621227158411,0.7906330350689291,0.3931106128796678,0.8781834423207355,1
0.6269307405447864,0.9645843672688746,0.1997949397122234,0.9850764801307194,1
0.7872505038467561,0.3199719619066632,0.716399028218314,0.6273076845807455,1
0.11268425086299749,0.9139961067470758,0.1953968903259651,0.6518927113657679,1
0.01764951919923494,0.101724943868915,0.6467725592692508,0.818285671081645,1
0.3866394061186031,0.6411386689406932,0.024107503932481414,0.2884916118188154,1
0.42445049718350825,0.19818030003569048,0.3915166793996236,0.9052924239091126,1
0.05633817212020122,0.4857251776047595,0.6834900417586754,0.5559794006295482,1
0.6019312048288384,0.8340019125735035,0.10242385948247427,0.686679189286681,1
0.9859448883494952,0.6800799016503631,0.9810539331385948,0.976549917832081,1
0.5936147540003005,0.6745740758093574,0.5895052033509822,0.843810628180449,1
0.5604437933985829,0.7605748270652632,0.9508835055338977,0.6239956725270371,1
0.10063528006105905,0.2702150534359527,0.5961777447748893,0.7865565962801583,1
0.09144329424578816,0.9109786692501668,0.9486410534012585,0.9286300636181106,1
0.47761625873182495,0.5719723019585495,0.44033536256152833,0.05175955801606131,1
0.8406669916723332,0.7673678476772205,0.13052839126411536,0.7165167514646852,1
0.6556967242256683,0.8020677053543783,0.7475482829180208,0.9087665242920944,1
0.3745962447112622,0.44992507380822366,0.5215596029570437,0.22713194557179955,1
0.8945992582893998,0.11645648555973301,0.8388626861731391,0.7338287846476271,1
0.06782676124221966,0.7940466394436902,0.5206943119719583,0.7707956434295552,1
0.5971937906496402,0.1903271017888122,0.12432450100430571,0.9898239406572769,1
0.0561561775301787,0.4418027671592432,0.7790060706963029,0.9295344037509493,1
0.31355693643400534,0.8496120910078071,0.6344730673502917,0.22016484662244135,1
0.6739616974745207,0.0653986775423779,0.6716525224679141,0.6740153361501174,1
0.603236478744833,0.05953236986221293,0.3694397441662454,0.6867369611374031,1
0.18722929456629422,0.5962916709312596,0.16835134793877318,0.6030520132409738,1
0.6589379287725151,0.18342759722063956,0.07086460055942329,0.47351606153911463,1
0.3547820616209437,0.3660056417405049,0.111340350558625,0.17554314862541198,1
0.9105605994195125,0.8794410878433971,0.8419890219558845,0.9147513590490908,1
0.8949553380972011,0.805360333614014,0.3886133502422862,0.40781796069838117,1
0.3808223439127145,0.4415990278746826,0.5506667215085999,0.528410528104201,1
0.6410102914301434,0.4988988621955752,0.45015182688210925,0.48760224378729594,1
0.10520059981084924,0.854141742894758,0.045433237180457525,0.4364574933726857,1
0.8484704616167273,0.32544739346096635,0.185917497796939,0.23495173656905022,1
0.00807332441907817,0.2984518995260333,0.03818098880683433,0.9200909800463678,1
0.8987178483268043,0.23828067254242374,0.08947310824286342,0.19600033009931841,1
0.14370633131995147,0.6083666428230098,0.1517902902120038,0.61683036026914,1
0.8165803180112792,0.8573766548048671,0.5113626321539023,0.0785437370948194,1
0.6713006668614913,0.3486023534939162,0.4190806595663204,0.9320409579034948,1
0.03401546228177823,0.48440326656489685,0.12729678500085717,0.129651543834566,1
0.42959490947601986,0.8846334884250486,0.1767361127246588,0.40767012257224944,1
0.801735253658467,0.10405578093298302,0.9034789564941613,0.23409889141157902,1
0.6288139836734195,0.41995816111196305,0.051881001609265315,0.6300306815966304,1
0.7408572247964151,0.6323631894782779,0.7702354417320922,0.9813287859965941,1
0.4554118241782846,0.9753012584522844,0.43825955388731397,0.5998924507112798,1
0.19826596475879638,0.38160515424672015,0.22062784662886603,0.8041676919438813,1
0.49671695622314105,0.9908058221017572,0.5103333717182329,0.6715829574301801,1
0.8650693756433926,0.8096399953340128,0.11341539224896918,0.7953641576147092,1
0.26175691013546276,0.36383351086246585,0.9614861750565267,0.4816951893633688,1
0.08364682874492388,0.3211965251125343,0.5712072839188425,0.02255059262981966,1
0.7705201232483053,0.15512395423694764,0.37653501609949414,0.5565787181354619,1
0.25032716217633166,0.18644655105747202,0.4927610434996393,0.6482377014604785,1
0.055877652223391305,0.5624924758644447,0.2118689153572545,0.2843179973728989,1
0.46088236993380716,0.11327328236091254,0.25581000406040194,0.49723647192194614,1
0.8427201930157062,0.320774157209504,0.2012022384391925,0.26897273100474306,1
0.7359221180217708,0.17413533382931165,0.6230888583396502,0.678757998664146,1
0.8592550388938966,0.886535109597338,0.6049308376199597,0.09778694176657163,1
0.795555287226715,0.08409630753646917,0.9036114350888985,0.23778959582270115,1
0.9048817441521037,0.9249863621912331,0.09563614864547318,0.7673277703792811,1
0.7884602534265998,0.8877307992781643,0.8781589895257572,0.9272247659683779,1
0.036171093491807,0.9247806829679269,0.4693153921595279,0.37668556816132803,1
0.8130652899708259,0.8184927901288985,0.18491865080288433,0.6954223465443576,1
0.7385370325770119,0.9295326534409539,0.1279389690698405,0.9602357341308763,1
0.5145530026702588,0.4530933828539233,0.04456470645440151,0.3953421535178621,1
0.6242324934609839,0.1883386096341042,0.30250981447478337,0.7976209974401034,1
0.6694925910152986,0.4964823644596852,0.5241872034442895,0.17275846977232182,1
0.6722476659332829,0.8783370227040067,0.7610457742191873,0.3822015543535646,1
0.2224632543829012,0.31597174638201414,0.506128895521603,0.6228275838905969,1
0.7684354828408084,0.0070880249567682515,0.8970526446219197,0.301304852136545,1
0.8609657985426816,0.29719270473542186,0.6884703067783059,0.35943934681257006,1
0.7652297923525277,0.3174635833035259,0.40008375141052605,0.935004540238075,1
0.593004072245284,0.810858929055033,0.4384675777057064,0.947261278169613,1
0.33290375264240324,0.6480314209590164,0.7996231339101245,0.09999981000757,1
0.6459886784552334,0.9248697013541227,0.9450775932817532,0.9170559943675962,1
0.29120308895077424,0.41650927986180136,0.8899036243603501,0.8818865911543391,1
0.1643146879520718,0.8824650760998081,0.32100568964121884,0.7532293942975599,1
0.8731348060200499,0.40700469613915263,0.2199783711564546,0.3256634280380957,1
0.4624694091176359,0.5095822051098036,0.14635087040511946,0.04514726643529896,1
0.6970320258657399,0.33326650394117496,0.43728114564758686,0.9371995945541369,1
0.9193830722715677,0.08368191094140837,0.6239200881115915,0.9016140669920851,1
0.5017599483831191,0.09224347216123634,0.6039325160688828,0.7443671223098731,1
0.9254020598689632,0.25032021992167197,0.48446676886560014,0.04656969153034048,1
0.905142153380338,0.6227379155039519,0.7901846694465761,0.19834477612590407,1
0.46289443170926414,0.07355549914878835,0.8743063795580601,0.7056996363481427,1
0.15865568365466792,0.14090785413973778,0.7151791768897271,0.7717510340561226,1
0.9620954890564871,0.5251606881736045,0.622795352639594,0.14377176036906547,1
0.3644497750341795,0.76899994783502,0.15590097226061772,0.16489281560744556,1
0.019442069934363194,0.1097420767941842,0.6220300673026263,0.8112530316451906,1
0.6249536476280604,0.7589051510906079,0.15505978955656682,0.30241976788822655,1
0.7085336282203147,0.007648506727598691,0.9440567603335825,0.13555090377293705,1
0.8878530598223606,0.7320502126125551,0.3860718382167029,0.3702669181946057,1
0.28519338017102247,0.23628552683514079,0.8642572643657448,0.7439262008416968,1
0.38818151637761483,0.6292935700720003,0.2719594808184961,0.7091397986846947,1
0.3465071819521028,0.661138643019179,0.2938496923546716,0.7766373533753084,1
0.7992150882707129,0.4617114962724888,0.979974201374879,0.5627709691350427,1
0.8068993545703819,0.1266946494639173,0.9708867473181,0.4355935256166236,1
0.4656406097318888,0.9764725817419853,0.6295103862372593,0.1815706393668943,1
0.1756808106402351,0.36956963712419044,0.020833531279613897,0.6942587819942069,1
0.9367677987694045,0.14726369008267773,0.7895181851405987,0.09996832933827492,1
0.7235442280128606,0.1569330804042316,0.629434716171074,0.6687940270575926,1
0.18032290134593967,0.2301038068476023,0.7322122662501046,0.9193722408624826,1
0.10265597864244483,0.15888462290883912,0.5933469190108512,0.8499010246242888,1
0.21041719610771956,0.5925409306182395,0.17319372025925295,0.5960339374491234,1
0.23801210030386902,0.19065497905183892,0.48091040721851935,0.8915962232675675,1
0.7294507543853691,0.6374792403700901,0.16268776937687654,0.9234595214175697,1
0.6549194950594337,0.17796785591144412,0.06296595733267943,0.4313617151350127,1
0.9782400785076864,0.13874864598570505,0.23800435038644874,0.4718876471261674,1
0.22544004725066585,0.5249441360169185,0.926967519105568,0.5418213572552985,1
0.10601833692204438,0.13449538509359135,0.8676091732404252,0.77108032344757,1
0.059790118377949314,0.7684111487971833,0.03577670946578402,0.2701524022293302,1
0.16669844085898314,0.10737826560857262,0.08642949609617832,0.3389461759773189,1
0.8480769089504261,0.23207184009340373,0.18097577999281333,0.7333211012897982,1
0.6046256376002178,0.0939066342872743,0.8438797528649189,0.34371679561729884,1
0.8186998740793162,0.9729326134984629,0.6463556513393375,0.4043396839664255,1
0.5680981753794636,0.0242577739833683,0.8128795095499821,0.02659426463523416,1
0.07312143802684432,0.266894691314824,0.9331221532441387,0.525215992553725,1
0.5732251063536354,0.3117723090603247,0.7841280126563303,0.46209838696059874,1
0.6938856716474541,0.556312304321466,0.503004348954377,0.1796655164143937,1
0.9107700924425578,0.658771221503343,0.5085286784420698,0.7498160398437044,1
0.8821048036572158,0.5301345639621351,0.8010401373657944,0.9853528598877153,1
0.6431931951430457,0.4962711795293911,0.44793771922322867,0.48528648524114154,1
0.4336484389877537,0.17000597130825573,0.2896732637998502,0.5323294135347287,1
0.6527328877440625,0.16218346446066206,0.4710449148675585,0.9375181930386455,1
0.09860585051284611,0.24717256019471676,0.5948898085806658,0.7972880422477951,1
0.40187968948930397,0.03852898951502544,0.3467372857461779,0.7059455021128145,1
0.7980235776656338,0.40420120068408844,0.14832302224841157,0.02083050698830517,1
0.6304278728823104,0.4931711119566208,0.2815979482627893,0.6349893618078949,1
0.5737477803044997,0.13806650146601457,0.7649364226403411,0.9104613098749016,1
0.9300735196177675,0.6147076276939805,0.8463049987159755,0.463103199627803,1
0.060697880372016816,0.9023618180831166,0.4992454843642133,0.8845903732986041,1
0.1486322301446719,0.2483730756514287,0.853125187280193,0.6694557203899892,1
0.6297741036971726,0.6789908505339107,0.17828041743679712,0.33279547437036205,1
0.6529930140971948,0.18347484967880195,0.46801606851848293,0.9387493508200994,1
0.8728676426858426,0.8930921902222364,0.562216245524458,0.1294662688709128,1
0.937232126830736,0.2168850310413852,0.030863071706982027,0.7908728558305804,1
0.8623394394827685,0.2969031308201401,0.6892264672414724,0.35912948320271554,1
0.38046037635430213,0.3074076441379197,0.10719651394418694,0.5131302409881197,1
0.4627531148794656,0.11683340733298464,0.24964734569090238,0.4857342755151818,1
0.06157588409436035,0.6516854717171863,0.7830860804264224,0.503648364878399,1
0.44468886554130155,0.7261079549586079,0.19991251375816121,0.293350057914793,1
0.9896723835686655,0.2337029969470462,0.6210908743630683,0.4389964078975729,1
0.6252785391586893,0.18499939546164573,0.30348901923854954,0.7970103897544972,1
0.2744241822898059,0.34603582106517117,0.6074133403931563,0.8609833919251927,1
0.04641808826560888,0.2558339384803496,0.4429753484866871,0.39024017567188785,1
0.37268949456358863,0.3168278241492352,0.8689764616064507,0.7116852734407476,1
0.04777167193955742,0.7365289913615679,0.5026651026655921,0.19442686561236808,1
0.545517030083805,0.3078101651711716,0.7975179162923866,0.4737211393482786,1
0.23295090542318891,0.04001185494811066,0.032710557122221845,0.27474452507165137,1
0.36818434110230486,0.5650948711804237,0.5364525083881934,0.21797614834208087,1
0.6955544800922571,0.6441236839528732,0.9599498752700663,0.09201703833497973,1
0.5886258928533025,0.7656246713486448,0.44191309250489413,0.8174814857289212,1
0.7487183770705541,0.5368129536987797,0.11861264589240075,0.907230395209697,1
0.03133078065363679,0.6567820435343826,0.46429599023982837,0.1969445838990325,1
0.134114310994362,0.610648203753595,0.7753565941669621,0.8274514095373199,1
0.8391218645086086,0.5095963527581834,0.7826234824712683,0.9773962126267242,1
0.8746067658785397,0.10150913143549001,0.8427517464613352,0.7338427847092678,1
0.8955914399306842,0.6898413439922496,0.4525175194969614,0.047703524292448195,1
0.20671326432851417,0.84844883388925,0.33155737963997256,0.8133050275558222,1
0.659038720557213,0.14382156950651637,0.758467266064285,0.49941501890145906,1
0.893562343485955,0.7991425205065783,0.3977081132144927,0.4014830049352247,1
0.6094046951993555,0.489891455651911,0.25213388111391927,0.6577294052140464,1
0.07037862330611293,0.8141839119091029,0.4404170374169348,0.8229037440401794,1
0.9113769296835448,0.5062952386351633,0.26156031070865343,0.19686849953673496,1
0.738559047516594,0.5926362461579568,0.14004244537556065,0.9154007852774751,1
0.5386681879439473,0.3743099191442065,0.09043801850287324,0.3050607231961566,1
0.2674883937446366,0.09081052412370799,0.35910278524928374,0.21685270979716095,1
0.5736762160267854,0.16307246706560857,0.08981646119608763,0.9827622467261434,1
0.32892438807471697,0.48850086601858367,0.9517615339044001,0.1258719937216551,1
0.21844322339993005,0.39974277859044227,0.4864177099568045,0.30894964776704614,1
0.9671788798695077,0.8166266736862132,0.3831624014533481,0.3722205388473497,1
0.6575579134506926,0.5021893094781051,0.9009556031152123,0.9898686222611662,1
0.6880910708436264,0.19869854402351073,0.4837388169270784,0.8378237157706441,1
0.31175144511920705,0.2092657929426096,0.07419078509663973,0.42959476228964605,1
0.8055858599330478,0.7663494746220713,0.14894696981563812,0.686533710276289,1
0.040565946997540375,0.2948151485543354,0.6224797151525954,0.4882247649322079,1
0.28397436847072377,0.08664113444991688,0.07069043601265106,0.7079013145260499,1
0.7674083316014976,0.32038586153454296,0.7175929254010048,0.6118781840095191,1
0.6937286130116158,0.3133845224657992,0.9049766591075186,0.7548426888569646,1
0.7772839887509156,0.7622556055007867,0.161086906110289,0.6914030545780462,1
0.6483771190047033,0.2605590338426721,0.2585937753583757,0.011595974920509714,1
0.2517541956384647,0.37680349492364806,0.30423557919380667,0.2141653879561977,1
0.8822198105450744,0.88221391063574,0.5549326563134922,0.14399197752192183,1
0.19075590146633728,0.6724642192298248,0.1271303315358911,0.6374814451755249,1
0.6296380463084937,0.6654663230689387,0.4089763648244429,0.9150054029259733,1
0.7996478986339419,0.13486938257343514,0.1849394240700559,0.8184760958056047,1
0.7982057652322033,0.0953096747675874,0.904969268918315,0.2328194363312696,1
0.7916822996425172,0.4471216594295195,0.9918440320942056,0.5596927601305505,1
0.685303503362053,0.9701836158538771,0.15971255332478124,0.9962310184770864,1
0.7349927781819909,0.9292455359397102,0.6205550469357314,0.48588999450877063,1
0.9224020759450035,0.22209035805757435,0.06529424763253887,0.7817436140336379,1
0.6181227496974526,0.3389681032575001,0.3050909860769092,0.8981124221824048,1
0.8617971563097403,0.6357801889876141,0.4012680321676836,0.08165191167185393,1
0.7804229308017832,0.9510189577899918,0.9148080448293806,0.9011192990244391,1
0.6244768348224081,0.7498137888153582,0.8554630823830554,0.55690530688975,1
0.872590569224791,0.46295455632966376,0.27545053909857564,0.477769367245206,1
0.6181144536802177,0.3599752869708846,0.4423954709963076,0.9772924892092293,1
0.39032960445638387,0.5853176374010591,0.8642765348393804,0.8673529457460797,1
0.720455808572282,0.7167064008849683,0.11878928751003695,0.6979930678220836,1
0.03379818918227402,0.9295389045431448,0.49667792078386785,0.3973414769357851,1
0.13990435213894217,0.19721702146235492,0.4582389976540053,0.62885988688977,1
0.5820363270060601,0.5173113787706716,0.5019117316030086,0.5007065339906592,1
0.022690984917597547,0.31714914228746927,0.7428158233493776,0.42730813107667587,1
0.5827317814731436,0.11584736195019593,0.857396139206388,0.3193334094089422,1
0.7827580051139047,0.30487169404724,0.7211580889513483,0.5910159120599681,1
0.27630402149246913,0.15187897689406238,0.46831226515998914,0.7133769683068021,1
0.9317089916342941,0.9141947325763916,0.8531279126455551,0.9303889819769299,1
0.49990232793817874,0.39772388815970333,0.05211238605997425,0.437685257178228,1
0.6916255328868265,0.06482490708079809,0.689141385254586,0.6104625965811561,1
0.18093599622717083,0.23121676737371588,0.7401778426991495,0.9216080540319928,1
0.7081298880976694,0.24565452250005898,0.49623351939124005,0.8153451822572085,1
0.6515463778286414,0.26358691181222227,0.2534536540668443,0.012498377519209444,1
0.050217883290378226,0.7400281364621585,0.508148402019509,0.1976559155350907,1
0.5978002271954579,0.6726474887723239,0.20781931541516885,0.36061717746195276,1
0.4936844659216183,0.07480563303678485,0.9058182879467339,0.7069161791102745,1
0.33473045119070827,0.7872520199586676,0.6931765196044001,0.932465577069039,1
0.8223455214858861,0.7940529448896813,0.5674462839968035,0.06048556765395797,1
0.3198521241518633,0.4338525365176495,0.9272353971302115,0.044369827812357585,1
0.32906180783579886,0.2713545827579309,0.6472542016795246,0.8652069750790121,1
0.13191468120518032,0.20279925534413257,0.7058677411178151,0.7156565233444516,1
0.7565023158787231,0.7589370193825605,0.1606896911534839,0.6742463158926084,1
0.1553825383492797,0.7323629574362107,0.03869390687578256,0.7997460471154378,1
0.0991514736206674,0.81717471117735,0.4174097955896019,0.8037484025240704,1
0.816056348672197,0.796840435972605,0.5798146635582658,0.055666625694856184,1
0.8889708085332665,0.6248343381777542,0.41043618604960896,0.12422326295250583,1
0.6543522595507361,0.6904471190162906,0.5413756492290991,0.2436990251270624,1
0.363665406805757,0.843211718847672,0.7898154997190265,0.9146217657756365,1
0.8918795857301007,0.42653142458166726,0.22171704809749754,0.3038210977967124,1
0.5005048473277829,0.3962983565765916,0.03924786646708765,0.38250308014464196,1
0.7219667462901815,0.2739671919492312,0.15204391163523254,0.7107502661379784,1
0.19093495271475558,0.5919751494033476,0.4906677789194567,0.7645726211919762,1
0.42461404981753764,0.34862939021722605,0.4733124034955367,0.6385558929359264,1
0.13943526971910675,0.13811838596184228,0.8442249417939582,0.7707067608970206,1
0.02205294497878068,0.3608122747716425,0.1788022698479543,0.705047985671611,1
0.5899337804048982,0.6509379657723375,0.8699141851475756,0.819598360890348,1
0.7069034724025522,0.08178646433882156,0.6360424161182859,0.5248318994724369,1
0.06310337800830255,0.7999879920968155,0.49604966077224816,0.7837679344704569,1
0.7768989331261825,0.7619649846380158,0.16108134860399353,0.6952505701594349,1
0.4601318279569797,0.2761776563058902,0.704283471922176,0.058663508204033495,1
0.6871460921399012,0.06762688663453492,0.6873894165911137,0.662748092221027,1
0.0979967626872322,0.8457944995892617,0.040666804904582354,0.44232412139352156,1
0.38402016510673265,0.9645475161082531,0.7047500853249407,0.23021453642873219,1
0.39491808151045077,0.5068797656261875,0.5124989596591663,0.2234463751410526,1
0.7649851332932003,0.19124566777981244,0.463159343343093,0.3259221930800478,1
0.13098770239749316,0.2598129576862276,0.2690804461748044,0.8400275087623942,1
0.34544890458841976,0.2248828533768335,0.3323891278881644,0.5850043202548996,1
0.3800623810996879,0.6339488776824036,0.27056727137875863,0.7142470877583484,1
0.7061458899090343,0.729727815410707,0.7515587525281698,0.9568187067330256,1
0.8710347547213235,0.6320591811075232,0.4043847175156877,0.09612390990507749,1
0.7837050842104315,0.8692452637594578,0.10889179144622332,0.8998537271536963,1
0.6146557127688784,0.053163364485669114,0.8396446517378111,0.04991231769926018,1
0.16130761612290143,0.4760515641395221,0.1235516573359568,0.0772034673645768,1
0.051883954656943884,0.6340883576730442,0.8422096086057496,0.41456322939096873,1
0.22069297611403402,0.0814523965640237,0.31752018077131994,0.30806830474729713,1
0.046928146786595556,0.73280339707027,0.4971775061293051,0.19904489047955673,1
0.5734236524622327,0.7683865926253463,0.8887884738815501,0.5811912817144024,1
0.21952738191981527,0.3286398698054649,0.18761973263169313,0.9243489321879813,1
0.820349642320275,0.587312222063462,0.5386902176146426,0.7737366297817764,1
0.458242102367202,0.3600453040802538,0.04898394639093659,0.38830747162233575,1
0.0640016526689058,0.2179813345997604,0.9135930383702642,0.5964301662866702,1
0.39612499312484006,0.1922985162587786,0.35905078249450467,0.5892733436146432,1
0.3191292931208733,0.9042271281841107,0.7382648525875742,0.8368077666091304,1
0.834460186064448,0.701748403849297,0.042716465028395975,0.5472309682847992,1
0.24775824156220858,0.1912163394081421,0.06298780120637074,0.6894179294124819,1
0.6242759262955948,0.8431477066303833,0.10000930949631846,0.6730399293458483,1
0.20316918479433632,0.9129032044235404,0.7182046794997431,0.6204454374462876,1
0.6371133914865954,0.621958953914131,0.3887725224336425,0.9340812643886857,1
0.580414031019534,0.04143299562550574,0.8076526659288343,0.037879634819739605,1
0.8896548872112682,0.8613881862421506,0.5379417561646506,0.15987009354745363,1
0.11456303082766081,0.792318790182506,0.1717375665559952,0.005855461723878297,1
0.03583335638137525,0.49388908146569716,0.13443570246946318,0.14450414385036034,1
0.014996282421218015,0.29769585775446783,0.7562263659260221,0.40412124549783857,1
0.15381771688809712,0.24896482231528036,0.8562871423786641,0.6699947099715061,1
0.8456972999228053,0.3306645165826868,0.19387248551884229,0.2350719849829371,1
0.6314087162069459,0.7579010624980967,0.1086051901331474,0.031987615769972506,1
0.13322788472470115,0.20126950129841065,0.7057444695379115,0.7143884617739567,1
0.6432746023188438,0.6069917491944459,0.5640613315402607,0.22238973826653802,1
0.24701568164442364,0.11015211632364154,0.7830240043109955,0.12606392750853043,1
0.7500553455051723,0.5708076909230534,0.8686554584455892,0.4669624745566957,1
0.9314193628717194,0.6001441191501404,0.5390543654125705,0.796103018186014,1
0.8355996632295964,0.1549018469642383,0.9793104077823258,0.4641209385755471,1
0.6270186536385912,0.5826174921169376,0.5653461630582721,0.19120313995292762,1
0.4374832277971365,0.7291652450106455,0.20501259921386114,0.2952111524275772,1
0.15195899932064827,0.9562207589046151,0.4723810753319996,0.6213361948246733,1
0.11425082752884005,0.9136145276199787,0.3310191970873494,0.3508621416770855,1
0.9449125864005637,0.9432530250760227,0.888047497163609,0.9441531062577964,1
0.8393538231034016,0.8951171344099332,0.10363231850805837,0.8370316912423349,1
0.5298561023856471,0.4402446407349215,0.7557772645203042,0.27499571404394046,1
0.9676463395549358,0.17348322491612367,0.22956869658372675,0.7458761353451124,1
0.3585049943057355,0.30992724128412225,0.0981655660868266,0.470019253536446,1
0.45816803678717605,0.17835994066425917,0.7804720199309456,0.3226272393300675,1
0.8727366388570565,0.8894137380864349,0.5677509165001442,0.12774069052502918,1
0.1770686832059882,0.9298884618768865,0.9847304072246454,0.5999417810135745,1
0.9207926140717388,0.4898454445878329,0.860353616842645,0.6321249232545766,1
0.6115609904802328,0.12369246404112631,0.873700511419774,0.29549987976781256,1
0.2369954228268557,0.09373780038168776,0.7894690750711425,0.11612506715347998,1
0.7629308534770568,0.8530517748601807,0.8779728444446506,0.9097789635253618,1
0.18202130883823908,0.3998470942457791,0.4875999706509296,0.8688565508879581,1
0.61819643735148,0.30931717018356464,0.7974342547887412,0.39490308324774365,1
0.7188327761577138,0.9713339454864897,0.09137224790575793,0.044658532410818824,1
0.9391715936731605,0.4409490134927482,0.8607153574860487,0.6476519563299846,1
0.8415636392091247,0.3199393143811522,0.1980892694131353,0.2622957786434569,1
0.4858264583896926,0.4963330809484722,0.14450486231865176,0.06227714305465429,1
0.3431629084899866,0.2685094769327689,0.3777798507943931,0.42878137556417806,1
0.6569131511166516,0.7384728949849805,0.8633322089056285,0.8310977949337344,1
0.7821772595440075,0.8680439633649055,0.10754988655229926,0.9050990971820804,1
0.4443908452501839,0.9629328023113867,0.5366997683360184,0.6728247170123008,1
0.42849641018696455,0.051343834558804875,0.3867612210645962,0.7486599053173144,1
0.12399133282167196,0.9442047146609758,0.7410551338501064,0.6003408346414271,1
0.4230603808097673,0.5769836750964097,0.5714676515452891,0.8859418977125223,1
0.512410206329836,0.3686919195734316,0.1059065905526875,0.2885813430049988,1
0.7003443672321923,0.9311093476167612,0.926909461556455,0.8666797415076625,1
0.7937901881010695,0.0709063161594781,0.927326060454333,0.41616964354754576,1
0.7340353290616062,0.8903075400018389,0.10042097964102163,0.01925868668072614,1
0.147369600231013,0.4263474450736515,0.4861406664513021,0.08634585845170262,1
0.8153815177504578,0.7993645100055989,0.5750676474242191,0.05638173630658976,1
0.5231773916047006,0.7413462871674154,0.8997341722527091,0.4568899600620956,1
0.7141495466002407,0.5328128985150835,0.9694919473906985,0.0036843870135088094,1
0.6132043664022507,0.17246045273409588,0.25172494672249973,0.8167864350952375,1
0.7635856210158302,0.03037725081113002,0.9307083731555061,0.19364131598464274,1
0.30106151705122464,0.4598910841453981,0.9332105475554205,0.7564563227798782,1
0.5783348789440896,0.7708447527679506,0.8897059457847156,0.5951123543441764,1
0.1624523071577429,0.6803123860182098,0.6681727748852498,0.6719321261017087,1
0.011741124896402612,0.2968226312771765,0.7618073736950853,0.40853289669901277,1
0.9668096654872438,0.6256347899306687,0.8501698503886155,0.8824872932192859,1
0.052885305631906326,0.49318078070114435,0.4567753658968715,0.35342652799039764,1
0.025215247466267285,0.7136158975048151,0.20848254270471334,0.8863780433092594,1
0.42514409219955535,0.3972216321651496,0.7512625107323873,0.30351844487459584,1
0.893603535968053,0.7993263885223257,0.397439170421826,0.40167033699649657,1
0.6215380955925833,0.9140352739833703,0.7318531545260218,0.3237915132362426,1
0.46166085393686107,0.891175948618117,0.16569512290993393,0.40369515004757467,1
0.7294739409392983,0.631586569316288,0.17039462269650252,0.9257978333999305,1
0.5001139073609708,0.2728108865141082,0.7231830725510078,0.06607531827252852,1
0.778096804917136,0.16075530926176412,0.16038724676410393,0.8224515066185458,1
0.7314353599525202,0.6717334185979902,0.7797266430293337,0.9774961823186169,1
0.6784788396366477,0.11721377057508395,0.5988412536425283,0.5681008311139756,1
0.9318899116697861,0.711874246167568,0.8861518217918485,0.6989838408835144,1
0.8117827750959267,0.0214831190443217,0.6320832914213476,0.22686654792148453,1
0.8705330923773018,0.2873614666146234,0.14368036466523249,0.21782548348756867,1
0.5459780083043251,0.3239167251697386,0.24517612191828714,0.273553813712195,1
0.06489492949142533,0.278440399503679,0.14168082086665484,0.6472448082493594,1
0.28523922810897084,0.05801624206552558,0.3895758662428856,0.6982508567735576,1
0.10355860639724888,0.8522391292884051,0.04434680917423553,0.4377946924799052,1
0.03369909914169411,0.20828969447326373,0.958225176828093,0.9388117433516878,1
0.9288963355113955,0.1979255873268177,0.841993845243774,0.7143275043478199,1
0.6401028754980214,0.37704420358980506,0.06991145628055763,0.28053588206066155,1
0.5024625923890627,0.4763034767029431,0.6063954262385134,0.9464440019977755,1
0.27614072864138184,0.6254217380893365,0.8955161663937468,0.4749580057890834,1
0.6699301912783121,0.7901137137762616,0.3906024614033204,0.8781335276946328,1
0.2657427675247702,0.9802222748726166,0.2502691586432532,0.7526139490650119,1
0.6254124968830008,0.49411914790172684,0.27337781029912783,0.6408899367571713,1
0.5490219513671375,0.6443078670490634,0.5786972450263875,0.8480667005590372,1
0.1348441545690912,0.607893949847539,0.7664371131457605,0.1441724591280675,1
0.5932963675372006,0.10757731293751416,0.8937572133349554,0.33717776636177976,1
0.9212639434410121,0.7400778614248726,0.9968413063023783,0.9265488160287108,1
0.14286377427258082,0.6079337570768573,0.15279746659798854,0.6148065959641578,1
0.5444839832599019,0.7583644299663813,0.9751727649059615,0.6422504187818702,1
0.7983708701899151,0.7466152964517012,0.137910795317256,0.19401792477699215,1
0.19078724541082825,0.3661031477671136,0.029748829846549123,0.7216404553289073,1
0.5296237646423881,0.7447860243988979,0.8979056163538178,0.47213447138410275,1
0.7144199177267827,0.7175709828151853,0.7525686542887892,0.9646536978341651,1
0.5254108198316297,0.08399322170468954,0.8800683787940573,0.8539489101205919,1
0.6106802329714193,0.838875469264884,0.1021839282735997,0.678537576670083,1
0.701273734130928,0.49857417055863923,0.508404492717571,0.9152342728071147,1
0.9690934474295999,0.16339867152081755,0.23703177342293608,0.7348782120541821,1
0.4660996683831829,0.5679717022380091,0.4732674487087576,0.5230374863498222,1
0.43063132059671655,0.60421622688167,0.28417560186942453,0.6814364157294126,1
0.5380569119301845,0.07265383997008908,0.6261278411238177,0.7216921557851759,1
0.4465769909198243,0.2710456021781208,0.7095412363954344,0.04908155443220032,1
0.5523611465005771,0.3080506787137052,0.12248191570439912,0.056683248244468576,1
0.1542261641408241,0.8178571875092606,0.38100289239486435,0.7582099236180384,1
0.10756609536892407,0.8568826942270124,0.046998371730693725,0.43453109188886135,1
0.5757025843188176,0.03486259209815009,0.809652201799805,0.033562401679302495,1
0.4568182254681461,0.1545882446693002,0.24445160855400305,0.47972878805524954,1
0.37240344515381896,0.05450894517153617,0.2784009183395682,0.6922433377760886,1
0.8181665600278732,0.2909262121388134,0.23461868252228443,0.43017584411712523,1
0.16240874118534018,0.6648997239260216,0.16985680987887838,0.5828738451221424,1
0.8472672240214781,0.3000804680090134,0.6809295294525952,0.36252944818267946,1
0.1269101072706381,0.7269156045630851,0.05532950099366479,0.7858914869708138,1
0.134129696250416,0.8193998558656491,0.38863255752290593,0.7795880862646476,1
0.13743095527897675,0.14653676288102047,0.31936259470733624,0.33611235299514675,1
0.3247878190690577,0.6010087505617403,0.8402530122924509,0.7151583055731559,1
0.8119186931797303,0.17237062402007977,0.4198442058889453,0.614463510911785,1
0.3833126119710653,0.7600109431180759,0.16328193546355785,0.19056021526954656,1
0.9869835368909236,0.18791194219470486,0.7943768200532245,0.4426127419790499,1
0.6802501013737511,0.7804209803858385,0.39420622877301875,0.856198591213156,1
0.1305924060248275,0.9253690400992076,0.38336101051758587,0.6017916994941022,1
0.5807344079258571,0.7117150721502027,0.4599197979788503,0.7597329387919052,1
0.5894609715800876,0.44888292619680603,0.24910745146118687,0.6718153970595822,1
0.30349627578020316,0.7853790050797975,0.3057953577673505,0.3292720804492946,1
0.6865401299468139,0.10120871115350792,0.6455645767744229,0.6825785746565848,1
0.9071189314486042,0.5342512393967777,0.5143652335478609,0.9042103223046859,1
0.4291125310731467,0.9583647954329075,0.8740440504991258,0.7185784852381015,1
0.7963997948656375,0.28661131809730744,0.4661264051232068,0.9505811629963686,1
0.6304352614427773,0.03890269729194822,0.39842602568140356,0.5339964271396507,1
0.05617535562710373,0.22782719402923127,0.9314932237590854,0.5611576592541395,1
0.023231465571790233,0.3448986218090349,0.5090912047912423,0.7175446753840765,1
0.49065044589134166,0.580032205543843,0.2260051197511254,0.6575569951674387,1
0.12505699882950805,0.6421641271039082,0.7853977464322772,0.18411458712577114,1
0.9219718480462953,0.7364385105120597,0.9908563580891315,0.9101133262679955,1
0.21847503873636184,0.20007423344989067,0.02810192614731019,0.8292652497762152,1
0.11351610365836202,0.9641080139046493,0.7392270801989042,0.6121373694719776,1
0.3273093975614837,0.2728316830568883,0.8680465209191327,0.7228854363542931,1
0.8687810472719568,0.8753348838017403,0.36211614749313775,0.6058466401065863,1
0.8168661013123499,0.8283961211199861,0.5505281292006601,0.0659819310718816,1
0.3129902944416022,0.7461096787058588,0.34136738310985837,0.8599776615028754,1
0.22824022866125943,0.3823972395143367,0.045372609748910206,0.7705481597114432,1
0.7414842887594227,0.8697442105512186,0.10407446567691256,0.011625349866370585,1
0.772982734792931,0.24110092302251482,0.14256912524219187,0.8578619149998669,1
0.7227427907388321,0.6794188144105726,0.7847880023967434,0.9684666256295711,1
0.15361743261879865,0.6214308301548765,0.1453122155644831,0.6251263298740007,1
0.7007227536555646,0.7330959130333619,0.05366504772115277,0.07157153491685311,1
0.12355232615936901,0.6027842081387977,0.7697565113184178,0.8673775287575983,1
0.868682457014221,0.10953726884860449,0.7172777555701406,0.8895562335022626,1
0.1996562378463056,0.3902705994796519,0.5040750157539748,0.8552032035756543,1
0.4431657070458419,0.07275447544421575,0.85411511377604,0.7049201361686416,1
0.7821992288664769,0.9527900372191715,0.9145378469518595,0.904578589128369,1
0.6549354461079874,0.6313442774960306,0.5605583299985731,0.2386702693463156,1
0.08897316836862924,0.2995127553432859,0.7585840318097077,0.6367391917298707,1
0.6386143860271749,0.6281370643725276,0.4216565156050842,0.944789879840134,1
0.12201188276315852,0.9458232947911603,0.7420271160351873,0.596004589370677,1
0.5211276134253706,0.2979086797226062,0.28998241842489597,0.1261473221018785,1
0.12829711089060558,0.9288893283666636,0.8026502538206105,0.11089213183479009,1
0.4681287911448807,0.9484407825596152,0.49639526770732273,0.7819825797320712,1
0.36702411844550725,0.8415128195156908,0.7959832192655808,0.9160596015622091,1
0.2732844238139803,0.1303700839911027,0.4287164325848931,0.779529491180338,1
0.928259836352091,0.4658211075025203,0.22583359051150373,0.26493563671858633,1
0.09173618647650418,0.4651234711936254,0.6762746652973709,0.6016720290678153,1
0.8735905724799682,0.8552698892389717,0.5349554773940949,0.1413826581459909,1
0.13942353471622312,0.609162944276575,0.7741903637603519,0.8458298771254147,1
0.019057712735719615,0.29726304179520985,0.751344680689916,0.39847273762747243,1
0.6713036359069658,0.7897570477055,0.3905809863023252,0.8768269497594903,1
0.14777952968548552,0.6321984663327228,0.7878004606959862,0.16693337906305672,1
0.8543901827976885,0.438337509319202,0.2957717033998234,0.46418396053548866,1
0.7644462443449914,0.4579107812118622,0.5537785921899205,0.006786927739368124,1
0.8183837674742022,0.8375748521945592,0.6298222234577845,0.8132619076389929,1
0.7526459121880048,0.38350231569329307,0.2844559198801807,0.9403105653379755,1
0.460009854201116,0.07343837982145604,0.8713541729593314,0.7055856640197866,1
0.3739687371668912,0.21042413438737204,0.3525860254616139,0.5804974865700308,1
0.28435405086546306,0.8154837226700957,0.17186990212665745,0.5094856574131277,1
0.350389495790983,0.2519443139187472,0.39832979873821256,0.44851535690514027,1
0.9630743959785807,0.19840855512388328,0.1513672683164906,0.7352097692371405,1
0.583446172769965,0.8853501489641755,0.19673184711016892,0.9386784597394459,1
0.7512678008659917,0.8798450646678065,0.1073601260008884,0.010930382813053396,1
0.15426328455642468,0.23114345962007374,0.02723424026747632,0.8607510773448066,1
0.6676032211180827,0.40349533848271374,0.03613888801116034,0.27519443083413864,1
0.755273374386743,0.9083575963766826,0.12159446972091797,0.9367120674961352,1
0.8828614698415264,0.6272952480810905,0.4083749483189596,0.1146521239168271,1
0.4776233482891391,0.6874187805398453,0.836256099397568,0.11697231812100851,1
0.35797301391744796,0.8777465597028273,0.7991699351157157,0.8992587112335176,1
0.8543723306335902,0.47857098939748116,0.5750265126007998,0.4064713305083077,1
0.04568398715424,0.3826469032312701,0.7009282100268199,0.48901633444412734,1
0.8283367789766847,0.4939767829485957,0.5123853688442269,0.7981487124809072,1
0.3149023481773433,0.7564501117592216,0.1443078766334568,0.13023558740136243,1
0.1284009620175648,0.8826426453386819,0.37156418764783483,0.5581407996634691,1
0.04282730705950504,0.27102479131402757,0.6631119264943578,0.49251042365434344,1
0.6076880361423402,0.02253435155605891,0.33647353657595647,0.6810702548608378,1
0.12900248818829088,0.6058402181174312,0.7717934197459171,0.8479784286590463,1
0.6678524491207991,0.9044166989674205,0.7494309031321966,0.33316879912063924,1
0.41417166218797147,0.49939236419972455,0.5223394593370281,0.14735860035202925,1
0.8374179366370509,0.5579602158191224,0.9311202308400165,0.4607542331000858,1
0.02374777283044347,0.3916026042477527,0.2102243630459923,0.6871104673979473,1
0.2790919204911344,0.18021166920578238,0.06338902240396803,0.7378113576322436,1
0.9069034413825431,0.8782242521565863,0.8113150769338145,0.9121049122038529,1
0.9927592028770817,0.08706715746233643,0.48004940872367463,0.34865508049912874,1
0.632024769669103,0.2819830493361798,0.9003669094368203,0.05205339745845642,1
0.48989481496403636,0.2578464280134018,0.21125109798530867,0.17448692036915753,1
0.7420930830264664,0.25792917657106024,0.1720482882573991,0.6845737698156469,1
0.9205434239412377,0.9143427591418323,0.7076994963029033,0.08753417526477726,1
0.07699511137274336,0.31352461758795397,0.7247759940702319,0.6236655639691248,1
0.29587930065867224,0.22347625376645397,0.0579808060331225,0.4646810921185851,1
0.8781397638591177,0.8900558246329964,0.5614849384533054,0.13470495860606732,1
0.5220848467184354,0.306356269890164,0.8201165807107098,0.4562877356123451,1
0.21400773097060996,0.3380880387050528,0.19178018401216926,0.9066872267541355,1
0.6233320587858283,0.2994446956864399,0.7402538645573372,0.5025126598019394,1
0.7000650932519304,0.617122979578209,0.96226449974637,0.0705901496864013,1
0.9408286004582642,0.38821692886441445,0.3004001229130969,0.19304328936548665,1
0.571732546638948,0.7423890851253445,0.45592339864674714,0.7904611969974318,1
0.6762212288371474,0.5858194493952653,0.5166362383039136,0.1762998651370863,1
0.9963923871573991,0.09026714279987587,0.7447142615930432,0.04795650147329815,1
0.9297571857800321,0.4723945648734358,0.1782116209318424,0.07795614696408378,1
0.15038210986429443,0.11223403817828417,0.3138404069792408,0.3017079089512532,1
0.93762921483644,0.3892588047869209,0.2843282451285409,0.1891100015808855,1
0.6451699366337323,0.29091625970467544,0.944938344946332,0.042359296307898864,1
0.5641241474034215,0.6955622005262357,0.6048450061891661,0.6103160461803446,1
0.23829442153921557,0.9238468836366195,0.4725801342409908,0.1812595133182572,1
0.5695471933745134,0.26176906225812635,0.15544739051965903,0.020147220935165494,1
0.42072824752565213,0.02924605451038196,0.3905873534740398,0.7139910283684985,1
0.02071618647622453,0.31799954649475265,0.7360268983139278,0.43139965388198154,1
0.5896114108347135,0.6412941450458626,0.617232635453241,0.5917067207796612,1
0.8794906606290694,0.14422782433154707,0.8321401978372172,0.7407377826786478,1
0.7282827395701699,0.305785758970721,0.5140470117320766,0.8408154443908626,1
0.6336256290943312,0.6076032845699042,0.31236214811839375,0.9091983582654167,1
0.0453224836469552,0.38569573411060987,0.7001607388823448,0.49000125267573524,1
0.3480968118615314,0.18100311498152027,0.8326974590996209,0.17496625269957947,1
0.2653231668675353,0.5887940582665483,0.14956074705826616,0.6078768983866015,1
0.8386744613269105,0.18110607651555485,0.9058731560862414,0.17589691973819666,1
0.3660514553698918,0.044358534302348644,0.2844904939226123,0.7006366855917462,1
0.5124005523723894,0.6662205993921912,0.4507847632496145,0.4006390459985637,1
0.8489122865740822,0.8976629772737268,0.052439609352552326,0.15406644217295248,1
0.8793715075082499,0.14928479505140238,0.848209054518603,0.718622131027921,1
0.36458174314937947,0.20270888078003613,0.4982594905601449,0.48332254152677706,1
0.7968029588437591,0.24761892401135305,0.171288260235613,0.2812214514463245,1
0.6626332077078635,0.1749435096220345,0.06566506569066306,0.4396028582472835,1
0.5834115377584044,0.6898776956929545,0.8416326544113554,0.8190093991822136,1
0.6637667064794939,0.2930538059755076,0.9484138840856987,0.7406132530037635,1
0.7688316612986079,0.767287445728447,0.16946352623022554,0.6747976806403418,1
0.6580961480963977,0.14385345398544547,0.7896907423506311,0.10654252251963298,1
0.36504810982708624,0.1313599243153862,0.405524002001941,0.20505999287130208,1
0.16780273290498565,0.34578363602256895,0.06655836002697638,0.22167115300386092,1
0.45737349243768993,0.9769937382830004,0.43628162851159963,0.6181992158973554,1
0.8068538934146322,0.9449088976600276,0.8985084984138779,0.9124082454071044,1
0.08054009699001638,0.30716457379995005,0.7229143417376644,0.6328267309135095,1
0.5897763291531761,0.6593881986077691,0.8291893326322246,0.7781285665045863,1
0.21338216449220174,0.30564659980937725,0.5343309494968173,0.6332663584283079,1
0.9460869721971049,0.6145250200313057,0.8149822826570082,0.8719247609758808,1
0.11456836052951824,0.1917672217995025,0.463082132473569,0.39804232471789924,1
0.6291553748991929,0.12038800337157379,0.8845147912487552,0.2899047747966326,1
0.8131485655155776,0.7981292254303395,0.5855331525915479,0.053438600058336345,1
0.5720238656134755,0.01521749813910148,0.8480560290563902,0.02400588472604663,1
0.18981441181732486,0.6744854926138966,0.6718565121711702,0.6696333481847775,1
0.41608011810601575,0.43308700860776694,0.5119549460152422,0.24554903117588847,1
0.17629866768656696,0.9479677342456982,0.43295799551497455,0.21063892281708574,1
0.5521687311627178,0.12307348261800766,0.7942975594895847,0.9338939037880107,1
0.7128436469281993,0.7122993452871025,0.21330461833978262,0.9409867090581622,1
0.7813830365305543,0.9519762427974252,0.914662000347733,0.9029890777019478,1
0.31602818295451846,0.7410146608669975,0.34158740544793237,0.8577450910885329,1
0.11314654021585485,0.788340968951506,0.17195656817613517,0.0010663224834216686,1
0.24091391502912185,0.18492641657573528,0.48503548033537636,0.8963166730149134,1
0.412545616767185,0.10962667528865196,0.3780487158332717,0.19373066927584096,1
0.03611448458022526,0.2651851833366904,0.7717431777924795,0.37189373354950295,1
0.3992898499992451,0.13759689523969793,0.5965412501323142,0.3189201655051389,1
0.5005710633541874,0.6960463579784657,0.8502213260322976,0.08682318910121488,1
0.07128904191321665,0.7890753894136507,0.5504564606447753,0.7782677220299965,1
0.298636506549149,0.47072887351156445,0.8804585677881502,0.6947196472718994,1
0.29911395229575855,0.2180109341397967,0.8209899832275119,0.8791445726538714,1
0.17291345450096,0.9460934880553128,0.4273964068491174,0.21828923728744387,1
0.21387395948393756,0.3950993384495402,0.5220829026606659,0.28447684461630285,1
0.36543199015106015,0.31135770850091976,0.09748776034312479,0.47335447004642944,1
0.19510418856821854,0.3893183458617061,0.4923961093068101,0.8407936657045209,1
0.752902337025072,0.45161124011255627,0.10195847351506647,0.9551719792787087,1
0.14282447177776267,0.608015536842456,0.1528349420150603,0.6147585325702839,1
0.17907481143398638,0.9434452152074909,0.2749638762602741,0.7445386819782811,1
0.7726747559271656,0.22435789868653036,0.14684193279684368,0.8502265004595219,1
0.4638706967384416,0.20496156215672248,0.0985681609774231,0.9761803533432558,1
0.5725961474818343,0.23329803771763974,0.2688245578191838,0.7171711516033293,1
0.8373449749480697,0.8866392474215595,0.05118669424886583,0.17644941666985273,1
0.5968294759695545,0.3194107246073986,0.7969822676208983,0.39198612964497503,1
0.9702537470974902,0.8414468906346043,0.41870369938785634,0.3456554872498394,1
0.21843368330508278,0.2547918165121961,0.47109627743248367,0.6485982312667832,1
0.9224503976465172,0.3478207408955568,0.2742347176680743,0.16058822473905435,1
0.21470879517720984,0.29836050513392887,0.5233304279739934,0.6348313887117099,1
0.16348620125805094,0.13168551894903777,0.6580173757200712,0.3821535029948779,1
0.17954792172557696,0.5982382254012338,0.16560879081940164,0.6051437529501925,1
0.6676354325106761,0.2475857568945378,0.44486367419975775,0.9327514963457264,1
0.41171066854769456,0.36573414314554686,0.2615259045263489,0.06918665791683817,1
0.6895057957538896,0.3377994152507277,0.43202723126733383,0.935854470418532,1
0.42143171526957107,0.2415171709915303,0.8533924144017698,0.5799023655543358,1
0.004650121638987748,0.3252302681941138,0.06383553377194158,0.46178374769830444,1
0.44040965075635774,0.6024662359658791,0.5458209961348585,0.9074449634700925,1
0.4272644960894003,0.24222042589783346,0.7427385500458807,0.028956956268494684,1
0.1857047704473156,0.32571691695589466,0.08806109660165093,0.29466126083590033,1
0.5837232460797106,0.9452628539089414,0.9424490635378683,0.7473092813506832,1
0.37547142181311544,0.7137104230548676,0.3124592436704308,0.8215246160525499,1
0.6544745387203856,0.5186823541276497,0.9949086981378558,0.655411870327246,1
0.6657007069438257,0.4987141419750023,0.8871553292019824,0.9872470678239074,1
0.8607044705480307,0.38408573485262026,0.21350955971128918,0.3150288491490417,1
0.1152306943297548,0.26039431808001995,0.8327215260717726,0.6565112496852751,1
0.8709244856028807,0.9136649163084983,0.581179781990868,0.11958368108457607,1
0.2752262752206869,0.06020690564049817,0.3875552677079164,0.6969587000048739,1
0.35933113987227616,0.7728210698607957,0.15341770663689325,0.1569884126937257,1
0.3533893980196639,0.7744979360437615,0.15149410118797915,0.14968808738096512,1
0.18338852825066518,0.13187618773297613,0.30954267464657426,0.3451116492735046,1
0.8765127110048406,0.8952664990549253,0.5657517560620857,0.1313856211648099,1
0.31222688954098937,0.20888044338816003,0.07355466630877287,0.42881551428200904,1
0.7042921408555537,0.286600239864149,0.9583320147856472,0.7779922440054421,1
0.05328295089602158,0.720041711741734,0.829919505204126,0.48992463002404063,1
0.5030636091725117,0.302040950097169,0.8282111674990269,0.467289143198702,1
0.43944340910927837,0.57276557218629,0.48557837939042775,0.4895199388560543,1
0.4015397658237865,0.629249606628282,0.47090135149555024,0.24883454746016265,1
0.01164766378599815,0.29694284175742586,0.7617689501839254,0.4086733177044925,1
0.8473519669377602,0.33254106728406035,0.1965474900779861,0.2306571213043281,1
0.3826831496819302,0.2559460523255368,0.2800951961262989,0.36766792804730786,1
0.0980996011848432,0.7550534552683618,0.319315727524276,0.6788454722376169,1
0.6351027014880218,0.36691777311684026,0.1172039444093792,0.7233013604611302,1
0.7824165842536982,0.8682321399760676,0.10776008802778834,0.9042774409496269,1
0.8877083028670505,0.07624463634397219,0.12582075607201626,0.43557362057122234,1
0.24692426954488372,0.834434803688088,0.14144056633912352,0.04558094383927211,1
0.751026878618933,0.5861812151965597,0.7595151982740842,0.9847582769304545,1
0.6552020583434977,0.05118170553842105,0.6643212964427256,0.6801093813527329,1
0.11023496898446478,0.668994582472524,0.760097152629828,0.21457610495933208,1
0.3344002095149326,0.6454453779482707,0.6926047718148187,0.6575554505507107,1
0.829486275140713,0.3038288267209366,0.6711414908546992,0.36654044468550917,1
0.18840893189679309,0.39599242542135493,0.49273048958589316,0.8618898769225861,1
0.06421163917658894,0.5373640964390657,0.40392723543597175,0.39756724254554976,1
0.08193576119473012,0.4633326301862754,0.6692620554427611,0.5746212154654339,1
0.6402685131210133,0.7593934716995495,0.8329463379599353,0.8749607520612281,1
0.6358292791614468,0.4094992314793964,0.059852767252312394,0.6356182758139298,1
0.20986924382751757,0.8994580724068371,0.073173879033905,0.2321957950683553,1
0.21829482896834632,0.256922650256089,0.47351146568324026,0.6478795458962981,1
0.03484477517713043,0.4183802776794279,0.25327121772515415,0.6507313928201792,1
0.8729004375251268,0.06761043560925975,0.8520691428935074,0.720871007941048,1
0.5707513988473447,0.768241107073828,0.908015031286051,0.6054647499309931,1
0.6252825410302368,0.43509623522191077,0.8863797118961967,0.4780682126655156,1
0.05048810837180327,0.29435533635043115,0.05749977792002851,0.9052688413317753,1
0.8766998910420619,0.4600217476670203,0.2722139477539948,0.4965983789471873,1
0.24156250764130802,0.04336426063297704,0.1596104370838555,0.5020571132043713,1
0.6020199606689182,0.16439416154463346,0.2178607457673137,0.8190582869205669,1
0.27840098411323694,0.4805091817462186,0.985712175214703,0.8714097936033123,1
0.583727241136245,0.16975905384488466,0.18720951183602402,0.8331297961707104,1
0.8317824027701407,0.9529046815364391,0.6694968744863539,0.43657588673007713,1
0.8492486998169088,0.561621224022472,0.5266874656901828,0.7399842815343334,1
0.7537999272741297,0.4409117939520678,0.5691961476623713,0.012226618120719278,1
0.07385422671576262,0.47553080312299145,0.6799196457824606,0.5785895551507403,1
0.729317040244245,0.15005794833633426,0.5598948853591379,0.25516961554629003,1
0.17474399561243617,0.8708923637563218,0.29128142646002436,0.3471080940054603,1
0.2680669316881713,0.4895647952046753,0.9813702472345365,0.9167305043433827,1
0.15216275053864822,0.37666798319539735,0.3355599043187235,0.19227995133938183,1
0.9077397007075027,0.8766612683304666,0.8345676726622596,0.9133342166875287,1
0.5307583111465591,0.4665746702201073,0.4172104923132864,0.5582387531452468,1
0.6195654177511469,0.6768247919462361,0.187750921558727,0.3417418614461545,1
0.3077134586079559,0.7753152512184223,0.628534928702739,0.9334345144633291,1
0.7466951081502966,0.9577403268484334,0.10349164943987493,0.03166779532878675,1
0.6743199777427882,0.4790433907799174,0.5528992553405014,0.892368231532101,1
0.28874998339046926,0.23570927170707448,0.8640699229407162,0.7473103913090945,1
0.8442681290339848,0.3285039483929179,0.19266606694885172,0.2412524185057306,1
0.1620425826858999,0.11088046808461846,0.0827324802023753,0.34070352319285974,1
0.7174817983677524,0.9739934625046389,0.09099182240142015,0.04586514389437501,1
0.18998884253996906,0.9453905452363234,0.44616410440301746,0.20034954094783183,1
0.1737332888756306,0.21824434819394328,0.018356100244715234,0.8527632117169185,1
0.7494793438544561,0.6754145383841335,0.3888232450761108,0.3630507385218219,1
0.7436733043451249,0.21460696207575763,0.15510777581294885,0.7528083837223872,1
0.8575451654020861,0.5574720520081492,0.9429288514211094,0.4560454115156448,1
0.39822986862082477,0.14442636978332019,0.5937305829618947,0.32036795356958936,1
0.9884255315810677,0.2188013890454766,0.6400451691383472,0.43972579019380437,1
0.8339639107122612,0.28991430835663123,0.1985482323357441,0.5737901052403597,1
0.14623345937950605,0.8681740085564119,0.1866071654622576,0.0678270364671784,1
0.10867166521708752,0.6862840332408084,0.7563119337731504,0.5767718115173752,1
0.17979329228878232,0.10776338879879796,0.7330939331578928,0.369498842816917,1
0.7914445205390204,0.4738948134423343,0.5926858781587513,0.368410134890529,1
0.27204687425172847,0.9776911468260275,0.2535534978460573,0.75596899911699,1
0.31145496138272527,0.021397382135635478,0.7147631810310295,0.7645103029732399,1
0.8098381643201603,0.14341100308975185,0.9103356917555159,0.21242592132447335,1
0.07624682026479082,0.4996543571198579,0.480916205364596,0.3774102111255912,1
0.13464595013028258,0.8290624141082992,0.8517278250767675,0.46766314418766775,1
0.4746074494252329,0.9689982377025519,0.8562993706526024,0.6834042797789489,1
0.2144976710743784,0.28974225389118813,0.516049545867136,0.6385476802998874,1
0.5778915575888349,0.1445257712435851,0.8758977654025268,0.2968574466643975,1
0.7536190180155427,0.40441830809044826,0.25571892429457377,0.948268186357336,1
0.7791505863503383,0.48477236866122186,0.5273742651757274,0.003031822948915135,1
0.891471417566263,0.6274032036130819,0.4133855644714539,0.12354912875095575,1
0.2941970663135831,0.29753574000541666,0.11529421133788686,0.9926083299093593,1
0.6471610269019705,0.68833117698137,0.5359182898034536,0.17263959670547152,1
0.32460432535974076,0.3046644440813076,0.07862976993496902,0.40869772553731276,1
0.5419069766731566,0.4394103365940367,0.39196871978926195,0.5340049570147872,1
0.9529997275906977,0.13276412557296463,0.6778062052741181,0.0804920023899379,1
0.631000550035574,0.16007134027402287,0.8191427951256901,0.5346739393175169,1
0.2184859920621521,0.27761545949122923,0.49200962701686957,0.6392873594487879,1
0.37779627127309584,0.3480663246316444,0.748528715207566,0.3166016650789241,1
0.2094337213049815,0.2031031616884851,0.024443119429532804,0.8343018101129596,1
0.285996083206302,0.437012217038352,0.12723004297970164,0.22045752701291368,1
0.38122747740867097,0.4389363434416427,0.5212627071591825,0.2375725302599452,1
0.3529771422682889,0.7742871236034032,0.151474362457376,0.14940394500544035,1
0.5836820258368495,0.1766165090128123,0.10042543727806683,0.9876767963775921,1
0.7435138180597373,0.3493074850842645,0.5274273181698231,0.8767548318297893,1
0.4864704671223329,0.04662700791650658,0.10264275345838904,0.7137744073765541,1
0.8056929028954236,0.46899120422246715,0.9715945345801773,0.56591777849324,1
0.5125421201463002,0.4270904759765641,0.37043816473906327,0.46651045640693256,1
0.6904585957011355,0.7086418598007197,0.11119035159358953,0.6740118191639264,1
0.41427728699628735,0.36725914855392877,0.49173315017482827,0.6159366786285643,1
0.8402491849039807,0.2809905689622691,0.9321240065565775,0.13892201851947109,1
0.39586855651124947,0.8738607785096382,0.5729722892724154,0.3407933175030472,1
0.9373174353793803,0.8565549409469166,0.32520570539474086,0.43563739623815967,1
0.3247883230635968,0.3148332909521821,0.7432104923305389,0.32755645311290255,1
0.011369395965612948,0.9300424632645756,0.5221093071352728,0.3899706732366383,1
0.5499325494197309,0.5782093366250837,0.15246930711645268,0.9326493566853884,1
0.8450485586018591,0.4956377891513434,0.9267855202129868,0.5867041205647834,1
0.3933838157387326,0.21949219815465407,0.37722724205480235,0.928997158176797,1
0.6429003471603955,0.4041273006492752,0.07270436333264892,0.7656837950422686,1
0.17719736316013904,0.9484653030767606,0.43443446812861275,0.20860794201648336,1
0.6613601845448294,0.2934370381022672,0.9478249157144085,0.7383935763210552,1
0.8461767612015049,0.11461646548616229,0.8266945286522921,0.7511876079190407,1
0.19252267078804192,0.9039288990119793,0.9436147756920523,0.30212402509029906,1
0.04350250562854925,0.5339068857049165,0.16455265127420068,0.20716280271005763,1
0.5918055202974588,0.4312524446128873,0.24671018755271085,0.7099710089844092,1
0.6068053346067082,0.7641109382835444,0.4325614692235337,0.8226176995154043,1
0.8522307308908511,0.6491133172746169,0.40228509936872586,0.06667256426564648,1
0.6880036625614266,0.6962884134965167,0.860119743578639,0.6401776748673764,1
0.5784644343759358,0.7094401256171643,0.25396253760653453,0.08562710841082935,1
0.07112893763620662,0.2949181669556316,0.5991363616197615,0.015908308405583296,1
0.8503359743715457,0.3310979601284599,0.19419130955721825,0.22689733082378089,1
0.31786870664092814,0.781313498158154,0.6542511067117666,0.9334457420125358,1
0.19032867124206498,0.6751504958248055,0.136928290540529,0.6078588015642385,1
0.7692704982266174,0.6558027121280323,0.17838545161861885,0.2149819292756856,1
0.9695212365350082,0.7059745069847958,0.9945923135734587,0.9600722198948181,1
0.4226309177645031,0.5805893926430103,0.5493000027362475,0.9444918791481334,1
0.6987573273183885,0.6249513169046094,0.9615934186911124,0.0768024658492968,1
0.3888188302819412,0.5034840883153766,0.5114952463594927,0.2388956502907578,1
0.8922212173429673,0.5682227289552826,0.9296198792604469,0.45852002130942365,1
0.7391816858165734,0.15945988113282397,0.5385924042557535,0.2715581724243222,1
0.7531063882829372,0.9110992979341216,0.1224159420642186,0.9397578620483475,1
0.5856240753980487,0.665876211710512,0.8166709788157853,0.7706553009330476,1
0.09800136464931322,0.845799831983167,0.040669849801380935,0.4423203736686311,1
0.39045993045279287,0.584347158438038,0.8637013526685265,0.8670056579586937,1
0.9324623412694572,0.3452098445449749,0.2904769091979258,0.13811076015157905,1
0.5839776641645821,0.5128049855019071,0.5058404602508734,0.49619268779684544,1
0.8967038231252064,0.4765441840127869,0.14710292309314046,0.052253016405739164,1
0.2862388668355531,0.4364694569481678,0.12703571406386943,0.2197833616135698,1
0.8642709054786845,0.39583662189976254,0.21946814045111138,0.33560930461420113,1
0.48548338764448506,0.6739953040481088,0.8485612537591669,0.09509890237709559,1
0.6979486835990708,0.6297918894025859,0.9611784625689436,0.08064378815223781,1
0.13209408954692384,0.25839683344345743,0.8374633605886014,0.6613903331186549,1
0.9566403830698044,0.2685915550870441,0.744806385353016,0.3561935815208664,1
0.6301495518107711,0.7044614118060438,0.5275740701206884,0.8267771485520176,1
0.2834212188953939,0.3576731004995628,0.3174338026840296,0.203513495203574,1
0.5307863147731056,0.2932397716437678,0.18550215821620328,0.29288863369415774,1
0.7728356289203809,0.2793282986627712,0.1386848654889923,0.8758995707833391,1
0.5845608615105417,0.04066089369214859,0.822531338026164,0.03888599629830011,1
0.34462238618707336,0.46859875791746,0.2313766538278046,0.0868042341551568,1
0.7688994855440874,0.30937769333164566,0.12802124951592797,0.8992160302996425,1
0.4575431311774236,0.6964600151825211,0.4221649958084113,0.2853630267902384,1
0.09567807326105755,0.07313573352092866,0.08849227292459634,0.263203814405978,1
0.5243746284607461,0.40695241279341365,0.36440617775675754,0.45714049793299005,1
0.8966760887787371,0.15628949682659785,0.4146635148449019,0.35888620123155224,1
0.07402117320314269,0.291157791987308,0.7200195091578471,0.6186785343270891,1
0.2695862329571396,0.44424808378305236,0.8617933632170066,0.7012822496785258,1
0.6248574152467471,0.4045351013810652,0.4695098020285909,0.3916115557591147,1
0.2683506969529933,0.1337600829618278,0.5348358506287545,0.17481491101610186,1
0.20962888246369563,0.9128482642162371,0.2897582752269216,0.8409286313512634,1
0.5859082984409822,0.26283712276552285,0.7949490136503763,0.05790346275472161,1
0.35882496170662836,0.8626256364760516,0.5240875721636779,0.14183267652999373,1
0.3521806337029145,0.24032006827505564,0.4308830747626156,0.4508207703592141,1
0.3414289338353868,0.2504147519066661,0.6569319263815638,0.8646092138897024,1
0.19253558639999033,0.8893125003312478,0.758090319527594,0.07143110719880258,1
0.30823630871630053,0.8227363252288145,0.6346424837564619,0.22248894545066816,1
0.9222397186632497,0.6071468580323609,0.09512802207650992,0.41326640788060764,1
0.6010548220907305,0.16353549567614029,0.2140796671842971,0.8221350850799988,1
0.18150795231388783,0.042974180177031196,0.19303795639521204,0.4153976028219746,1
0.031174559061331868,0.7016850495427555,0.45206695937387936,0.1887026886052797,1
0.7175944120682041,0.14656611151407586,0.6376318061313223,0.6700509383053825,1
0.03739933174698625,0.6861603824607013,0.4725521436611774,0.20118113960853476,1
0.31550616363213757,0.16744747272150834,0.619026165629623,0.9156730593638462,1
0.3585050055350685,0.4859025895877064,0.4082115996938344,0.6426343951995326,1
0.426271836134967,0.19010910711479515,0.7705699753784884,0.31309239167611275,1
0.2239112318662038,0.8077946384018139,0.8272306180574184,0.4104048854867643,1
0.2543604290822077,0.4416243958468598,0.12833886656979787,0.12495443953895535,1
0.6311856273645383,0.3919139704497111,0.4198564169069338,0.3496248618434671,1
0.29546055186985093,0.8587852773411991,0.3489663923344315,0.5634501465510502,1
0.6415601887640505,0.7695308974214987,0.811776212456532,0.8851608652628505,1
0.24331755855830375,0.3823651968148157,0.2997249915806958,0.2171487776547344,1
0.3178373534472765,0.5480907695811719,0.617289970659187,0.9252716302818772,1
0.6926393232408273,0.754567185845685,0.7465943897637348,0.9420193848264438,1
0.5845978668972996,0.42762588670885354,0.24698906321536604,0.6952122626713519,1
0.2004798116321732,0.8918931581533742,0.07062449655592248,0.233773303840362,1
0.6432715101674961,0.7468552576228552,0.7578005710936527,0.5255667817857708,1
0.15529931286102056,0.1499364752080609,0.71357643939676,0.7613423283794936,1
0.14717366354385583,0.7646939799100613,0.32600140544536915,0.6829425288125155,1
0.15551668891456355,0.6621122111281971,0.17714477536685103,0.5793504824489806,1
0.10422219666174687,0.13984092310382149,0.3101170678824236,0.30630337671791547,1
0.7681443171258862,0.5259569197276452,0.6196460344967382,0.8161940536520162,1
0.8781696378725883,0.7769247805719154,0.46072224296267483,0.10330330992756917,1
0.38751735134479254,0.6064204878389191,0.8770752332061413,0.8756483783051268,1
0.683251777647096,0.5393288631944281,0.5115327777630023,0.17436633264588974,1
0.35121471768709805,0.7739451110739517,0.14956013033640253,0.1506117566784721,1
0.16702291277832412,0.15426880754982963,0.3340064213078946,0.3660110826618817,1
0.06332022185783685,0.4816616124173214,0.6820668512706015,0.5649920023305383,1
0.6543532630400182,0.7911736386495963,0.3967654773035455,0.8774546250326951,1
0.8884682359085009,0.9139592394675377,0.347595440266508,0.5006113040288488,1
0.8870314162712495,0.5603986705927877,0.8663754631566504,0.6054306095792856,1
0.6710213754009933,0.6050933684600038,0.9295789591031611,0.6459890297051178,1
0.1485812251533388,0.6785743176947685,0.7728660424008913,0.17692555344115873,1
0.7864023539594588,0.15818397250284913,0.39842515750900237,0.5754390986745619,1
0.9606335707909357,0.7927135699035399,0.3244881552322545,0.8475468740161957,1
0.36725879782165555,0.8963370948651143,0.9311748294007554,0.4747493096963102,1
0.38344598822592024,0.7298398735325207,0.3750169037733327,0.29402986103668827,1
0.8096126846983124,0.9640229543293841,0.15979974540825856,0.45399003168644725,1
0.9107832078073467,0.5234973519138478,0.25781413786747887,0.14532605078713962,1
0.6712288861096338,0.6877866434419733,0.13982319681245553,0.2964665549026204,1
0.6435401832984955,0.03024138805954083,0.6933982572841413,0.3576838325319157,1
0.4482566178371897,0.9677307037590315,0.5006060573802354,0.6441135663352074,1
0.023906423080193834,0.2952809182260477,0.7475205629680083,0.39159056419685884,1
0.8947206898184613,0.47403556836857813,0.14754654233397152,0.05197007030928899,1
0.23414600750000814,0.34720357297806237,0.9510076924955146,0.03203509092971999,1
0.17536977066265608,0.93226678824927,0.9232468952262847,0.18006951813159056,1
0.29778630270476514,0.42382606196533046,0.9177559508524451,0.8364987211278572,1
0.9027393948258853,0.7999744549757992,0.41419127461070543,0.3838464376170576,1
0.5892452675256192,0.23592249087731004,0.264631821637916,0.16546497560594162,1
0.8508858042140237,0.4144552543456831,0.3085528862296975,0.4355967329884996,1
0.8545083096168992,0.05972372361911427,0.09681798543774206,0.4088372294065453,1
0.5727814282380828,0.24256328207879652,0.14750108841374762,0.02208722699069108,1
0.6271705527786451,0.7196684100445934,0.43629423733243833,0.7754000157972906,1
0.5979130691262168,0.8593572281072039,0.09626116545950696,0.6848502173084499,1
0.2926270758309503,0.3310613834401801,0.1604637540997873,0.8854834509577892,1
0.8050899330084325,0.12127124512491746,0.9619743851087494,0.4107548351600066,1
0.45880858807634173,0.15339423519167253,0.24055841711889137,0.4771292223885851,1
0.7605248987232858,0.8929520887960194,0.1142338061909552,0.9379903297932912,1
0.9607140964090546,0.8462629074332148,0.4262470063750769,0.27197464184691156,1
0.4716397969098356,0.14144751693765412,0.2157372073077603,0.3978482585256465,1
0.6137717831483849,0.35843838582548054,0.4439467963406575,0.9770046699510649,1
0.5706340631040449,0.3346505328169748,0.31304386332404266,0.22619566315629272,1
0.6699667352423018,0.39657612648196,0.043774563407641395,0.27395608407783434,1
0.6535431151852186,0.513678755472883,0.9947234930096494,0.6514612156626147,1
0.35760191747589554,0.6499442175861072,0.33454768868869367,0.8133712749504807,1
0.8064998479471019,0.12772236960013425,0.9740353994646999,0.44417441132774327,1
0.11282358693845632,0.9637612874603093,0.7394258045663487,0.6119731003483003,1
0.9323349660638884,0.7082424475586462,0.8916364847988518,0.7019103300475279,1
0.6016536451659459,0.45845584625685293,0.24905728988893774,0.6906851063261169,1
0.11815494898100692,0.9330424707114663,0.22856090522719988,0.6710169190882238,1
0.9064699864267576,0.37649020512930487,0.2524354274848693,0.17855904171354414,1
0.2758141417060845,0.17058972651311383,0.14356653308915385,0.41964773234162944,1
0.4331243103793433,0.1609267790289837,0.3555673506639756,0.8845860134129773,1
0.6376109285450228,0.049324913379240276,0.6137608489141424,0.5327123582103722,1
0.6204969362195106,0.05611605092169597,0.6460970819423631,0.6971173604264338,1
0.5779087424986104,0.30750337266358546,0.8081593837350317,0.41942197912196916,1
0.574315243501861,0.7686078965181906,0.9031436416121311,0.6015254496762672,1
0.8823692002675413,0.7515467431058016,0.4692554233816368,0.06388926821592988,1
0.18264749624349433,0.23025322259783715,0.731631788131321,0.9187354312024234,1
0.9234082964425844,0.35711182694822485,0.2873838934704852,0.12669760171967456,1
0.5588472521168747,0.30664520284007574,0.8132338101324514,0.43102270980621765,1
0.7728219793179845,0.27973872929561383,0.1361986474753959,0.8765793211418188,1
0.17875805125735147,0.8506209583678098,0.3405842242729571,0.7858607332514711,1
0.028114826450311433,0.32438874815780305,0.5612419315612631,0.4460154432419904,1
0.742566653167513,0.24358848598324576,0.16637398567959288,0.7072914115126947,1
0.5368323556498843,0.3056540673392671,0.8190944731515194,0.44442086912328127,1
0.34248952405436883,0.1997415516734092,0.2953293179586759,0.6386304001035571,1
0.07309014802920329,0.3144638018210683,0.4769291482961307,0.16647217116459836,1
0.2288514443145137,0.037461729128849104,0.17101677314002894,0.48838170071677456,1
0.862468273261744,0.8135854534511624,0.5244987246768483,0.8749342171632085,1
0.5255967792230295,0.32089087997167104,0.24047436338113232,0.7068204288795062,1
0.29212986806080793,0.691636510297908,0.7773468558150886,0.10788489139582182,1
0.7016045585254659,0.607907681064603,0.9630544774891749,0.06327718583277209,1
0.056311879020353554,0.48574048023496486,0.6834954012291764,0.5559454608489228,1
0.22481679687821698,0.866861854990217,0.679721348096739,0.5105882511448125,1
0.2580749214819299,0.12490757410430636,0.4954371920553735,0.1641841881019419,1
0.9084262563375729,0.8738050603074875,0.2956226588019003,0.4764730065763588,1
0.6342589973995925,0.9673288307668554,0.8627750505298724,0.7937452350765157,1
0.5019308549551111,0.712093623331439,0.8387005123295138,0.11544459810123686,1
0.9658680886928402,0.6438848307337237,0.9319764507142768,0.973132269547531,1
0.6485299251729678,0.2955937727464767,0.94781857309838,0.03258267615959942,1
0.5812185468369921,0.11571378433704455,0.858927038367827,0.3205125288312204,1
0.6684929122312135,0.49448215501280623,0.5250388366853078,0.17246585425247085,1
0.3423076841953106,0.4707729568605885,0.2361927644520297,0.0887954831957771,1
0.14462647231327427,0.15394414539231518,0.3589102006191122,0.35767258858551243,1
0.14345467298846898,0.8614999040380715,0.1752925362179271,0.057745292222761466,1
0.12885854412767114,0.16464808911783016,0.4605755491941429,0.38297922650528377,1
0.5927550896498345,0.2558976548061664,0.2779693752593558,0.18845015035044185,1
0.32199547562472525,0.44676337977808517,0.9330297756696351,0.06362497612248072,1
0.8214609770277602,0.8323794401238503,0.6048239312189799,0.8186262936597184,1
0.5454792839016296,0.3821836653835525,0.05182813998026166,0.3236365796175444,1
0.7253329225406235,0.6874297858143289,0.1528301445952524,0.25296845139065405,1
0.9109245205993669,0.286661027696504,0.7159715331229457,0.348169742428747,1
0.7973003014865092,0.807864721169802,0.8918316333267989,0.931478778719267,1
0.14464687917334512,0.8076435923524169,0.826678168825197,0.4760925172041498,1
0.23642761652634411,0.04996456520197275,0.15072278940949066,0.4670763477649994,1
0.17341104513248123,0.8538989783126517,0.8806299694148501,0.4220676989837745,1
0.13824736122385847,0.14444221545576624,0.677855206686194,0.6218738036423442,1
0.5874075576901268,0.11452967584281121,0.8720881378715485,0.3230365881537109,1
0.5905776990878497,0.05560685872296559,0.8033392097498339,0.04719289407963172,1
0.7725276477924339,0.2349074718401733,0.1465054803044675,0.8552800733374456,1
0.29858362619177214,0.9451196134916705,0.12250542698298311,0.05148080193675664,1
0.7154102790864321,0.928339289796503,0.9199739821767232,0.8566558175542118,1
0.42495981976652986,0.15975726571230023,0.7343328200758362,0.3386824591729176,1
0.519104580631668,0.4322868186641494,0.41236809450798995,0.5489850590443537,1
0.9591906632747108,0.6087765062375797,0.8183793076078234,0.8669760108941977,1
0.8399315703117145,0.3067354459007367,0.22012225179388062,0.3267248902117531,1
0.8604608492361049,0.8080757910758671,0.5187482524483733,0.8727223835256609,1
0.4264314519631422,0.13012340663307742,0.09636880315221494,0.6881611002054677,1
0.9350421097783527,0.8068392443123988,0.4043120505610981,0.37364991493815,1
0.9937421900899125,0.1780886391225032,0.8417509069284891,0.3946381254054899,1
0.6785811555194389,0.7652141780245998,0.4026294731207986,0.8307614253623316,1
0.03625430601840236,0.6172181427223882,0.8172125690446129,0.4188555497334088,1
0.0771095141512262,0.7806203490160688,0.6023469629386009,0.7935249830900046,1
0.3852967207317311,0.614941485695648,0.8676384768229527,0.8417340515838767,1
0.31565104888283996,0.26422344078286597,0.2666688999204633,0.27565107673678546,1
0.19956548023322868,0.15025908677679234,0.180788539377183,0.39666208878644554,1
0.10016638255044258,0.8409311955112714,0.6916314802444281,0.17319576698205894,1
0.5475614293491174,0.9021424458918793,0.7330155175106763,0.27709253132934036,1
0.6450858752318727,0.3982831912371896,0.07292718489390665,0.7086254842939473,1
0.9372203853085145,0.6314278586520964,0.8423201975378491,0.9009792972839269,1
0.6450159561058524,0.7786619556148069,0.40669157084895835,0.8563110983822528,1
0.298972436969631,0.1603907090399843,0.43990281440686385,0.18163257945107963,1
0.7666421838480076,0.31788880469367686,0.7186334570819458,0.6068531917066721,1
0.06101117301391522,0.6383079401149805,0.8554592335536559,0.409698651557833,1
0.47269469330895775,0.9158587353253335,0.5208777058894809,0.8681595181534328,1
0.3299108909043068,0.646110566687638,0.6922002584448413,0.6574950272059599,1
0.6028347134157838,0.920203210911708,0.970910733562117,0.3461260380273992,1
0.5602699975095131,0.27230039571446985,0.11816921270203631,0.0520079915467083,1
0.8600515156450296,0.8145123388092896,0.12951353993576792,0.7816312300574625,1
0.7119663837035344,0.7108762628349168,0.4350596306751019,0.3556601511934732,1
0.03961697546318509,0.4377236790637206,0.9607239008847771,0.47383886916976287,1
0.7745061568411071,0.8736279698393108,0.10793170193472272,0.9199549118298831,1
0.7390480796686622,0.867228979583522,0.10325629777736586,0.011798404801513309,1
0.20910291445777318,0.8988406531794102,0.07296580823399461,0.23232454527154836,1
0.5394235025570008,0.12308845275111008,0.7993479054997709,0.9414576115173572,1
0.8448783364409631,0.3253358347384818,0.20154832348403315,0.25655399434835485,1
0.6483663252856704,0.4773378819048561,0.37885640313851365,0.509784652218075,1
0.45904449288623084,0.39053119383910967,0.5524076750061533,0.45996495195717185,1
0.25250983884362216,0.12753620897594078,0.4880335410652361,0.1583438375091369,1
0.6377183773398742,0.023326804463587363,0.38841287688284715,0.5084145872756953,1
0.11863799993988197,0.9492112466572653,0.7434936808352024,0.5893796434546537,1
0.8871962012827607,0.507977870455549,0.5425980477585376,0.48807509449991526,1
0.9176244622339473,0.46178376352407496,0.23042462896768312,0.26757660881965833,1
0.8243227248077695,0.9206073419695918,0.9627028838313219,0.6298236089525115,1
0.10407202578839608,0.13381995627848461,0.8677423839493416,0.771857299954463,1
0.5558954255381353,0.3065123082739439,0.8140196262681147,0.4328191771590209,1
0.05884069178564188,0.8050350030561426,0.47978568990355003,0.8041515878987401,1
0.16446304282187582,0.8933192261686458,0.31180583031634546,0.751564122050395,1
0.770554663488619,0.4691701577718294,0.5426577947303032,0.0053387917833169546,1
0.8588919080758733,0.8833606915718183,0.6116402757095468,0.09508559891623353,1
0.9143001718942562,0.23672390884408284,0.4991767230328992,0.04914698357279163,1
0.6421407324409585,0.5816978826113759,0.6015361284569759,0.20415951295575802,1
0.9577245678071913,0.06993757548732708,0.620737110825453,0.9613101732653256,1
0.8952397709448378,0.7162478066594454,0.3698716974916567,0.3625968970404833,1
0.4078592689605085,0.1397301222135515,0.7264918377631143,0.15746817913703706,1
0.02908753305458822,0.17728541365880626,0.974391002705348,0.9695723942507563,1
0.6679422060318216,0.3536379369084553,0.42116986969727815,0.9418724939974465,1
0.242974759281186,0.7885018904041883,0.12262266419950475,0.5436146342234086,1
0.949714310997455,0.8481043166090311,0.3726039732754865,0.17251183741450749,1
0.18212103535215615,0.23088095197849998,0.7367663160781212,0.9203609535599682,1
0.0644814422841225,0.36938512233246307,0.7336991175338727,0.7507392919959667,1
0.5114238244642126,0.4001138156673632,0.035720344732813734,0.36316040113719944,1
0.16449274975754352,0.9240303709891609,0.28971566831745804,0.7484962205216572,1
0.6679110005338335,0.8688259660585596,0.42747913295598733,0.3234348824892085,1
0.9077817526875591,0.05082296211883579,0.8373100859318666,0.7424293488714595,1
0.5749851991856464,0.22052774512832657,0.13002223538319246,0.030925390071634015,1
0.12840286682497054,0.5865510983693033,0.7839262031788725,0.14930764315881026,1
0.22604554775219357,0.7971028192320055,0.8115066587069757,0.42906669689912824,1
0.36338922912698096,0.2642906023312307,0.3474568719302584,0.4156989768098387,1
0.11130724535271498,0.6855435363771601,0.7528494471784494,0.5802248142363496,1
0.3761905073490477,0.449527629764951,0.5206932784902166,0.22815384101175856,1
0.6382838197999158,0.7002877113460801,0.875295666444403,0.8125055359074989,1
0.2530859281446635,0.127291497768769,0.4885767690559365,0.15882556068925074,1
0.6493954522884766,0.8694606891883889,0.7589665072591903,0.4494827270959608,1
0.19002811131286707,0.0716254855044671,0.10479160523900037,0.32638876248930704,1
0.5897967707508526,0.054517805906292974,0.803670635386517,0.04647730714615801,1
0.728422937924353,0.4295657626030269,0.2755091124546008,0.29658047981369995,1
0.058118772601685346,0.14832081388392845,0.7356658117613247,0.832223707445795,1
0.21294792570015963,0.2977588800728756,0.5284430641082234,0.6369201279590426,1
0.3013141103318374,0.3272433633132,0.6262613665741399,0.8619154736263487,1
0.8754867456543197,0.4095141305684452,0.22022818729960292,0.323072443535308,1
0.6399048614907035,0.5978534927910844,0.5664062062704671,0.2188439477259959,1
0.6386551086205989,0.29252999651499867,0.7408251113147832,0.5053073637419877,1
0.6428495344618915,0.537214503774518,0.9488138961447025,0.9264956126507524,1
0.26911955996910053,0.6170422534480269,0.8962115488777913,0.4793186288865601,1
0.3553230680850918,0.7726530573752827,0.15257173052520745,0.15294695836714856,1
0.539170919908681,0.19069501403280698,0.13702655811156783,0.8280163554669655,1
0.607526822654993,0.7601553382295864,0.8950038381552607,0.5748751156121046,1
0.30237708190580853,0.21462336398145737,0.08666105894847292,0.44394359715713205,1
0.01737724333360306,0.9482059121218075,0.8498049155583498,0.9937942155769482,1
0.42318017271380726,0.6310595614972695,0.5785898094219174,0.8070496079345795,1
0.39097229493071806,0.151713183119891,0.5761374145582427,0.3658310665221931,1
0.11294734951675284,0.07624061411742011,0.08393946358879961,0.2739862352977578,1
0.03961019934496118,0.29415800786421104,0.6213763306479865,0.48635468605721893,1
0.12671007087173328,0.3598239394645213,0.9242778051094372,0.4859223257694687,1
0.9596238831004834,0.12355962584510706,0.44494066226855855,0.3544355949584303,1
0.6388347793707002,0.6317216838590523,0.40028112209306316,0.9355495930408406,1
0.13219778180154595,0.3522988827490654,0.9270399217507181,0.48251138419221234,1
0.5472548084263814,0.9231785849680053,0.7291796111349217,0.19629097432448736,1
0.6584182472398367,0.18293345320598486,0.0700386980538151,0.46920502374566897,1
0.42361141084418286,0.22717896733403425,0.7425490087116134,0.044547199522695424,1
0.7328165538730497,0.18608786098168467,0.6194071454116437,0.651612132675136,1
0.39286203624962374,0.5298693812466991,0.5028179010796429,0.2420688686760074,1
0.32587606244375394,0.10740391445733036,0.06995769359876872,0.7002946668960386,1
0.34720630614108694,0.062319496445466374,0.8497798494851367,0.59481993585704,1
0.3989191729083903,0.13805777563103933,0.5973796957603873,0.3225215917340046,1
0.6992341553472574,0.9634714433568389,0.8989063829754099,0.8280720819929489,1
0.5345884141145064,0.4623897510804856,0.41434312316084154,0.5587136755741061,1
0.5159244426111624,0.16022863217831954,0.22970217148773148,0.36771187829265845,1
0.33721105696973586,0.02115930842653173,0.6954674702912399,0.7267887163365013,1
0.0795375925360385,0.28065012700251746,0.06130845751869083,0.8914084299074353,1
0.5481866581959393,0.9778591725705256,0.15663936495476563,0.5157791299066388,1
0.9227626519180052,0.6194346218223282,0.8093435061320006,0.8868701881070338,1
0.1639952224250361,0.6181824911861549,0.7810917248743273,0.8512192754731439,1
0.8861332004190671,0.505712790105007,0.41828152115624606,0.5978744126081124,1
0.9874458091704742,0.2666740347814634,0.600280098347204,0.42547846386779226,1
0.35233295130479186,0.33383218851355667,0.16593484594746455,0.8117911313992316,1
0.04925497103690148,0.21050133952044936,0.6572036328841095,0.5242594535098092,1
0.890754993320581,0.6306503673963174,0.8277808220408917,0.18848508528588787,1
0.1470604930232161,0.8700054833890342,0.13074618818964873,0.04315974219653264,1
0.9078196383981829,0.4067616890358319,0.2628023184988288,0.09392731862150289,1
0.11897479510060585,0.9570908111003406,0.7408638221929918,0.6000459789615986,1
0.4247113893982044,0.5491214952574693,0.49614017455098103,0.5047209730912717,1
0.5928587182531655,0.2570635603798408,0.7817831736607648,0.0743238407374479,1
0.16922347176209382,0.8905058208447304,0.13274270847727906,0.3820888340739536,1
0.6783246561657478,0.2960050322721443,0.11772274785516676,0.7672729463309976,1
0.6298124158461565,0.7564645681203395,0.11293927038019674,0.03357305351909282,1
0.7717309511160831,0.8789728963319551,0.11010764472045213,0.9220431731418733,1
0.5741613403563041,0.3073346603871223,0.8091569928396632,0.42170262990781354,1
0.673827220673511,0.787158022760291,0.39439571560550757,0.8643357502389564,1
0.3875158445143512,0.6064262698446635,0.8770688298035665,0.8756253654097809,1
0.21747293145752697,0.3204573826640482,0.10173320258380378,0.32860735649875183,1
0.1672506666160223,0.9054211719874515,0.7775925519651267,0.08658689644099,1
0.6135970136339021,0.2879309276399917,0.7486062666099212,0.5053960602803331,1
0.8339805566527263,0.7347770757432075,0.3936726182359266,0.8638485879100893,1
0.753213596536167,0.6455122793505647,0.9413437220921693,0.11797090075809691,1
0.3225293345623524,0.2539225627603991,0.27434026018422386,0.27346915208156275,1
0.3559401486622461,0.05588073479574396,0.7407318613074863,0.7031496201516851,1
0.23865481680982228,0.5885985966272882,0.19054119224507599,0.5846797556242663,1
0.7480212503135003,0.5505516438836227,0.10473116747083683,0.90295019190747,1
0.5800342240513646,0.7089514232106128,0.25344643442959186,0.08652460324152585,1
0.34855714888770584,0.44381922375209637,0.5303466891640923,0.23032161093147538,1
0.6590566755041062,0.17874304532548926,0.06662594033998502,0.4486829858397124,1
0.8193431895941263,0.2911752597734762,0.23463411770267942,0.42669294522980367,1
0.49792382878194363,0.2731827443173841,0.7217992881113751,0.06588053743050339,1
0.06464277340429936,0.43598800450910735,0.34335971531014453,0.548299122644339,1
0.9153142669111394,0.7442824886323466,0.9971185862407504,0.9224156913464969,1
0.9892070877038357,0.09736184009110513,0.7279875395368207,0.05304224984784064,1
0.02059008348361709,0.29569720181996745,0.7514207069377308,0.3962087760245401,1
0.8358246785658879,0.8408447656455902,0.8235113984016874,0.9259451763599543,1
0.37624540244856813,0.4356668828769043,0.1791171532783323,0.0628118516152511,1
0.2586012127513813,0.9167194492037931,0.49794716583759446,0.1808113753145667,1
0.20933757503821282,0.5038552661053648,0.1451519071137037,0.08207137793684144,1
0.31917842326962115,0.2679135829063425,0.8678286693850341,0.726749363541414,1
0.9070850988445249,0.5349578617938624,0.09502180410701316,0.3810541837642144,1
0.5868155633196801,0.8308566171510993,0.10571737769558927,0.68931405127598,1
0.17501300083804275,0.09246518015588277,0.0927737989874186,0.33450492088610556,1
0.12726165204031276,0.8171183751809665,0.8602087509619639,0.7084879250551052,1
0.5991632300736929,0.16272470885560983,0.20883744951728822,0.8215865178204551,1
0.9837958745081122,0.17085242860217703,0.754680173893135,0.47270623648765986,1
0.1495105086574262,0.11163069490091025,0.3139688580547957,0.30046138553599033,1
0.656345491377834,0.7342555462090365,0.45466326342975355,0.8123311452977456,1
0.24000272125135894,0.7053319924168096,0.03338848306257417,0.553266643385392,1
0.6859150043267538,0.5779571820817986,0.5084228734562563,0.17653765947849837,1
0.14798682092254578,0.789518858190134,0.286105219383994,0.7018959695582363,1
0.5932532508620664,0.11551364002779425,0.44618056107490023,0.6664217136679798,1
0.655199224259766,0.4912687430980864,0.49645524483678005,0.8004412254473938,1
0.7422583407612868,0.6573360545417615,0.3948671290390776,0.33251077645599114,1
0.18275687540684044,0.23108055628756147,0.7378079623754984,0.9205421885307074,1
0.925611240650999,0.08045966285729765,0.6139884573204658,0.9044502750136274,1
0.5389297305691994,0.697271164052487,0.4831280441693474,0.7379942937466468,1
0.2770386589999547,0.9756869221315533,0.25615413819855165,0.7586256304851396,1
0.663474503726291,0.2985116542107248,0.10459949244174908,0.7937439401194288,1
0.3124188038668122,0.3073727304639754,0.6353191788045374,0.8629336632197147,1
0.5244149362841871,0.8683298309834718,0.7554456231083069,0.1696532290157176,1
0.5510935838807112,0.3062961239397104,0.8152979414247308,0.4357415547245002,1
0.9927003295617413,0.10893111910537695,0.45829272040053803,0.3525555645368601,1
0.13263200421622556,0.7857916998096672,0.29606280367497634,0.695726451546243,1
0.9730096708647485,0.10187506610464267,0.4577523569622439,0.35408985655517167,1
0.5203854884762916,0.739856548196162,0.9005261138460267,0.4502876119506615,1
0.1736384539956905,0.3660701732471443,0.3976485648001249,0.265150799949993,1
0.16424352175828338,0.13678277271033895,0.6486598826832476,0.3835183305049909,1
0.7671295078478403,0.9570645802565636,0.906750515338338,0.8917696897838382,1
0.3030521643887755,0.24429769703644785,0.060095791663727194,0.45146067654416944,1
0.06130704452469272,0.07549896419589673,0.14404070463109084,0.18445345367446958,1
0.5608918968990125,0.14910934735988626,0.07952423947509318,0.968451922801947,1
0.19855332465406345,0.38144212349857565,0.22064587348583806,0.8041127198222389,1
0.2906346610255537,0.6817638104624906,0.8298895835689774,0.7933011821039421,1
0.38460932567258643,0.256070241999189,0.2809715279818397,0.3697110701636029,1
0.1886401566526974,0.23292744888176373,0.7474460751068822,0.9222191138778729,1
0.8594599651620385,0.8622592613521974,0.3571066341115505,0.631103962223692,1
0.9714613319136248,0.8204199707040593,0.3794597009754125,0.37332985079215747,1
0.936807539154213,0.43125057355492835,0.8567226730725431,0.6506932599814168,1
0.7790972698750427,0.291728559920021,0.7244588336158013,0.5563742813745529,1
0.42222404176229966,0.35173613196700854,0.4720729329986926,0.6382551614597334,1
0.0904379378961438,0.29733054309099477,0.762719773410121,0.6378421710445329,1
0.45080937054117787,0.15945149230405872,0.2561230422557141,0.5060946302069372,1
0.8464910127986272,0.7693251017133862,0.12783044286849285,0.7117985585809868,1
0.6682878237171422,0.10326599426260481,0.5993547311046651,0.5542447607821717,1
0.18419044029249015,0.86828799751295,0.8973004301536671,0.40559717790152966,1
0.10837579838215955,0.5605415913357215,0.7684144384998236,0.8770674001441432,1
0.24581160188665863,0.1752577410026086,0.4919977843773923,0.9042838545472299,1
0.8168533718138763,0.8278407518377031,0.551039983946444,0.06580175622457964,1
0.5393138699168376,0.5622539427890043,0.12419881185511565,0.9295057774418072,1
0.9056271972566158,0.21390491073752185,0.13710171373925875,0.7466293834062433,1
0.14944086452612493,0.2123725298994692,0.7494122945574708,0.9028563072043213,1
0.3900713860460111,0.5872539690254067,0.8654485500147452,0.8681081040081677,1
0.37875983228525406,0.627120257572199,0.8777803735672294,0.8334026318538693,1
0.13678709184871976,0.6600482489669222,0.7644615564571441,0.1712348732293246,1
0.9834885301859442,0.2667690082831206,0.6152486550270696,0.4151236997292622,1
0.5223760433841905,0.29175560614187,0.21369098832563946,0.2476001598193939,1
0.25195677767211944,0.6577488407707248,0.6833867382578331,0.6585659976579579,1
0.6726075087363207,0.7894184485445898,0.390560599021971,0.8755865564931548,1
0.17222485105986934,0.867379317321492,0.8968807601255533,0.4289361915528483,1
0.6748983270182402,0.5682732168455972,0.6284847617831181,0.5374875759664133,1
0.9416680182166438,0.3837227104850959,0.3088771861691607,0.18971400212586506,1
0.655684589623205,0.4487806766599185,0.33278877772870813,0.5459898703732516,1
0.8638864360092018,0.6461817329859421,0.9003746983208344,0.16886540292993163,1
0.21292726961175962,0.3081449644286593,0.5381029720947231,0.6327297175442235,1
0.6580515680996976,0.6354919006303047,0.5619017012391465,0.2700500948960461,1
0.5801757075313022,0.6696934984414306,0.8240446665940055,0.7843357858362389,1
0.311077630724448,0.2262251332806899,0.05999711850204627,0.4351617888079931,1
0.19108458765419306,0.6703975536163734,0.11959234941047384,0.6602713913208177,1
0.5820854791803675,0.12419180203084075,0.4636640327198913,0.6897326048147497,1
0.0947541017801259,0.8199097518594446,0.4227545588145233,0.8086531657418085,1
0.2090114080037923,0.48537053813268255,0.13178899634103092,0.0788168305372944,1
0.6473869489533527,0.40734431323609616,0.9003203770621937,0.4623081066265154,1
0.14815487269364655,0.6288649315556057,0.7894084938611766,0.7650517377558579,1
0.4505851258388205,0.8889161520829122,0.1695087327435836,0.4050681242612063,1
0.15304519877987824,0.9601304719668999,0.46878143130532823,0.6186593718197675,1
0.7813747195900883,0.9452081902509453,0.9145948090494911,0.8920600860978115,1
0.5646133088855487,0.5817944467263187,0.172171986210895,0.9254419061266209,1
0.04247436564025568,0.13715723963709608,0.7129036608824733,0.8305655372960877,1
0.7834017818878339,0.9390536758455004,0.1174051346901095,0.01507189896226508,1
0.3135338266349953,0.2800057081486274,0.2775067768307651,0.26094809161776017,1
0.3122723730486434,0.695532104678939,0.8923423980286547,0.7922546911664983,1
0.6610018285426845,0.46864228045600187,0.42069033711206283,0.4520973602339934,1
0.34744351205859203,0.4574665855638531,0.210158065475774,0.09365818073701232,1
0.2296050100136885,0.2125571011055466,0.4717594705488777,0.877654304909571,1
0.05145715006303494,0.9254612917613102,0.4031742644708927,0.3587261860746627,1
0.2650634859026779,0.828972722427688,0.14476217494383373,0.0461354045128373,1
0.33480158669132465,0.3765538623135538,0.147076079217009,0.9132999328902351,1
0.9304786505104649,0.46407618951591323,0.8605442603456774,0.6403079351200489,1
0.5615774289781295,0.4661549477209965,0.7111398225424045,0.9387268231123777,1
0.14593966626376204,0.1777406331359352,0.32747559728900794,0.8535882778696563,1
0.8239666771393266,0.04017102014002358,0.5461802412799144,0.38537026981403444,1
0.735877705482313,0.34026620379575695,0.35985888626824514,0.9247219471229474,1
0.3565974232532064,0.02371903744245971,0.6780467583592823,0.6931878379184541,1
0.3521029703369486,0.4532919169107221,0.20693695425783992,0.08932779162077785,1
0.5321325287211838,0.5738624883467545,0.12858034575076271,0.9413881940342689,1
0.33647093897417296,0.7898952360324897,0.6990998158979551,0.9328687154017332,1
0.6970817154871278,0.12792989360975515,0.6430248462780656,0.6529739724892143,1
0.9150531553637887,0.28089484573067447,0.7191620723746325,0.35944179124390807,1
0.15175997463335797,0.6745845589718323,0.7773993142319457,0.1774301612769736,1
0.3647820021849448,0.1868831623795136,0.8264033957524282,0.1971664516002162,1
0.5623962739099403,0.16408981989299887,0.0884552634134807,0.9439336861901146,1
0.12239917468292182,0.24843981833094142,0.8459467314342922,0.6636580197282763,1
0.5415466454686629,0.8909547617275135,0.10493278704730366,0.6529248127050231,1
0.4987099847368472,0.990134588407764,0.5266304896926534,0.6664172579574935,1
0.030478405366881473,0.16010110929533797,0.7187163486583031,0.19912499345139836,1
0.8617804202515794,0.9240652286421978,0.2060623714757019,0.02965276051110493,1
0.8874285196846354,0.6211586935374965,0.5262438383563125,0.7350278573028021,1
0.5930641622106683,0.8055061512202891,0.43784267198378074,0.9213671747406518,1
0.661502009092187,0.05363785464603357,0.6699439050029186,0.6759772816451339,1
0.42852587183021984,0.023156001723424476,0.15168844786499452,0.08352164299297818,1
0.9548875724379374,0.14456785257618227,0.24856050551600103,0.754744935031966,1
0.7683508064833409,0.5588425747829602,0.5969319789318674,0.8205123670015232,1
0.03068935064073934,0.39631006665302065,0.4177049066587697,0.6506487155582555,1
0.1280164734751035,0.34759257339995303,0.9266155231916711,0.48398026620794593,1
0.6393230732057759,0.7056056104980986,0.8730304820992633,0.8118307332665221,1
0.8791269085830696,0.6110404528359146,0.5346036826037597,0.7338435932316905,1
0.5475328797243099,0.37615261610818135,0.08762988826389473,0.30248568056269554,1
0.7082210968218887,0.14542380232298618,0.6401958545894347,0.6457402442373864,1
0.17258101965902636,0.2886691925396777,0.9702888604463821,0.02971349323783442,1
0.32784319602284706,0.48198812123880064,0.9488386180403093,0.11615892819130406,1
0.18997581276843814,0.36628934806265295,0.02926995019137413,0.7201696659676551,1
0.9641142061811044,0.6306402662731632,0.8403742062062258,0.4342518115927261,1
0.6496956490302324,0.18152036883569544,0.06252640731674829,0.4338766851546241,1
0.12231772972302218,0.24877354802369747,0.8468854105494553,0.6633053384466694,1
0.8564799932745362,0.11804050306776341,0.810510463385148,0.7725596695600007,1
0.3461224528596185,0.014681554334373228,0.1391911807840559,0.12493795211626835,1
0.25311158059429406,0.03405076699518288,0.7456590103345295,0.8269226746150935,1
0.9137102999380408,0.5022374639871992,0.47268738834152874,0.4773987194829048,1
0.1918527236355926,0.6686215530834557,0.14283220722130052,0.5929829975871769,1
0.37864361112872574,0.13237459933818785,0.3933258503877812,0.2100289247839727,1
0.28404268778459385,0.8176402784986577,0.2778012010796255,0.35502197930552737,1
0.3416347442380059,0.859854228483669,0.19867081966046368,0.4309747886039376,1
0.3597307950297655,0.7708887945976693,0.15417958192049816,0.15871618894823405,1
0.30677850605295864,0.46332138817948626,0.29816040629414753,0.09635364750192571,1
0.5789597762331831,0.02742134085837679,0.838687366351083,0.031440179521872114,1
0.652346383107409,0.9200328563281823,0.9410798087332006,0.9219381840140108,1
0.3085231291243099,0.5087798197684961,0.3965674975453151,0.8322600936439416,1
0.6933576645394286,0.49545680892235594,0.5072649784515546,0.893033814795028,1
0.4037802574507416,0.9614215045198365,0.9023296131857911,0.720999736574504,1
0.35321518325736684,0.281986941048517,0.7489531574964828,0.32681294636861313,1
0.3272870607816466,0.27415798700644833,0.11166633397530966,0.9915208031074753,1
0.34067393402292107,0.22486104960387343,0.32807187816885225,0.6093254024414922,1
0.6630586412545261,0.29858184944942073,0.10423198985508707,0.7944852316955127,1
0.6682256686160042,0.7905563565940398,0.39062911322135374,0.879755064998765,1
0.282271358942477,0.653222980737046,0.6868141157612011,0.6581495216125112,1
0.2928291582793723,0.056355694598020874,0.391107502509823,0.6992303260423081,1
0.7422026393990786,0.6657780396653795,0.3922443515135741,0.34597502123376134,1
0.5281982041913433,0.5171994397099579,0.7015658870449896,0.10613344175421248,1
0.2906600521613341,0.4371473594377768,0.6237967931900765,0.8861951517506679,1
0.0771399277388253,0.5049319196610813,0.3753670378032036,0.41164968732259727,1
0.23585689491409895,0.5623474758794511,0.9007139532902367,0.5178074688879137,1
0.6531565879148112,0.488485164777455,0.41035111066795193,0.4790193487373268,1
0.7171871163895067,0.4835438901118394,0.8008288716788998,0.9720430115425346,1
0.10372315341661512,0.9058898505377556,0.41646244202138283,0.6270037872557401,1
0.3124613350899153,0.33751011665239805,0.3351383333387654,0.19292538249455923,1
0.6510796619663314,0.3165123444830986,0.7270853872963815,0.5103157838563258,1
0.8769124260596832,0.48756157204426287,0.34905363199548384,0.5392664069388627,1
0.02439303518519048,0.16308348531012157,0.9587222404238237,0.9518986370452894,1
0.20515679239290635,0.9235039725213913,0.9829692273922372,0.6251174300275343,1
0.6823896508541886,0.36707279472499343,0.6722831104787083,0.7178228611991384,1
0.29681696136046537,0.4618846337174043,0.9886822755816775,0.7937841393504593,1
0.634931996988393,0.7570945097535918,0.8358697872982443,0.8772577942192987,1
0.4877184821606959,0.8690689936560985,0.10742351345967155,0.7112687995943423,1
0.27326796036105,0.1224531248087942,0.42399370743923775,0.770120892511083,1
0.17990903964020932,0.949336324712635,0.7250142800144731,0.6265481206040985,1
0.8923091783708095,0.623489605497388,0.41156252299296886,0.12945328922537208,1
0.8797105197547254,0.4623200618361534,0.2611813274400925,0.4922056058090721,1
0.14553892791063908,0.1641893701484633,0.5516693136796466,0.38352333037388336,1
0.6388223893394973,0.5959555443148066,0.5674661300371752,0.21588157015657267,1
0.025770321240534414,0.37353203493800163,0.43798498991744655,0.6647580314678101,1
0.1923731387567526,0.6752632206939104,0.12954149148097138,0.6293982788906761,1
0.1875980064446511,0.6494273780511416,0.6448004113699767,0.35019939317959264,1
0.41779294414980145,0.44417209149839615,0.5136246169877368,0.22726946965659323,1
0.3527085676558574,0.20101790139374287,0.3112514692947974,0.6258702197797777,1
0.6769000743441741,0.784827532960199,0.3923598303247092,0.865496433300596,1
0.17519430410019815,0.29295916840587416,0.9280747141985386,0.039612315719452416,1
0.36224533453178637,0.18675008103687224,0.8287067168435678,0.1923841068862671,1
0.5344213558015299,0.29861873695396296,0.19203292037762446,0.2953479840694,1
0.16550328848047496,0.7909130391574153,0.2845567819187607,0.7140357081271643,1
0.8521597294502027,0.6118545705347871,0.8785610368926425,0.374754200174088,1
0.2519538158532508,0.02437511243056436,0.03141525716721047,0.24803541630710282,1
0.16691940440264783,0.7130934187486958,0.42353932984436476,0.5903213909526296,1
0.3649517765828665,0.3176156405500685,0.08745924040459313,0.44379614793274036,1
0.4594698792069045,0.5106480742476462,0.6710699909056296,0.07319420083580193,1
0.16495479407645183,0.7859285379956429,0.2846767967500679,0.7125208987853431,1
0.1985045879879064,0.9236510326524836,0.723205362189461,0.6299838199642264,1
0.3258056476826954,0.5506285322743659,0.6117201272554224,0.9277779389795917,1
0.7286546030181198,0.14315602183261966,0.300281308787031,0.5256360444823648,1
0.0988341326506256,0.9176939245404522,0.20544264289907688,0.6464740529792962,1
0.31682499985364937,0.8059061333356705,0.22137438862497116,0.7198430766070962,1
0.2975168046385449,0.22185060731789596,0.06409251378649854,0.4599857683835452,1
0.43189323607280083,0.6465998189036519,0.030802640703892645,0.28299476534933665,1
0.6694797646020529,0.2979342627675129,0.43199626323889295,0.932348554363651,1
0.39471188215471326,0.566462924547091,0.6651189590460532,0.1994286867615651,1
0.4089838472676677,0.15888431514575058,0.6475404445299644,0.32174206772278685,1
0.7994240189661725,0.16190294538627922,0.41959527623634185,0.5874141538470752,1
0.1697186363364616,0.023538293847716413,0.04131472678693619,0.3327900759813099,1
0.5804693760614329,0.21862468157367668,0.2735737186984905,0.7189050814195761,1
0.8502401515436209,0.8710327228810407,0.10616518968469689,0.8211742842703664,1
0.31248697541767984,0.35853978573130524,0.11865225868920379,0.13330787203084243,1
0.34910568787913987,0.7967170141983939,0.7293780082349409,0.9303817299038675,1
0.5677611614618956,0.9673979212365437,0.8125871916807663,0.7583481394070776,1
0.9011196404493678,0.052131195978679226,0.8353371669988937,0.7442052592734876,1
0.01604991330862873,0.2611200558824117,0.9730404790148527,0.9400976379290948,1
0.1611705681479341,0.8772904405288995,0.11884556166897366,0.3993065309597359,1
0.12409568831917095,0.4865115422911217,0.21818089485024483,0.6420869196167194,1
0.3719408355966515,0.31890904310230156,0.8689186692806029,0.7117409675943421,1
0.7726421810662036,0.7621495100830787,0.1634996530889755,0.6874457059075673,1
0.611419200826556,0.313148585294751,0.7540917661526809,0.480079564016247,1
0.5339170879437837,0.9216912104943361,0.7245395856501687,0.18029018126230512,1
0.25029247630285484,0.9864256383519381,0.24221980298468238,0.7443912931658825,1
0.5926990607018795,0.18036932281490092,0.9186001945712112,0.26382785811764997,1
0.01229808730911756,0.25630231820976007,0.9657220709722389,0.9310493947809587,1
0.22469483743867275,0.8772525073392374,0.6877651244533804,0.5245523985485219,1
0.8223137648467153,0.3053408462215353,0.6671931747062061,0.368158407478083,1
0.5960881532667405,0.1833445813551534,0.8095852586191901,0.5351490300161822,1
0.8590640884214558,0.3187821282210242,0.1752590477751888,0.22294625771064067,1
0.4313128090048414,0.5614605630327835,0.4894804050418772,0.5010431238258911,1
0.8839323624244323,0.2632873241137577,0.11747589115185524,0.20754243657303362,1
0.4382545254149485,0.6854943985629851,0.5037504895570645,0.060294116188784136,1
0.32053948913613806,0.9472530201437905,0.25533317620185414,0.7476008692928349,1
0.49661830418291236,0.359428921690076,0.10412851238617246,0.2724872210797233,1
0.6670173984452527,0.7541610625250186,0.41035692042018046,0.8174745717415385,1
0.030823967664704653,0.17179538144493484,0.6936936669770914,0.1756096156206287,1
0.840735936002694,0.650300853154305,0.9109598749020994,0.14764310277573645,1
0.9032043771942538,0.40078363132355477,0.26918038040668435,0.09352930060025974,1
0.6038287417221666,0.136248237138058,0.4562099384837182,0.6925833297756975,1
0.5633827524233397,0.3094138983909537,0.7840370811909079,0.47851168001017763,1
0.4483126640641968,0.5993161732567186,0.5519864924704607,0.883445567799263,1
0.6842365446233397,0.29500713885881696,0.12294715363287967,0.7567347674620043,1
0.19729246743002926,0.5955948686288721,0.16900932272466151,0.5996851476323962,1
0.1638070599111846,0.0969979349749191,0.8177460099236815,0.3048930826159442,1
0.3646086934593774,0.8018184918718309,0.7659455647205687,0.9317332232804184,1
0.24892150345030323,0.725407221165392,0.6444370877299888,0.29702321417490196,1
0.3692915091652984,0.9572811333293162,0.14555752250634504,0.03104050747001626,1
0.24597353407379555,0.7873492023243206,0.1243198747046807,0.5456782414484165,1
0.14170891623159226,0.20751143706317518,0.41721845831752846,0.5264807856088003,1
0.12236252779835585,0.8175879748540831,0.4012952573441714,0.784831332900912,1
0.3061826467284389,0.42190871380512557,0.8636369813442933,0.7905758516359294,1
0.9895308981062713,0.691833710080552,0.9936597792248316,0.9739725429977116,1
0.8224951391734934,0.3053026111395688,0.6672930174605538,0.368117493362909,1
0.8386591887024609,0.3003483901715482,0.2281781197976208,0.35180320877289145,1
0.11767685976226114,0.2567500231396383,0.8396282154523712,0.6583532253828952,1
0.6512217051873084,0.17209205885019124,0.7705054689621941,0.532729936625225,1
0.886477904782066,0.6258385076695664,0.40959510200923666,0.1203177783150993,1
0.30033163452030426,0.4546519858374524,0.876841275168382,0.7144253937833317,1
0.0165858537934469,0.3052533007686435,0.7227649406224577,0.4157399718879187,1
0.05082068905816312,0.044080375847150265,0.13922849246476773,0.1477006151228284,1
0.6648563046707863,0.39250065203440737,0.9116097609448082,0.45623777645749053,1
0.012819289494896045,0.25333427076131393,0.9658032209349011,0.9321473270772732,1
0.7637855981199054,0.4577367727414154,0.5534048298613775,0.008102930336056236,1
0.6725801481394459,0.48566335134867106,0.3558029169700372,0.5776079805640872,1
0.2926671247491205,0.7515047691300828,0.12222020931989466,0.14274271522154472,1
0.14700296083938708,0.931747967884623,0.3848278890117014,0.2768449068198815,1
0.29018721098869776,0.5002427728142709,0.2768186725124729,0.8232282703816531,1
0.9089417439956342,0.7487859407269694,0.9974155725983136,0.9179888234961515,1
0.3714352187845627,0.09428425569626517,0.07767937059609689,0.7029169950555856,1
0.7906750882608639,0.9475274547196223,0.8996347051117596,0.9042479935468882,1
0.9388371142700401,0.2287075831348528,0.04896248440733917,0.7773086416853993,1
0.9133765235281192,0.5572403119376722,0.5229712750051295,0.8646188727485628,1
0.32651987203681776,0.563492442366839,0.07791138109939591,0.7140032531600762,1
0.846548597029686,0.8381897218149738,0.18205336356833995,0.7327380009605017,1
0.8973839607239102,0.7244115584185157,0.3701833305159948,0.36589855543842614,1
0.5423134383400338,0.0752248307162156,0.9390504450008097,0.4350037700350188,1
0.1360409548953429,0.35113692627982473,0.030297722352487712,0.6435328498714492,1
0.029862417480246435,0.16000811348796265,0.7163393540118868,0.2098594271332706,1
0.9511897676085668,0.8146276427804008,0.38269826201803386,0.38138906640679393,1
0.07184290604786277,0.29346855792800464,0.6030253933907641,0.01647536505160671,1
0.031962274943107716,0.9086149367329726,0.6159732927636943,0.22011518170574956,1
0.5625753262639516,0.9262132839294754,0.2150138572517616,0.7659776412225197,1
0.1632394827218981,0.9130069513951423,0.9647987030920986,0.6129511072992404,1
0.6001628967910316,0.1200018003480338,0.866457155782188,0.3040074374395583,1
0.7486064634051556,0.7066520301620531,0.029938101327408536,0.1104933042524018,1
0.4130040932245786,0.5776391853506798,0.5553341514044433,0.9432792376088645,1
0.44531652290011436,0.042075370333549286,0.24185405986165914,0.008436368521960778,1
0.8842867588407798,0.07108469276982177,0.831889486009436,0.7473326245627937,1
0.0743028398616817,0.3148740882849407,0.49144152627639315,0.1446899791720403,1
0.08917955081128838,0.898010134196292,0.4486776970569947,0.6394257603803917,1
0.837294362290083,0.035352051093335814,0.5492613237939665,0.40236588675980134,1
0.9219153846050561,0.7801974597808179,0.8020493633236907,0.6478247851047877,1
0.16990676460257245,0.09994152925204919,0.08899930993288982,0.33649845933489,1
0.8287773272258047,0.838977712582786,0.5020779057997736,0.08305135690913257,1
0.643695952228804,0.6462784733781235,0.20286474635728285,0.9288745289362085,1
0.7835358017979059,0.9567732860280824,0.9135328092202109,0.9095955372560652,1
0.27769307978017405,0.8402530057930488,0.14347734325814154,0.04665688366712961,1
0.8376153238306512,0.8017746533237262,0.5303010753235518,0.8737093307560784,1
0.9925788335026065,0.1889730320116683,0.847697156894944,0.38515532900805544,1
0.8974703494437173,0.5065075374061206,0.11530215837003846,0.3677714845019085,1
0.4219965468984295,0.543901942209471,0.4989295773291269,0.5063410084192166,1
0.6097966870081022,0.10391711836481943,0.9139683717175762,0.3385362641292173,1
0.033762626638103414,0.12792271966786042,0.6723941141233456,0.8216141318174617,1
0.6394436818479633,0.34672409622035366,0.31829750009589475,0.9081840647441235,1
0.5838006028652221,0.9451555810998729,0.9430784109701051,0.7472557839162687,1
0.4836887330396846,0.41477114949890137,0.41469200442560855,0.4517817996499396,1
0.9051414619143023,0.2837514718840277,0.7135620743370512,0.35976541266409623,1
0.8460351106385928,0.32245378916279777,0.19374631496963915,0.25370145005069267,1
0.2736289074967477,0.13758568788869652,0.5544168269924166,0.18059502273127345,1
0.6490759290024766,0.29114829438758205,0.9420559012679004,0.035298115395559576,1
0.22363884827793912,0.8090513532410379,0.8166991584910758,0.4180208905008766,1
0.6383004137918671,0.6268447511107802,0.41477796903961994,0.9425498930584068,1
0.7516232369798304,0.5686866237445445,0.871332404887303,0.46850922723278804,1
0.09629457862047197,0.5461594402812918,0.5718684067598804,0.26525457165968497,1
0.5262368892898754,0.30517704747806657,0.8219151295174938,0.45086921860985935,1
0.11632608300863874,0.9177005209176394,0.4152893140399902,0.6139488142427294,1
0.34362388871745153,0.0448714773845038,0.7091198882912427,0.7039839886218133,1
0.11156374481832038,0.14174795528129094,0.31938823442479913,0.31507019583144313,1
0.9280286509464235,0.07041183200480955,0.03893558793699091,0.895438096595975,1
0.08549704191842053,0.28834371016587806,0.9295753613012568,0.512139708321925,1
0.16729768423465768,0.38417282813731896,0.3064511850120529,0.2179216788573281,1
0.6672334360700085,0.48337161636219345,0.3529137514538975,0.5843243752296777,1
0.26076619584942634,0.7633557584846379,0.1392824377369362,0.5682479483040966,1
0.7144107145087935,0.3526081543790065,0.6841006035587396,0.6898724380537721,1
0.8151040533572036,0.15856805328654763,0.43147895187272256,0.640316519239667,1
0.7595200242848815,0.18578468926465172,0.47565230847230877,0.3164396702818784,1
0.6188288927102545,0.31419652087777294,0.9091275763337174,0.6916947396379725,1
0.9822465350334805,0.02953286873727907,0.6103338805979087,0.5309878419195998,1
0.8629320091613217,0.21513922911162797,0.5120607249650794,0.051386736018870005,1
0.11505296938630595,0.6249308089322207,0.775134359153608,0.19560997881709632,1
0.4736217461489841,0.9038106397216024,0.5520590237063783,0.8806525469673068,1
0.5017875458571186,0.07107326530335974,0.6269865670381263,0.7239735644681116,1
0.3450389673179889,0.5760830678509051,0.8493609610153355,0.10361392577945157,1
0.008467913165821116,0.9283221218692899,0.5347264329171151,0.36481818062493987,1
0.641211024811247,0.07436233948533333,0.669376912360575,0.7280729971075454,1
0.621420475411559,0.3746353634442078,0.30299927943095184,0.45800652773161954,1
0.6432858416949704,0.7751876485516335,0.8003372169248087,0.8899340521311815,1
0.544864071443889,0.07482724245684039,0.8640568581904492,0.9723721452031533,1
0.847617109575538,0.8850904730280722,0.06785078093251995,0.14448519605794355,1
0.6691862726433864,0.7903068999673536,0.3906140932721879,0.8788412283573731,1
0.0644517147276584,0.4909132452787587,0.4748292582619252,0.36381742074967016,1
0.6625461747526952,0.46693495025395937,0.41864592025068453,0.4501581657291163,1
0.010854830492615455,0.30852512295594126,0.03795796685362341,0.9258931611144067,1
0.575632171693701,0.34482981637876164,0.45755553027225254,0.9742980770989308,1
0.8264575123408447,0.9610565110293083,0.6600778637912599,0.42345500990040097,1
0.2972263816094364,0.42593552448003935,0.9206241139549111,0.8369110189338484,1
0.9080993944198001,0.6029407115775113,0.8737829069805548,0.4458526783391637,1
0.9661502619847462,0.11893172451514067,0.7913733578352975,0.07561611670565781,1
0.45022535493192306,0.9698174913184635,0.48330287765079716,0.6316468739107777,1
0.6686933219118957,0.5914563542941923,0.9405832171543749,0.6475190919157668,1
0.826161178163222,0.9195371426254492,0.960254830419714,0.6293263034390542,1
0.5949327073506101,0.7742992424008873,0.4366826070364748,0.8275690045976457,1
0.40508316676518935,0.11453638135650343,0.3802866365152885,0.19639917263811515,1
0.6135581025642532,0.44507065042744653,0.878803386939494,0.48215325600392245,1
0.5914420554529154,0.8894202674693888,0.19882506412528864,0.9472142212673744,1
0.22417816585458467,0.037576000567330126,0.08180749871620802,0.29433458383649963,1
0.04252804539533181,0.17638031906533175,0.7379628038133809,0.23242258048508097,1
0.6762625744217656,0.5505073338807448,0.47449740420242803,0.9272982888216145,1
0.4438608764944441,0.7411000969293493,0.8299453690298787,0.09757073603042335,1
0.4517931614450439,0.576211582273047,0.5343146835167621,0.9636742413243045,1
0.6812194786252063,0.3668159062779267,0.6693460877399289,0.7170128278661969,1
0.755447342565089,0.9446411243972301,0.6495907499031001,0.40776088360739043,1
0.38405577774949184,0.37125432175052303,0.7480577334374982,0.3133571945109925,1
0.8533379477466465,0.5261185487432105,0.973183618686986,0.49721339129519737,1
0.8549624954035582,0.6385332667851684,0.3989620770313178,0.07094445328798195,1
0.12646348097976,0.894307336029238,0.29164784762847096,0.3351435338525186,1
0.04377876319316892,0.31355389070152007,0.5433860572225593,0.4516969258371647,1
0.8483569925647493,0.6377437281246809,0.39483154318875185,0.3266237540555903,1
0.5868033562698688,0.16922568754454903,0.1966360541187004,0.8188531955864282,1
0.3744700100233016,0.13329045926761146,0.3922094351443238,0.20707785645260277,1
0.9305972698257442,0.628717739597192,0.8327196094512969,0.8989066855369237,1
0.7795090538574393,0.7738463338952944,0.16873773286074803,0.6766162997101505,1
0.5946016549466706,0.1063934146553614,0.890865186392931,0.33794429722454516,1
0.23685010495444458,0.3298680318865256,0.1803671733435599,0.9144919662476707,1
0.6177736064799981,0.5903229137019278,0.14029308218344363,0.9300100820810273,1
0.7913754406018482,0.30307575183274715,0.2460987286476057,0.5252557236412789,1
0.2517427008026633,0.4493996459369639,0.914231048431965,0.6507089803805142,1
0.07408934821872849,0.3026505632740798,0.7183451349254691,0.6178197921559734,1
0.7060112315117377,0.5815291665775048,0.9653157649886841,0.042344047023240655,1
0.5022242858044919,0.40287339802007466,0.03691617439574914,0.36961691325089224,1
0.05246803273353483,0.20272667298936733,0.9200654263545316,0.599809789138164,1
0.28554983549863716,0.5309018508531248,0.24799476925224453,0.8015336542776393,1
0.6562039966656634,0.296161430742947,0.9484348596502917,0.03624915277691412,1
0.6207539127942777,0.5750323870292536,0.565161685401984,0.17758088178453524,1
0.651681155086301,0.3165323730269119,0.7270363052382822,0.5108409259827795,1
0.965321532228487,0.06976481458376657,0.6061242547227682,0.9703007670496945,1
0.34070248975191647,0.46257043140830373,0.21741848315343928,0.10087599824874635,1
0.2698052676960681,0.8116792818242178,0.1598482129388637,0.5042607995366202,1
0.34928624814214204,0.3118753760727689,0.09296271611769913,0.4478108641865532,1
0.1773217200634023,0.9475777515879116,0.4533052787000245,0.5551004468946292,1
0.28144676367085614,0.1899077601499614,0.09241095606126815,0.46407354377391785,1
0.17369325537651026,0.13251730464678152,0.6573869460429079,0.39050777851232465,1
0.4936688689177716,0.37626527993001474,0.03696968944020892,0.3512661150517862,1
0.05310790567190034,0.47239516823688893,0.35855785650872096,0.5286000616818223,1
0.10475297709399778,0.010626259602283137,0.8563484283699094,0.07857734817624291,1
0.9231853380004276,0.6369358930836392,0.8476726408293339,0.3754043491205331,1
0.879493352036677,0.6286519635751527,0.40723857467020225,0.10937549326573187,1
0.9724036808152089,0.1902436664924423,0.21818476537307258,0.7470394371657457,1
0.030651041079462184,0.5934904536433762,0.7746347071373791,0.4471617916943902,1
0.35155891401595984,0.4444891159432149,0.5294260391373207,0.22988224510358285,1
0.6481125101111069,0.41444300042946497,0.9016337349609816,0.469950937218975,1
0.6089650865410271,0.44470525972563596,0.24823526725362438,0.4360966552023405,1
0.014367333305284823,0.2934447795407654,0.7628870542988166,0.40458713975498944,1
0.7784193718744309,0.9364189492916887,0.9117408171758814,0.8695696459863284,1
0.15574486658973974,0.8006402357104929,0.8124575493935475,0.4767647883681613,1
0.15226792259709154,0.9520779856797238,0.7247261707595121,0.6069370781220785,1
0.060518617991648045,0.7813845061789751,0.03246488203814599,0.2692809962874477,1
0.5693368111822938,0.2775942295772963,0.16551917405768443,0.019995568823900422,1
0.36168055312697783,0.21445364688475704,0.3425139045827981,0.599327077219647,1
0.9411277968144731,0.12632836759997804,0.2597272071036687,0.7739877941102185,1
0.35631822489689574,0.12648337520330097,0.42172717571569235,0.2010638680714339,1
0.6320681674232902,0.5201880087698019,0.9453458819136652,0.9968385921652935,1
0.6727662937734681,0.3475952132600485,0.4199206894794661,0.9318721061532171,1
0.19315213677385004,0.15196959995203152,0.18622689941657014,0.3918764829679018,1
0.03570227566947401,0.6166222962730481,0.8163296877470076,0.41900715205993244,1
0.6176127995818614,0.07917701186514844,0.6484164257066296,0.5090119242671061,1
0.26176581942659183,0.2819353711919716,0.23201338431966909,0.9494464439744478,1
0.5283937296007662,0.3751107680792645,0.10252690559731316,0.3017011160938529,1
0.5431366346032028,0.5564637118775495,0.12227479905915148,0.9234239586699946,1
0.9259011434431375,0.13697658469149812,0.3860550166661996,0.7824661010831732,1
0.09826298740738455,0.9031074982861133,0.42950164204433683,0.6315865254529075,1
0.09005241828277538,0.6627314752377363,0.22222349120039417,0.5809906382794431,1
0.7963157235662444,0.08537407886475674,0.9029669023540271,0.23883971489792455,1
0.8104138337733869,0.9468155818506644,0.9006353972764505,0.9139426065092682,1
0.9501015272977921,0.13490934428639093,0.7411693859299071,0.08628916990212311,1
0.16344648910071474,0.3326511677402554,0.07240131182018632,0.2674047776228882,1
0.13167934738663709,0.8550829493070458,0.35269702698206523,0.40993082985182405,1
0.5027746537360779,0.48704411599978276,0.14291742174479405,0.07430311973399549,1
0.6092878541515133,0.9681190109390891,0.213656645620245,0.9838832405001009,1
0.6932240290715846,0.547546770778078,0.632047762863546,0.5144845467576066,1
0.20166570120595498,0.44374186527231313,0.4372954127173646,0.09039970301680215,1
0.28791551271685856,0.23740448223437485,0.8662602948981318,0.7350925995882701,1
0.18926074455882272,0.3999117887374036,0.58476825647543,0.245376392176768,1
0.8897068410498888,0.6500019457116113,0.5555435427746488,0.7544121251651896,1
0.03004781978614674,0.27327640360075584,0.7693335788980062,0.3810279324170388,1
0.22019435868431347,0.8768710547560425,0.7594386416040976,0.059770629212516635,1
0.12254971106539739,0.19179897500411072,0.43156943277048737,0.5767290261458424,1
0.24130654148719563,0.5909280437164119,0.1839415416363043,0.5835259683405605,1
0.4848961175373281,0.07444880939511729,0.8968238962138925,0.7065689433279345,1
0.6215178632922966,0.5723185040710835,0.6223877909011605,0.6023831186317858,1
0.22420576557318248,0.0690448971891542,0.7317667964190187,0.8155274616223605,1
0.27363361887197585,0.47017243361924704,0.9009165699424025,0.6603819336782409,1
0.9286557734532758,0.34732949739660884,0.2876746647346682,0.13793996940616696,1
0.04379752130182292,0.6650897117807466,0.17003393212637857,0.9296207485944262,1
0.25180705171044915,0.9926513793035369,0.17982424434132632,0.7816796240612157,1
0.7243103137129699,0.5382011029618441,0.6297272339732519,0.5125890129376529,1
0.6683770754145897,0.5867109219261484,0.6236322542082565,0.5615831282337215,1
0.9638341644232021,0.2465972973940284,0.8851974340378324,0.6570790652508006,1
0.8574282961442354,0.6181324048169914,0.8710342131812937,0.3684263433942657,1
0.9452210935958301,0.2762686289742282,0.6054132152555233,0.4179986108546312,1
0.1416441541541076,0.06616444401986854,0.06408450184735431,0.3586767282818444,1
0.6010854641787684,0.9760827591023888,0.1597497431103179,0.48757483400498364,1
0.2605166291413623,0.098537470887931,0.9368597145271024,0.18253071076128544,1
0.7836822390114244,0.30751850497289573,0.7198625825729773,0.5957031694458313,1
0.5482381763651933,0.9826461458867938,0.15675957499807133,0.5169450892838126,1
0.144444488892419,0.8637255220988445,0.15018115815058838,0.04741084471678378,1
0.7698047424513409,0.0026601884595936418,0.8895687060994986,0.32480498281285664,1
0.7840849092268206,0.6929429114431804,0.03024146756396043,0.14648927774585002,1
0.5265619068602291,0.3732184871657058,0.10088802278189518,0.2989574996723069,1
0.014086143953528286,0.30587129265500534,0.7243337992365524,0.41984578811746853,1
0.13051845818590524,0.8138924478773439,0.8411930297527674,0.7162746574122565,1
0.15489635655076242,0.5075640451806311,0.6060246410523875,0.2821095885082834,1
0.46040612226496536,0.07345446905773075,0.8717597315514153,0.7056013209379185,1
0.430145943835391,0.5219618520136883,0.15345230122722123,0.028844202819558858,1
0.07928425007033288,0.601207051715695,0.5276071521404692,0.5687692496169913,1
0.2787761128259898,0.9992303147619369,0.03293122005893799,0.8889599861780739,1
0.9123420648057955,0.8186078583846083,0.42999043962997846,0.9357233270150048,1
0.11442720974128338,0.201013641696006,0.9842605036510954,0.3623732237959791,1
0.15100110093496677,0.9256453357176326,0.2766881449565468,0.7303298897450099,1
0.7136131649800609,0.26500211820735514,0.9527669988023397,0.7768724183646315,1
0.612932004512084,0.714549084681159,0.8419604104458578,0.6372814643392934,1
0.15058319396440653,0.9363889559243103,0.9858882043601201,0.5666926916560062,1
0.20711461711558068,0.40791460263154855,0.27677014690200963,0.23047778667302318,1
0.20017472621521776,0.5942257369126183,0.1738444712051074,0.598532968625937,1
0.5708175933347575,0.1688710797001768,0.0926965648125201,0.9620170347604315,1
0.7503313318125362,0.010123707715802887,0.9411485096382267,0.17699959489027373,1
0.31651278911646885,0.8629482224911971,0.2193935242501484,0.40235822016044975,1
0.5090394074983976,0.43394911703744815,0.05314658950939424,0.4357176703863054,1
0.46163847118302487,0.9806734585773483,0.4319813042101615,0.6580010345994232,1
0.6935346266535826,0.48108119343370725,0.5289910037159774,0.9035506886453191,1
0.6842498159523834,0.7233749221558204,0.5414183649627172,0.34191210811033973,1
0.21695920791907672,0.26788193699707846,0.4879337805026843,0.6448342804086149,1
0.7660764509742776,0.9591827416584046,0.9101943994691194,0.8936425507486803,1
0.9555158797360204,0.830247530846858,0.6761606005534573,0.8277879772870572,1
0.2805496738985683,0.47292851719297796,0.9804966605513867,0.8267040307628486,1
0.6423972096025324,0.6524725374108901,0.4187470739605139,0.9363802067655068,1
0.0718884725966116,0.1352243407814248,0.6851990638760411,0.5952846573779493,1
0.21632090955558506,0.4006863597119411,0.4518733207284056,0.3393692489613698,1
0.7260402107156998,0.6709953052457992,0.7821573027051075,0.970835229952001,1
0.7237831219274201,0.7408125736349385,0.38828872909581036,0.35726017116125863,1
0.0732385059690458,0.21587918298311998,0.7865490376929452,0.31601227984571006,1
0.6377937815589282,0.6247594471258155,0.4036786009619966,0.9389354030578257,1
0.51428449121615,0.9102441605885525,0.10766456529073379,0.6411576616199872,1
0.6449383861761692,0.35097929081399754,0.07143690605644801,0.26893927502479975,1
0.913987503451164,0.7896639210494669,0.08881577852713145,0.7521394673191775,1
0.13113516430666716,0.3251063336221534,0.050164766172130434,0.6423117220462558,1
0.2832549312412877,0.23846537565955966,0.7073526659231932,0.2195227456911842,1
0.7725796017739212,0.14642702581587608,0.15748831397648214,0.8137355866141904,1
0.18834243823555105,0.4151136329878285,0.5584059528496699,0.20689459675032265,1
0.3349122019847338,0.2374006532505907,0.3220039716170499,0.9636199678850836,1
0.05818258756375354,0.5052714926366175,0.45040561526937484,0.3617445836867563,1
0.9879624477721164,0.2256038101222902,0.6357673070574911,0.43692798088992574,1
0.00434240819527385,0.28494038751525597,0.038480134737672055,0.9123083432633149,1
0.044573555846066065,0.17906196992125928,0.7413842924699108,0.2366978737587454,1
0.8880770934802442,0.6419776265617168,0.4200169568908826,0.1012737253690498,1
0.8842539400420629,0.49681326489919475,0.14394373464602292,0.41231301770649376,1
0.10576573986933437,0.6181128797972549,0.7614829418204255,0.8765457935978023,1
0.6900216513692363,0.7420903845952866,0.8884222059775223,0.810057301316344,1
0.26989861982659463,0.14998268272310072,0.4401989205374861,0.80375804690481,1
0.17355477193219834,0.14796724716269896,0.32413814599430824,0.3606842874601553,1
0.6636310229437673,0.298780247035887,0.1061372455003105,0.7919203369988442,1
0.8421282477714045,0.6439916611551241,0.394761146684262,0.05083803538986167,1
0.17835076696711882,0.0979828360051212,0.7822689713822286,0.354876247604058,1
0.0601527102807383,0.7807499585113403,0.03238931142817011,0.26753625727423064,1
0.07420142950544632,0.45123782412838304,0.9191710365160775,0.5132867735372137,1
0.16529261283172728,0.2174899525923139,0.016391119651709384,0.8541687362369724,1
0.5314416849768228,0.17993096419048404,0.14142051091487434,0.8004719460692064,1
0.16759989700068476,0.12165621149329102,0.7178958685897772,0.787077371442801,1
0.3500281305996735,0.661245042081876,0.3045452890439383,0.7863222485420219,1
0.6544771657635059,0.5215285605294475,0.9930024752894179,0.664976153249524,1
0.54792544835408,0.2792768824777331,0.25394309998036546,0.7117378963164052,1
0.18020175360869994,0.7981761043308845,0.8154670725464525,0.458425027491693,1
0.5917321511461836,0.0020001185649924412,0.94300361648903,0.024719852122149107,1
0.6438033422826989,0.47532128883364666,0.3627728326615435,0.5795606473216022,1
0.7006636913699604,0.9536945785870207,0.8970942612045437,0.8253267785544877,1
0.8357364224437356,0.6009054202446887,0.5395950951321238,0.7660869844253858,1
0.15074040344253756,0.9363492476639312,0.9858825083172954,0.5669122913870084,1
0.38409950655727143,0.34770829609870124,0.7494069855878974,0.3157354802919022,1
0.21668832176362834,0.5482429276485533,0.9319446725857746,0.5074539741366136,1
0.3329049608208539,0.3163988357315276,0.08203475726690872,0.40344959080259796,1
0.9420777966601429,0.7253687435260889,0.9958712932421876,0.9410077954438162,1
0.218253116024622,0.489883367904944,0.1374796127494148,0.0813478765664456,1
0.3752925500590786,0.619475170758984,0.8710449001035969,0.8651650594847192,1
0.39052585885850644,0.4693421295739027,0.17156436018534482,0.04670546517113676,1
0.42510498452587214,0.19563700766322545,0.3891456445121543,0.903850485586102,1
0.8572137700428692,0.45610655672814016,0.28863981410221246,0.45897813194030906,1
0.9242412330042501,0.9037152308595677,0.8412423643854248,0.9252368833622331,1
0.06658424244578395,0.7965396007796111,0.5067640693781388,0.7648473197963747,1
0.7423133363212986,0.6490010393629747,0.3974566728685843,0.3192171395980386,1
0.34570891849249197,0.8922153142215555,0.934576444022098,0.4656746992982385,1
0.2621765070383455,0.9571555265228194,0.2351283725819588,0.7372140911298204,1
0.8522913274733277,0.5564908456011372,0.9411488927582005,0.4591049886354702,1
0.9406459291708039,0.2333577816332546,0.048718551986193424,0.15500094245276705,1
0.45603593817003496,0.9714563644358372,0.5078226443811855,0.6782828248438839,1
0.8088570811025447,0.7506910899731929,0.12400223524487554,0.707991524817304,1
0.33362889241342164,0.5168392505085309,0.9644797834887376,0.1681356774498405,1
0.8602050285401787,0.6320688521050615,0.40429910169593264,0.08005221045170459,1
0.07967542453663522,0.6604755886753639,0.08447685824897878,0.4172149661992228,1
0.8393520794413051,0.7669259507102325,0.131137517719387,0.7175819964898302,1
0.8187161432908242,0.8572963107807422,0.5199947675064566,0.07817166435235239,1
0.9672876121566838,0.5340138185999305,0.5958654119604615,0.168900077823041,1
0.541447659102688,0.19450258894355546,0.13729557108649895,0.8305061751289544,1
0.6254794998725197,0.21902904012984437,0.17435512073649168,0.9943188012174045,1
0.10925313265507684,0.31861039217280207,0.9297332955536731,0.4996991524246595,1
0.3445419074859995,0.8819338366942265,0.8611322408924492,0.6934977443833414,1
0.5808139847227582,0.03180711348078859,0.8333316627622779,0.033906308436126346,1
0.6662736565386095,0.038063468758469485,0.803673877685142,0.402068654674708,1
0.5799173930914369,0.21228347644427137,0.13789745152464253,0.02634650025102592,1
0.8938308857156377,0.5181970286979368,0.12561777384301748,0.39809485173513826,1
0.8832798698705546,0.9151396999884288,0.098272158659847,0.7903063009249951,1
0.6635878165331969,0.8035413059584866,0.741905667822868,0.9088368021288393,1
0.25146949319790907,0.32518263882946924,0.12941030914615548,0.9874501673832209,1
0.23514329959029073,0.8760388557364802,0.9122023304384508,0.4229743405424271,1
0.7651979632033437,0.13421391905888289,0.4160500244979505,0.5155395578475571,1
0.9174451608127551,0.46287901006233056,0.23141239292097152,0.26617692544787774,1
0.2729083320660598,0.029629480899126346,0.7388002026672543,0.8422602505317216,1
0.3300450981923773,0.27276557443510197,0.6484508900512461,0.8639517127527087,1
0.0485251154595277,0.4832289216088102,0.4620183045291426,0.34657994040695855,1
0.7581268166576587,0.5496793882152745,0.11339199707932458,0.89028728403592,1
0.49424564630132084,0.49181340921222555,0.14364397506131635,0.06813343904094032,1
0.31441851545862226,0.7693608734350232,0.07511686675581469,0.2208363627901247,1
0.31557088312348197,0.1609211171637817,0.4267415002089109,0.18816777243991695,1
0.6416356792262823,0.6475316270853494,0.4197425611293724,0.9382422707590627,1
0.04705380554702793,0.7351732126393138,0.5006591515357693,0.19395872231122427,1
0.9137483436639227,0.36087769096727523,0.27417615480608654,0.13399031943915748,1
0.13309607784192656,0.16648875546184708,0.4842643965990203,0.3891618645624712,1
0.371026275462925,0.5518408112462023,0.5310892900067219,0.2291378098931645,1
0.9650641400413555,0.11993742619259334,0.7953746115090917,0.07673373792432349,1
0.42515017070083894,0.9644777829060085,0.23509982218529754,0.768127749949582,1
0.03282648572132257,0.17332238825943364,0.6995928140563351,0.18449958108565012,1
0.4745283504806243,0.8920282955112697,0.5825525582477787,0.8928700102541256,1
0.0643387039175534,0.4452205583002452,0.3420922694940143,0.5387469845711479,1
0.8990348057836314,0.6311045109849632,0.8528098029954266,0.3756814969705675,1
0.39874090707984977,0.13975999188703364,0.5891926906901925,0.311509432554049,1
0.46552792336980425,0.08718260998754035,0.25798922225891213,0.49393542261756135,1
0.364746983410923,0.6147410457914697,0.8520028742596145,0.7831647159079058,1
0.4610075345025874,0.4321906569501184,0.783445856224907,0.6078509354160755,1
0.7362471776918635,0.007117507862388911,0.6943178194306682,0.9722855364385682,1
0.6410986811183994,0.2917180840150363,0.9493447112702464,0.04929455985479542,1
0.646554622297688,0.2332290883702432,0.7455118908462703,0.5164848507889,1
0.3637261133241703,0.5231648219327139,0.5158270424059564,0.2288725467837023,1
0.34150975064926364,0.15376517241382576,0.8666197082313323,0.15723561258529545,1
0.31196546659714774,0.3766983237052432,0.10792429697037886,0.1467516987818381,1
0.8603160417367711,0.0634909749381518,0.10096761965922815,0.4146931748806931,1
0.3525004494477493,0.3196656494126794,0.08191418353120362,0.4176079674693876,1
0.6417864540693046,0.296554101882448,0.9430344718825097,0.7203395737772567,1
0.2015318551123113,0.9413973171816983,0.4556348722509626,0.1953745820384182,1
0.14851712561321434,0.3413231097062357,0.06121265532818835,0.2314594025845187,1
0.018221383530329534,0.3352030926224944,0.037367314522307994,0.9412596832222566,1
0.9559058709766068,0.13016814243612448,0.6578054379598901,0.07700498619082388,1
0.13095821926044462,0.653211936790298,0.16744189796556447,0.5470597350570208,1
0.7168794999218115,0.9740997066720257,0.0907262602495162,0.0459206215476788,1
0.43879044480182966,0.11362058192502447,0.35167575133117673,0.83870927243088,1
0.7122598626386385,0.17112078153243243,0.5948223996956892,0.5947382654543122,1
0.14047142031617338,0.35842970663481666,0.3667488264635019,0.22886213814854897,1
0.651655807273101,0.05449007042228607,0.8168160750380663,0.38218449724255316,1
0.47925345483752013,0.6647856817919994,0.850802139199394,0.08770111340320642,1
0.8482163959817095,0.6179556318946441,0.8603827670209923,0.37978693384262635,1
0.7162074689519075,0.9052589792243815,0.7371943483148241,0.34160757563054606,1
0.4814933665058255,0.9937772870392813,0.16224715324015285,0.5296805751109617,1
0.5992634625820972,0.1616627683829288,0.20636808887176517,0.8299503493319145,1
0.1320155549934734,0.20127249694362853,0.7471626463701879,0.8907913942070776,1
0.6746752829730172,0.9690774055130471,0.8837408892081008,0.8168404740758033,1
0.7780565373934935,0.7643066854491575,0.16220200134955604,0.6749554218395885,1
0.7421105734513446,0.6797313673821802,0.38790929597797214,0.3682293864206706,1
0.21130976558466158,0.395934526233204,0.5301343254991433,0.2801957636948534,1
0.9186419938263338,0.6259404287436899,0.8495003644171873,0.41174871922042994,1
0.24519840705896137,0.3811437374671776,0.3006911099397929,0.2164894424866778,1
0.21152545426420283,0.8466958684021869,0.26940736051320313,0.34334623344124693,1
0.24314273886896037,0.8881297782735934,0.1308401437285941,0.7060459364680021,1
0.28726421170675875,0.35055125652099134,0.6140568046941887,0.860269786253192,1
0.6725939430485576,0.5735833932814212,0.626966904099303,0.5455463191726193,1
0.2781556396064819,0.4131752945740497,0.9583505122841133,0.5356985944579693,1
0.43882459985896693,0.16682247972054726,0.27955368821406906,0.5244163548232408,1
0.16119032449817883,0.6644069313621946,0.17114521838437588,0.5822509647800845,1
0.1532791108563843,0.6049741871649602,0.15628651993633572,0.6122323581557386,1
0.6014652726062453,0.3029751412683616,0.9331663297173709,0.6831489772472146,1
0.8633194858842407,0.39224071892215895,0.22001772830483454,0.3369306054138978,1
0.15041975177415678,0.1981087437023358,0.41708704800044605,0.5504284411021568,1
0.49271991040122565,0.891205765248597,0.529017786863486,0.8480649855419041,1
0.9315429493356912,0.714705579458538,0.8818760040404645,0.6967023635528663,1
0.9858188309892625,0.17931251387321182,0.2995494199380959,0.4181693813803094,1
0.250946586588235,0.9778940386536173,0.23807725904791038,0.7401821437211342,1
0.3083066883487757,0.6949066579934647,0.7789418216050805,0.1014724618453371,1
0.12901901249267336,0.6040373809202048,0.770257181124145,0.8500961555911867,1
0.09884543996234316,0.07370520124309515,0.08765723985928481,0.2651814236807504,1
0.3518783288841745,0.32998813990552817,0.1637945384551837,0.809881760229743,1
0.7945183140322347,0.48839888051381863,0.532294197402336,0.7616935827002751,1
0.03272527799292456,0.6468575765523653,0.4708657967974643,0.20099730039139446,1
0.20743539419829554,0.36228287968512196,0.0395739950348277,0.7518166139426724,1
0.1607030672926439,0.12104238477841106,0.30107832192899886,0.31803772832889454,1
0.32906401120115863,0.6547432141866152,0.8480209369338507,0.8320887367396037,1
0.16955767774524788,0.9244305228942935,0.2846058232958588,0.7459093812020104,1
0.5370425688752392,0.30704944726110667,0.8039124416272929,0.47144878504679677,1
0.8356344324654084,0.1549343217290622,0.9793167105030243,0.4641447712185648,1
0.13415558573391678,0.1993544532634155,0.705431339095885,0.7158181199442845,1
0.44494001686006585,0.12246522061705793,0.07836077816683552,0.6920883181673104,1
0.5672369957848933,0.07392547237802467,0.6254369634796578,0.7198566757676643,1
0.8281749513891248,0.8379841325677957,0.8271596017108415,0.9286065409946844,1
0.676727829585824,0.3477056147429524,0.41414579098779175,0.9310230267634407,1
0.9654824995900283,0.5297806434621825,0.6095151534002128,0.1572147453191703,1
0.599994222405275,0.14652562703211783,0.16989227246036576,0.9487028611712515,1
0.26378621856988516,0.1642901748133874,0.5239611127961825,0.9142000180720078,1
0.24080771107693535,0.8452953220154679,0.8555668055640225,0.7023023632019874,1
0.20091769150966102,0.10818231426310454,0.3132912626908868,0.3277051770952434,1
0.3654637398023942,0.47687074671003626,0.723858015011593,0.346296239236292,1
0.44429098950763907,0.4562504632326498,0.5118086434685494,0.20171167794203315,1
0.6124181391575589,0.31381560559069605,0.7470367321348581,0.4916600996238868,1
0.8227135105517248,0.1290282996826486,0.8997536133679785,0.2077530818041183,1
0.02556232941427499,0.1541614930518687,0.7095409892334317,0.19735169485280735,1
0.7693963427785186,0.8904890164317588,0.116240661536003,0.916861612473285,1
0.04070398443765908,0.5815514609236272,0.19214718147059148,0.9028547749778659,1
0.6007927389335197,0.34899999461322684,0.11014565097492658,0.2859475725618467,1
0.7543819269879318,0.33466354452718483,0.5198320835423027,0.8861044639546445,1
0.6355485108803857,0.24314237579682718,0.24568192120356336,0.025951897544828764,1
0.8075486960995962,0.02036796031284406,0.5593680925522435,0.22495774849252162,1
0.7788201375656848,0.9614080417895685,0.6003217405381663,0.5127279264122764,1
0.7265842836704265,0.47921419889081196,0.9960950920726709,0.5994472662066304,1
0.6712505506929455,0.789770833259213,0.3905818163396697,0.8768774504989262,1
0.7728010227168691,0.2795545163277353,0.1388948312748934,0.8760303006598575,1
0.874059736852224,0.10234681239922398,0.8430770640001531,0.7334082228470061,1
0.8692073264312843,0.864390319916339,0.04231330074755458,0.2070065358759584,1
0.8610750617479469,0.4626910861531954,0.2822875716180126,0.4786059197736915,1
0.9081099007698333,0.2826351570945596,0.15167647041557888,0.6602810124994545,1
0.2526037441447921,0.09576344525183145,0.519877362368991,0.11418976900574739,1
0.44060446951171195,0.7026241254742182,0.8222525800365452,0.12347558478771255,1
0.01689768154271522,0.5922322669750865,0.7852753569636941,0.422457828146381,1
0.8073961165201706,0.8458912209555861,0.504588821129531,0.06988427100483198,1
0.6077330477590286,0.18136662378077456,0.1599993413312305,0.9739892238026182,1
0.640309410798119,0.3491852533911388,0.8518013769831283,0.42314512199907295,1
0.32626591498299734,0.6040452678758821,0.843109331519161,0.7089320617855736,1
0.6242235443243033,0.4271827571374693,0.0469425931532922,0.6337583514515592,1
0.6368268577517566,0.7611984858267293,0.8278101122878786,0.8801330863257694,1
0.24796212277536397,0.20576462657826333,0.4811482818347319,0.6456874843439586,1
0.9854522372216502,0.6901995482540936,0.9852861051090468,0.9467840074697799,1
0.9204383984092801,0.49959396857977556,0.4268634203582539,0.6097618252377839,1
0.5326135700412938,0.29482133930231186,0.18435155513089108,0.2981794681082978,1
0.5319545351525301,0.3361925809944093,0.24106211769840602,0.7025809582462618,1
0.6408438784223475,0.2543373368451845,0.26460982364552255,0.011860045713888916,1
0.4597323443249528,0.10279723876306626,0.6360473103044312,0.3452982640484779,1
0.33254814070895267,0.0401509933705295,0.7441047952828626,0.7451149545487754,1
0.6518478163228989,0.753917503071432,0.41283989285896994,0.8246779333517773,1
0.32476403710164325,0.5638749174656761,0.08051023269105712,0.7110554797078054,1
0.9553089461177888,0.13070136005882196,0.6619136162635441,0.07772122292657649,1
0.734506810428918,0.9276309909240826,0.6270403501143206,0.47087065890822943,1
0.896860662701162,0.8620805309979594,0.8572723541916313,0.6183697598496953,1
0.6516785333199109,0.5634369614759496,0.6227207976523577,0.5966233028193522,1
0.7723308494597154,0.7638818158105457,0.16495884994278082,0.6725473107681821,1
0.22078833234017436,0.26497059198564593,0.4729184480870729,0.642003437328276,1
0.5466627437969089,0.0941201978927608,0.5702246150692672,0.30205467657820473,1
0.22126003305977035,0.9778814983927119,0.24680765913866198,0.7396790644180213,1
0.8024461526045561,0.5862922341475161,0.8629999639173164,0.45130342173976074,1
0.14517215354376695,0.4204216769461674,0.4543975673862964,0.9003396904410705,1
0.021429396271623755,0.2960407428844588,0.7498198078102051,0.3950824805126126,1
0.8051951616023539,0.12158664824869041,0.962492691822636,0.4121993523065727,1
0.0730341518562551,0.6761962298975465,0.24604739147836102,0.5724356422230644,1
0.6494443002881546,0.17922535859128413,0.7793008094514932,0.104299916779796,1
0.5106508904410034,0.42049111691066776,0.7544229797617903,0.2842852426558612,1
0.6435989346195594,0.6781205762736309,0.762486050349531,0.5046508424977574,1
0.8883511109679174,0.7062956853645626,0.37439813880516254,0.3601144539216691,1
0.3064761107257727,0.750508205041413,0.14924790150122194,0.11735366184316842,1
0.8162980085281851,0.9766096090531312,0.6421070761593083,0.3984213308141334,1
0.3317118056090208,0.491028941064508,0.3754031015438702,0.8440067832811032,1
0.5763872973157519,0.7657538450123728,0.9136752768033799,0.6025494363150066,1
0.6775540458178914,0.7642324242494978,0.4033158362152906,0.8295812677224393,1
0.9256057281166403,0.1359597453487636,0.38662339792576716,0.7800519235487651,1
0.08097765993789272,0.917699452210058,0.38665282092028835,0.36373155122218925,1
0.3501660196966876,0.04409397291782559,0.39414960136210564,0.7060645170302055,1
0.8689323689700402,0.8946392031624211,0.9033014357292181,0.6177566060397238,1
0.929117807042314,0.5248565617338257,0.2198696589809257,0.10403185795075132,1
0.7171122649166086,0.6918833361328004,0.4362607815089385,0.3592286605892481,1
0.19367660172746554,0.9095301265354045,0.9509142157595172,0.2856628525760058,1
0.4796446302612363,0.3738180193370354,0.7387021734702404,0.5856958842000012,1
0.8865475912165781,0.49637084439788953,0.1445999044649602,0.40299994746846485,1
0.6597995775477212,0.6621466653437406,0.5549637346036754,0.2920819760227569,1
0.9841584961902274,0.19447648587784772,0.7765416823019969,0.461819360669735,1
0.10308687634317848,0.6302198258309297,0.5015904427984574,0.5761465101705228,1
0.12717704075495692,0.13349767348253966,0.6514383312166724,0.3531410040398164,1
0.8851981052582997,0.5053828277890416,0.11185476993342108,0.3870219555464764,1
0.31239229379057704,0.84210185204174,0.21232123379697354,0.7138482585824922,1
0.5704870880187792,0.9636178029555406,0.8347643655084767,0.7564629773462267,1
0.032146917455807895,0.2510373508861588,0.9604105557855415,0.9284673104877852,1
0.523743052188535,0.4534862389435146,0.7596549270846017,0.2798669828228598,1
0.1564525587872544,0.9242768175533668,0.3058884457905671,0.7233071296031383,1
0.4823176442452808,0.9487988173428124,0.08153547385721685,0.7179652007841509,1
0.6766390781862557,0.08319463438265173,0.6512030280367753,0.6873299126394218,1
0.01523751860348016,0.5650658085453528,0.7630253968661015,0.40408387677677726,1
0.5660928687423604,0.12383926393412732,0.8506433776561749,0.3197444570865086,1
0.5344651110745096,0.3726850028928843,0.09272230657993412,0.3014701489801396,1
0.16087594880264777,0.8993108682654687,0.10525962147456425,0.38997633476583365,1
0.5750173581327778,0.1409953190392633,0.8794853205646092,0.30427708220626826,1
0.17478884954648763,0.7916627296817845,0.2796229715468409,0.7177865857234739,1
0.13603290355586914,0.35572582295006955,0.9275702747468413,0.48146024873635157,1
0.9570074070044803,0.27383995977037195,0.6141923866164081,0.4139669639174215,1
0.8929648191974263,0.7964753929217123,0.40160930689494934,0.398765629071255,1
0.24720377583021722,0.8357356925605943,0.14078504640610237,0.046217748592264095,1
0.6634923688874518,0.15585674712902903,0.7760344362245137,0.1133955282319955,1
0.18904178344920894,0.20993465686380525,0.016190985845963998,0.8456613521457692,1
0.4325884073244568,0.5608706292414043,0.4913659537438823,0.49536994062538375,1
0.539680857842928,0.9710741362645543,0.8202638945504154,0.7034992503909636,1
0.5114110522012433,0.9176717563576754,0.11264685443094949,0.6309231662976639,1
0.59379112595551,0.9029600216342161,0.9241841654137213,0.3191475722202352,1
0.18927021347169062,0.07972828843538037,0.07742258355270284,0.3194187986241915,1
0.21746060315867413,0.7471660029676621,0.41436251852282124,0.6390955021571293,1
0.2960598569740219,0.4145139342068079,0.11917479538539745,0.19251228176738958,1
0.8512719232185518,0.7970318103205709,0.13406903389374933,0.7869135079059412,1
0.4507796366835943,0.27609063457307875,0.7014888353933272,0.05594434814890355,1
0.18449830912394835,0.8788524902014263,0.06642213155990134,0.2364672350771543,1
0.9395468725934221,0.6883290404807738,0.09499461203028808,0.4491881642187515,1
0.11821137774239852,0.4728305702839004,0.3716145569517625,0.41106274633921625,1
0.26402163218289654,0.45610775259442393,0.051690348653955,0.7533680525710041,1
0.577812164823896,0.7507511639431614,0.45088133587742313,0.8001853236831752,1
0.9142092036188931,0.5022127638169294,0.47369443207233974,0.47603248023090833,1
0.17099721568718595,0.6699191358842123,0.6752729693362832,0.6587012561534044,1
0.5366625454874141,0.574968739621097,0.13465996764262017,0.939164203378403,1
0.5986167082327851,0.7613446731016348,0.8994766878429886,0.5679391757464891,1
0.12745951483830165,0.49324421757429965,0.980488268859542,0.48441856960561097,1
0.24191550538815515,0.7824094860193161,0.11262077344524186,0.5427666529911276,1
0.6125352070373712,0.22429214371523434,0.19427401663788793,0.038337734862548434,1
0.4724099749954072,0.6612684152680938,0.44567972247908527,0.36550485624760454,1
0.14069203607667605,0.8174835625345127,0.36349078816182234,0.4539213639025646,1
0.15027876439363244,0.9825141928095458,0.7286776793105191,0.6208576933131797,1
0.7536373099217268,0.7600061727074554,0.16448045361702338,0.6660034798065998,1
0.6436695558609831,0.29625422300158905,0.9434953392360305,0.7220764692852288,1
0.2661079745250221,0.6191061009915025,0.8943704109914073,0.4792775457571566,1
0.5959545104870344,0.4485473734966776,0.24841442117118667,0.6915004970916749,1
0.7568875203645901,0.4441026607851682,0.5673516592279403,0.008717228368814658,1
0.38397962113063455,0.42082399569343243,0.196252699256245,0.06394622390902151,1
0.6268958095284891,0.8221535642354197,0.14013675337009782,0.27079117802299163,1
0.5002656703876807,0.8843516358894398,0.16853621028616025,0.8460264757971275,1
0.9662928346826626,0.14213353787801195,0.19813952583785702,0.5138534337156355,1
0.7159041684877808,0.16054092943738713,0.6328664857778064,0.6437422022881594,1
0.3310247683790689,0.50115286511446,0.9574397433414712,0.14474110351537287,1
0.3217571032446443,0.7656325342227235,0.23144748956851113,0.7265132825460513,1
0.38444947659494216,0.6181925286341902,0.8640380416722642,0.8287946125350261,1
0.41511945340731987,0.38011148646515697,0.5069868852687607,0.5853824479667302,1
0.22781740955571553,0.48471957092492673,0.13800552580707529,0.09452547035692974,1
0.874059308730691,0.630840856949969,0.4054051757284438,0.10086229950912966,1
0.7121624813010407,0.5447075480488814,0.96847228336394,0.013123597470318327,1
0.7610795295908301,0.45186539123877295,0.5596657633624637,0.007763171973293231,1
0.8288480896516253,0.09397802015177133,0.5342224985467349,0.7651047893347422,1
0.8613754167048396,0.8113227797429958,0.12353751432028083,0.7874005167750897,1
0.5842444724495738,0.7072122828792734,0.45949271757360133,0.7555677211992904,1
0.07323938299625363,0.21582856742420914,0.7865348873597348,0.31600764580965107,1
0.49039094488078333,0.9536009414075843,0.6618623636033649,0.2112524298271668,1
0.4494189256623964,0.9592310580481455,0.5198155274799818,0.695557992656246,1
0.6887648542385374,0.1026625792653681,0.6098167078695849,0.5413508442399334,1
0.7739496962288265,0.9438609435186286,0.1138129455369632,0.019337841324850207,1
0.27823616768688086,0.06650136615800123,0.8403821043527787,0.47659615524047294,1
0.8503810272165268,0.334929334237286,0.19988708155451962,0.22348654976353435,1
0.027187954273907255,0.36376525448075425,0.4398667065214714,0.6644306233367204,1
0.6020334745023883,0.46765634630824815,0.25631606429909753,0.6599072904925404,1
0.02937803423772676,0.30183575435318577,0.04710076297430228,0.91621025142816,1
0.6424373833023747,0.48474088854100494,0.05779433700806395,0.6948155653002491,1
0.12594385455850982,0.8189092196738931,0.15717546322979442,0.016276978265251024,1
0.2444607331058257,0.07307338841306474,0.14717067495386724,0.4708660423978324,1
0.03746713659342706,0.167232912803575,0.7342326736396194,0.17957257755982722,1
0.6226789769103382,0.8406151348371301,0.7859038149654264,0.5304813222896739,1
0.5375551634056454,0.37476391535799003,0.09353689932668023,0.3049049293164501,1
0.830220609025994,0.9552956183030004,0.666734272668537,0.4327275252243518,1
0.8040942846621415,0.9558909241510574,0.17376479428962296,0.4960409326276032,1
0.2773637134634,0.42466955455921523,0.1249856271593168,0.23599221913003096,1
0.2599874216358906,0.853009405818232,0.43056327467172784,0.5345689548241939,1
0.15728722843349205,0.4994440681947951,0.9773826487741084,0.5006981897455145,1
0.22197488016190975,0.37814014650168276,0.5249029269079952,0.8378685864243438,1
0.14966545143551005,0.9263190872237335,0.27406846525764084,0.7273538826742872,1
0.6430606937371472,0.34776736333391367,0.3227411263507053,0.9101182427354364,1
0.535254694866513,0.912983614105062,0.733591462513754,0.1782939348378451,1
0.8773525370483408,0.2937382561314927,0.697490861871433,0.35574285393810456,1
0.42533768680855616,0.21657492240683518,0.7306895542349658,0.07300830419003004,1
0.569210065030693,0.12178141415672135,0.8533061106938427,0.32041137456002594,1
0.8354693144398622,0.8892891214171165,0.35793130513783333,0.6368198342448975,1
0.2510802663297659,0.8392783774511519,0.24461531411067453,0.034143817958198944,1
0.2570881335633048,0.9213378040142473,0.08900230564949504,0.3384316209622548,1
0.027654434673585027,0.4373028204533854,0.23804916480559107,0.6948233902978704,1
0.9281660984346646,0.34691295203111416,0.28695530582917994,0.1390238010380032,1
0.20525261333908146,0.40697618047935835,0.2804058553245,0.2304583660300807,1
0.05222307322260511,0.48904127378204065,0.7714071828838545,0.9404427017708744,1
